label,length,disorder_class,chi2_raw,chi2_best,phi_at_chi2_2,resolvability,rg_exp,rg_model,rg_direction,mw_ratio,sasbdb_title,priority
SASDAG8,189,folded,156.1858796220484,1.9124376417995987,0.0346416120261201,strongly reweightable,22.993548285443527,19.00294484147567,model too compact,1.4971202891238704,Flexible Structure of Peptide-Bound Filamin A Mechanosensor Domain Pair 20-21.,2.193641767829207
SASDJ84,215,folded,112.1681964789942,1.235069427547851,0.0911751949741259,strongly reweightable,26.942580072956943,22.166159878817872,model too compact,0.918988937123652,The extracellular juncture domains in the intimin passenger adopt a constitutively extended conformation inducing restraints to its sphere of action.,2.0498697370307184
SASDCP8,211,folded,96.20009624084103,1.630290787194498,0.1227381113901391,strongly reweightable,22.93091321979196,19.899798270434346,model too compact,1.0212531286515123,The SAXS Analysis of the human GTPase Rab1a,1.9831755065164542
SASDPA8,200,folded,77.11423871413632,1.3103974608787656,0.1417705772564527,strongly reweightable,23.76856535732245,20.00397560998297,model too compact,1.074249690983238,Structural plasticity of NFU1 upon interaction with binding partners: insights into the mitochondrial [4Fe-4S] cluster pathway,1.8871345755093492
SASDFK8,114,partly disordered,62.05863819683483,1.0060268652484712,0.329952842989493,strongly reweightable,29.595169813517817,32.35766321875194,model too extended,1.1675339776214702,Defects in t<sup>6</sup>A tRNA modification due to GON7 and YRDC mutations lead to Galloway-Mowat syndrome.,1.7928022412757159
SASDBW2,210,folded,45.2480010194618,1.1021306137757687,0.0806091490310035,strongly reweightable,22.081653813163623,20.46729133212081,model too compact,1.0722972222876357,Hybrid Structural Analysis of the Arp2/3 Regulator Arpin Identifies Its Acidic Tail as a Primary Binding Epitope.,1.655599397565675
SASDCD3,275,folded,37.958133242967726,0.9610820637894378,0.2986114624484688,strongly reweightable,26.98146096984308,25.68252502986427,Rg agrees,0.97960232077291,"Segmental, Domain-Selective Perdeuteration and Small-Angle Neutron Scattering for Structural Analysis of Multi-Domain Proteins.",1.5793048459519556
SASDDE3,122,partly disordered,37.31661707867534,1.1845022510776928,0.2660893890966525,strongly reweightable,20.050288437478446,17.2984628061132,model too compact,1.0982172273675728,Structure and stability of the Human respiratory syncytial virus M<sub>2-1</sub> RNA-binding core domain reveals a compact and cooperative folding unit.,1.5719022660858204
SASDEC9,257,folded,29.23860989321664,1.3078382847229622,0.0435763641796266,strongly reweightable,21.970055854390587,24.25231377822099,model too extended,0.9531288667672224,Structural insights into the mechanism of c-di-GMP-bound YcgR regulating flagellar motility in <i>Escherichia coli</i>.,1.4659567208830722
SASDC35,311,folded,24.200181666554297,0.4432041819653187,0.1356694957089078,strongly reweightable,29.626938869776883,35.98239269961801,model too extended,1.0005971399890996,Ca2+ - Induced Structural Change of Multi-Domain Collagen Binding Segments of Collagenases ColG and ColH from Hathewaya histolytica,1.383818626165801
SASDE79,314,folded,23.56799037755297,1.142999000849616,0.322666431576051,strongly reweightable,31.500343110147075,35.18075706259929,model too extended,1.5178160197630144,Functional Relevance of Interleukin-1 Receptor Inter-domain Flexibility for Cytokine Binding and Signaling.,1.3723225521828522
SASDDL7,128,folded,22.94403679146956,1.7528293324590711,0.0214134187396854,strongly reweightable,17.262606206058717,16.02283029588474,model too compact,1.0880009651968965,Biophysical insights from a single chain camelid antibody directed against the Disrupted-in-Schizophrenia 1 protein.,1.3606698303928404
SASDJK6,209,disordered,162.38147947677345,1.6008209866771628,0.0429456208946353,strongly reweightable,38.21268048362726,52.70673962988518,model too extended,1.5717487006334891,Order from disorder in the sarcomere: FATZ forms a fuzzy but tight complex and phase-separated condensates with α-actinin.,1.3263218963973409
SASDJX3,190,partly disordered,20.70586710152297,1.0225747473132931,0.3819309705380785,strongly reweightable,29.754457105952124,25.53376580657576,model too compact,1.413821697026326,BonA from <i>Acinetobacter baumannii</i> Forms a Divisome-Localized Decamer That Supports Outer Envelope Function.,1.3160934222096397
SASDKU8,103,partly disordered,19.94735774567947,1.111591467373282,0.0468233256015949,strongly reweightable,29.677099235126654,19.968405047867385,model too compact,1.0742590521991433,An Integrative Structural Biology Analysis of Von Willebrand Factor Binding and Processing by ADAMTS-13 in Solution.,1.2998853765907552
SASDVL7,114,partly disordered,19.525471229053867,1.2000248874257868,0.0774674194044297,strongly reweightable,19.753090206209997,17.144020790013943,model too compact,0.87257043669034,Dimerization of ADAR1 modulates site-specificity of RNA editing,1.290601523968454
SASDJX7,302,folded,19.446506844273088,1.0647435268104184,0.3657176024137084,strongly reweightable,26.146451397669374,27.17157626268188,Rg agrees,0.9830439377270592,A salivary factor binds a cuticular protein and modulates biting by inducing morphological changes in the mosquito labrum.,1.2888416008029984
SASDBX2,388,partly disordered,336.0669401656219,1.491646078964466,0.1248867678200106,strongly reweightable,31.30721062717448,28.586969320799486,model too compact,0.8926468909736425,Hybrid Structural Analysis of the Arp2/3 Regulator Arpin Identifies Its Acidic Tail as a Primary Binding Epitope.,1.2632128959106932
SASDDD9,137,folded,18.112588158687046,0.9919589487213069,0.239874776691584,strongly reweightable,18.9559063984566,21.25128128362962,model too extended,1.0000833672079938,A Highly Conserved Yet Flexible Linker Is Part of a Polymorphic Protein-Binding Domain in Myosin-Binding Protein C.,1.257980512308804
SASDTS5,177,partly disordered,15.847292933452056,0.998649769987059,0.1208904902474345,strongly reweightable,22.123223122068904,30.078927831644297,model too extended,0.9933998471610732,The Chlamydia pneumoniae effector SemD exploits its host’s endocytic machinery by structural and functional mimicry,1.199955085829931
SASDDF6,169,disordered,69.4984922115896,0.8152747467883709,0.362561133692758,strongly reweightable,33.0817807556,40.50343968378623,model too extended,1.1182355345673405,Internal nanosecond dynamics in the intrinsically disordered myelin basic protein.,1.1051852295343008
SASDUA2,165,partly disordered,12.62694569667362,1.0682894917150507,0.3171351648427427,strongly reweightable,21.538223153890417,24.36390223402946,model too extended,0.7577758628902003,ZBP1 condensate formation synergizes Z-NAs recognition and signal transduction.,1.1012983127488516
SASDC26,410,folded,133.30857856612587,1.1245564524247804,0.0889808003358721,strongly reweightable,31.60524213430056,27.50448510801016,model too compact,0.86987165574129,Structural and functional dissection of the DH and PH domains of oncogenic Bcr-Abl tyrosine kinase.,1.062429048840667
SASDR22,156,partly disordered,11.490039364709078,1.002983133402814,0.2614739985295947,strongly reweightable,27.064681138367387,22.79791804498229,model too compact,1.1568287777144777,Invariant BECN1 CXXC motifs bind Zn(2+) and regulate structure and function of the BECN1 intrinsically disordered region.,1.0603215165774627
SASDN68,201,folded,9.646172549717893,1.2006837217312576,0.3216067620449584,strongly reweightable,21.21289085795956,19.786847827849293,model too compact,0.991905956395269,Structure of the photoreceptor synaptic assembly of the extracellular matrix protein pikachurin with the orphan receptor GPR179,0.9843550262692657
SASDBK6,133,folded,9.368473814030274,1.071129239380895,0.2073054236471233,strongly reweightable,18.99073112008637,17.505855591879023,model too compact,1.1469760613351816,The C-terminal region of the human p23 chaperone modulates its structure and function.,0.9716688472239075
SASDPY2,283,folded,9.24090543240465,1.055841357629961,0.080727260316853,strongly reweightable,24.515063971600608,34.39935950822177,model too extended,1.0589627923345175,Biochemical and structural insights into SARS-CoV-2 polyprotein processing by Mpro.,0.965714525877272
SASDDM6,264,folded,8.84922866460291,1.0262202684816129,0.4452318381327566,strongly reweightable,21.37655988307354,22.286722221284304,Rg agrees,0.8246353544925982,The X-ray structure of human calbindin-D28K: an improved model.,0.9469054174429505
SASDC53,98,disordered,37.0959039092409,0.9958752405857544,0.412005577342307,strongly reweightable,26.86851677293757,21.329021998443967,model too compact,1.0035022227574235,The Two-State Prehensile Tail of the Antibacterial Toxin Colicin N.,0.9415955747530204
SASDAW6,134,folded,8.71286253452471,1.7080318080923376,0.0280147767603163,strongly reweightable,17.948798426541245,16.45564600401395,model too compact,0.9678982711262812,Structural bases for the interaction of frataxin with the central components of iron-sulphur cluster assembly.,0.9401608620923414
SASDLS4,255,disordered,35.8050859867315,1.0286210262191915,0.1435794924476857,strongly reweightable,46.96046974149995,65.59627478258875,model too extended,1.033223160163392,The Disease Associated Tau35 Fragment has an Increased Propensity to Aggregate Compared to Full-Length Tau,0.9323668326190813
SASDQ97,340,folded,8.089240649598075,1.0302050551411082,0.3397759061647865,strongly reweightable,29.100302367256603,26.184358302407247,model too compact,1.0954241220485932,Isolation and characterization of monomeric human RAD51: a novel tool for investigating homologous recombination in cancer,0.9079077555841537
SASDBB3,140,folded,7.894534915794753,1.3820457380556963,0.0970387443373408,strongly reweightable,21.075252027461502,21.279320099572544,Rg agrees,0.7558469295079007,Dystrophin's central domain forms a complex filament that becomes disorganized by in-frame deletions.,0.8973265498663541
SASDRF8,89,disordered,29.07824243121984,1.089208320217172,0.0891845231779733,strongly reweightable,22.58955470205852,32.503933410429006,model too extended,0.9962597562294698,"Biophysical characterization of the <i>Plasmodium falciparum</i>
              circumsporozoite protein's N‐terminal domain",0.8781408918179009
SASDGP5,163,partly disordered,7.473228642309798,1.056967614065513,0.0995383005169485,strongly reweightable,26.669651342587773,28.050696998293585,model too extended,1.001899252496036,Study of the DnaB:DciA interplay reveals insights into the primary mode of loading of the bacterial replicative helicase.,0.8735082696339896
SASDEE2,187,disordered,26.9480579253961,0.7620044006591183,0.2769761549267884,strongly reweightable,30.247748697212263,38.86179153119965,model too extended,1.0002146149297648,A Metastable Contact and Structural Disorder in the Estrogen Receptor Transactivation Domain.,0.8583164833238554
SASDLH9,122,partly disordered,633.1131250437415,8.821717337596867,,target fit not reached,28.04100093582992,23.038148527803383,model too compact,0.9999870537050392,Structural Analysis of the Menangle Virus P Protein Reveals a Soft Boundary between Ordered and Disordered Regions,0.8404443950870779
SASDJT7,180,disordered,25.10412282820973,1.014622151840075,0.2055567474912512,strongly reweightable,35.034740281753216,51.00597069690098,model too extended,0.9979260274732068,Intrinsically disordered plant protein PARCL co-localizes with RNA in phase-separated condensates whose formation can be regulated by mutating the PLD,0.8398470306855641
SASDBP2,228,folded,6.778894259252769,1.4674128847999257,0.1736147150521592,strongly reweightable,24.623705434894923,23.216142814079173,model too compact,1.0542335955601383,New conformations of linear polyubiquitin chains from crystallographic and solution-scattering studies expand the conformational space of polyubiquitin.,0.8311588596092219
SASDF37,89,folded,6.633330548911863,1.372868207963855,0.049609588680049,strongly reweightable,18.744939526615312,17.086176071285433,model too compact,1.283886979763268,Structural and mechanistic insights into the interaction of the circadian transcription factor BMAL1 with the KIX domain of the CREB-binding protein.,0.8217316393896723
SASDCK7,347,folded,6.303820966532098,1.366427440284708,0.2100425842124802,strongly reweightable,27.56099874662891,26.814085051866,Rg agrees,1.0134792743488408,Structural Dynamics Control Allosteric Activation of Cytohesin Family Arf GTPase Exchange Factors.,0.799603870352168
SASDJF6,78,partly disordered,5.897015253093152,0.9708898752347904,0.4245496395777204,strongly reweightable,23.063329812643,18.21668010877812,model too compact,1.2794693784593645,Structural Characterization of Plant Metallothionein,0.7706322511160499
SASDRX9,465,partly disordered,30.981114788052256,1.2494643915598482,0.0629214270182226,strongly reweightable,48.94188573932439,63.629859809238575,model too extended,1.080554540590228,"Structural and biochemical characterization of the C‐terminal region of the human <scp>RTEL</scp>
              1 helicase",0.7455485204234885
SASDCA6,87,folded,5.434104310146779,1.0196666432596972,0.2065641105474105,strongly reweightable,15.292585504608953,14.093502939428692,model too compact,0.8341930698134443,Small angle X-ray scattering as a complementary tool for high-throughput structural studies.,0.7351279706454273
SASDPW6,79,folded,5.336221346525691,1.5425146655144824,0.118689972903854,strongly reweightable,16.213247803097953,14.969470302955289,model too compact,1.0032145104946797,Binding by calmodulin is coupled to transient unfolding of the third FF domain of Prp40A.,0.7272338358224619
SASDSV9,255,partly disordered,5.200346288500211,1.061429404504554,0.4451369923108917,strongly reweightable,31.767099566376483,38.71888302208271,model too extended,1.005852966973641,Dynamic ensembles of SARS-CoV-2 N-protein reveal head-to-head coiled-coil-driven oligomerization and phase separation.,0.7160322640535375
SASDGB5,196,folded,241.73268107872892,45.89023154559184,,target fit not reached,27.275360520121342,20.89316252402488,model too compact,1.0034459685352148,The dual PDZ domain from Postsynaptic density protein 95 forms a scaffold with peptide ligand,0.7150006106614156
SASDAN2,150,folded,5.025638487034379,1.2415346598131194,0.1948067180916682,strongly reweightable,16.28254805251888,18.071181159227397,model too extended,0.8808784970876335,Standard proteins,0.7011912449543527
SASDKK9,289,folded,5.013386218038124,1.1104874133824727,0.4433369362646255,strongly reweightable,28.50130674916844,25.40354332265277,model too compact,0.9930441769243632,"The structure and flexibility analysis of the <i>Arabidopsis</i>
              synaptotagmin 1 reveal the basis of its regulation at membrane contact sites",0.700131162802117
SASDBP4,229,folded,5.003099141872897,1.6014387297748434,0.1818346015367948,strongly reweightable,20.67929229890567,20.66147328363174,Rg agrees,0.4858578006338578,Structural basis of the interaction between the putative adhesion-involved and iron-regulated FrpD and FrpC proteins of Neisseria meningitidis.,0.699239108988089
SASDQ26,64,disordered,13.701252031223486,0.9169352560893428,0.4091302489432877,strongly reweightable,22.85731108078961,28.54844576574483,model too extended,0.9926434924371744,Master corepressor inactivation through multivalent SLiM-induced polymerization mediated by the oncogene suppressor RAI2.,0.6820561530853744
SASDRA6,102,disordered,13.461792858785977,1.0388955187487865,0.1028620322667772,strongly reweightable,26.117669783313424,36.21384507937053,model too extended,1.4192555795447652,An Arg/Ala-rich helix in the N-terminal region of M. tuberculosis FtsQ is a potential membrane anchor of the Z-ring.,0.6774617421805861
SASDFD3,298,folded,4.6277561755561125,0.8824650206070167,0.4524138275452111,strongly reweightable,26.893577801955573,26.059869520791672,Rg agrees,0.7423766013047431,Critical Structural Defects Explain Filamin A Mutations Causing Mitral Valve Dysplasia.,0.6653704690351006
SASDNS3,393,partly disordered,21.20887546926848,0.9727055760100718,0.4005221158397872,strongly reweightable,46.829469069215335,39.24580199473704,model too compact,1.3214677723212152,Latent TGFβ complexes are transglutaminase cross-linked to fibrillin to facilitate TGFβ activation.,0.6632588210466236
SASDLF9,133,disordered,12.231109394738082,0.9610706825345224,0.1263921542450815,strongly reweightable,33.05699054942868,46.28328078234075,model too extended,1.1824305355089164,"Identification of a Region in the Common Amino-terminal Domain of Hendra Virus P, V, and W Proteins Responsible for Phase Transition and Amyloid Formation",0.6524795103049377
SASDQ98,203,folded,4.449755559361148,1.4381703255763696,0.0232147136301857,strongly reweightable,21.241458635343182,19.47789185125559,model too compact,0.8648978000614467,DPCD is a regulator of R2TP in ciliogenesis initiation through Akt signaling.,0.6483361543210661
SASDB53,333,folded,143.65384320265284,14.047886276982542,,target fit not reached,40.02064760007719,38.96562104671693,Rg agrees,1.1038545301540594,Dystrophin's central domain forms a complex filament that becomes disorganized by in-frame deletions.,0.6471951747775645
SASDF34,271,disordered,11.95754399655002,1.0066405365420796,0.3434766594515062,strongly reweightable,46.21389424619515,61.07191454471328,model too extended,0.902553092771476,Interplay of Protein Disorder in Retinoic Acid Receptor Heterodimer and Its Corepressor Regulates Gene Expression.,0.6465851924932208
SASDPD7,351,partly disordered,18.83711511312625,1.1812941010594238,0.2462528388414648,strongly reweightable,28.30538820526228,25.68634014382304,model too compact,0.9601873477123918,The conserved yeast protein Knr4 involved in cell wall integrity is a multi-domain intrinsically disordered protein.,0.637507195874268
SASDEE9,186,partly disordered,4.329673800725375,0.978398918544472,0.2707314908611354,strongly reweightable,22.078610169930293,24.441025101832118,model too extended,0.9791622925465956,DNA processing by the MOBH family relaxase TraI encoded within the gonococcal genetic island.,0.6364551776740486
SASDUL2,287,folded,4.247967112043567,1.624442749018969,0.1307631117253188,strongly reweightable,23.386662922140715,21.275389924824538,model too compact,0.9864073073053328,Structural basis of the monkeypox virus mRNA cap N7 methyltransferase complex.,0.6281811457586081
SASDED9,407,folded,17.822836102709058,1.6349141512035743,0.0175831843541699,strongly reweightable,26.43372130722642,28.63543194554659,model too extended,0.9140245519986974,DNA processing by the MOBH family relaxase TraI encoded within the gonococcal genetic island.,0.6254884066897239
SASDK42,364,folded,16.271852944146385,0.98362203960822,0.4010839274426904,strongly reweightable,31.48987735994072,27.94880504360972,model too compact,0.9861696711289774,The lytic polysaccharide monooxygenase CbpD promotes Pseudomonas aeruginosa virulence in systemic infection.,0.6057185053435891
SASDGZ5,454,partly disordered,15.297216129022422,1.0313459225564516,0.2530298356680413,strongly reweightable,31.355147364740468,27.86728199819266,model too compact,0.9982249212136276,Suppressor of Fused,0.5923062013627459
SASDCJ6,288,folded,3.863234817833285,1.6913154025211117,0.0447171437320875,strongly reweightable,22.62082201980893,21.368337212510827,model too compact,1.1632075424562958,Small angle X-ray scattering as a complementary tool for high-throughput structural studies.,0.5869511065372285
SASDNG9,197,folded,86.35206798541259,8.142818081983267,,target fit not reached,18.47181282473149,20.908229989874133,model too extended,0.9574225091855576,"ARL15, a GTPase implicated in rheumatoid arthritis, potentially repositions its truncated N-terminus as a function of guanine nucleotide binding",0.5808818227930436
SASDL26,273,folded,3.808780249917931,0.8418377598637171,0.3640813522173449,strongly reweightable,25.44953543642256,28.629563179934003,model too extended,1.104475703710002,"Molecular insights on CALX-CBD12 inter-domain dynamics from MD simulations, RDCs and SAXS.",0.5807859164779281
SASDJH6,51,disordered,40.719840401228986,0.9952973505012038,0.5167705851326122,modestly reweightable,18.877000305256832,16.867675088792478,model too compact,1.5686538149100535,Structural Characterization of Plant Metallothionein,0.5795301841714834
SASDTE2,449,partly disordered,13.999869753188262,1.0954267729410962,0.1160277764699663,strongly reweightable,48.74204099460493,53.481289156488494,model too extended,1.0725269643130837,"CELSR1, a core planar cell polarity protein, features a weakly adhesive and flexible cadherin ectodomain.",0.5730619976343065
SASDJZ6,211,folded,3.707624349397432,1.2341215340651748,0.2399554618018634,strongly reweightable,24.451750623018825,24.587725108130208,Rg agrees,0.7528464911597342,Elucidating Collagen Degradation Synergy between Col G and Col H from Hathewaya (Clostridium) histolytica and Identifying novel structural features in HPT and REC domains from VarS histidine kinase in V. alginolyticus,0.5690957256752012
SASDS37,362,partly disordered,13.710958440736354,1.039458083102987,0.3731756726877757,strongly reweightable,31.866460871017274,53.79073634579696,model too extended,1.2216859320280071,Solution conformation of HrpZ2 protein from Pseudomonas syringae,0.5685339072260558
SASDQC9,162,folded,3.694011914602019,0.9930297266062196,0.4921572796137777,strongly reweightable,23.729502310347907,26.011796173894325,model too extended,1.0063840458911122,"Structural basis of DNA binding by YdaT, a functional equivalent of the CII repressor in the cryptic prophage CP-933P from <i>Escherichia coli</i>
              O157:H7",0.567498291872378
SASDB93,429,folded,13.59511287325294,0.9040892499485118,0.1911951288833701,strongly reweightable,45.12678608267552,54.3201547120224,model too extended,0.8749682374543927,Dystrophin's central domain forms a complex filament that becomes disorganized by in-frame deletions.,0.5666914088314693
SASDRW6,109,partly disordered,8.493375868144533,1.0492999943775896,0.7280224143011818,modestly reweightable,20.46919693312436,22.992838982953177,model too extended,1.1426257371406308,"Structural-function relationship of YdaS, a Cro-type repressor in the cryptic prophage CP-933P from Escherichia coli O157:H7",0.5574482063370523
SASDD85,483,partly disordered,12.70311600710158,0.9905538206061684,0.3883610778924407,strongly reweightable,38.81275981879835,34.82032504036784,model too compact,0.9399821403393324,Probing the Architecture of a Multi-PDZ Domain Protein: Structure of PDZK1 in Solution.,0.5519551320804148
SASDA47,351,partly disordered,12.37371357661756,1.2217683547075049,0.1876634972384861,strongly reweightable,71.9161936187573,68.00924264134542,model too compact,0.8001104668644584,Cooperative folding of intrinsically disordered domains drives assembly of a strong elongated protein.,0.5462500294344361
SASDF38,199,folded,64.12707963262973,8.987415765405782,,target fit not reached,27.52787754026244,28.88067925893764,Rg agrees,0.776495786724885,Molecular basis of F-actin regulation and sarcomere assembly via myotilin,0.5421124387380925
SASDCU2,373,partly disordered,11.737958408870252,1.1778798318129429,0.2676147946107026,strongly reweightable,49.36273264837064,40.06893656936642,model too compact,0.986146982859826,Interactome Rewiring Following Pharmacological Targeting of BET Bromodomains.,0.5347962831719199
SASDF52,259,partly disordered,7.775759419563619,1.0149212461342585,0.7581549146462475,modestly reweightable,30.30809201467102,29.57900293461895,Rg agrees,0.5184087653114486,"Structure, dynamics and roX2-lncRNA binding of tandem double-stranded RNA binding domains dsRBD1,2 of Drosophila helicase Maleless.",0.5344456890851673
SASDB76,317,folded,3.387880589946824,1.398241918229438,0.0321253605911756,strongly reweightable,36.58720342695236,34.65576287780197,model too compact,1.046296026304912,Structural basis of myelin-associated glycoprotein adhesion and signalling.,0.5299280946807805
SASDBD9,274,folded,3.3796259520470158,1.6822503246538925,0.0427387563789818,strongly reweightable,24.36362591441428,28.862961779404127,model too extended,0.9810601450553066,Highly selective tungstate transporter protein TupA from Desulfovibrio alaskensis G20.,0.528868636386763
SASDCG6,171,folded,3.3614180560063,1.7832067095217188,0.0420476654823057,strongly reweightable,18.510789645644085,17.44983215533514,model too compact,1.0902651096523357,Small angle X-ray scattering as a complementary tool for high-throughput structural studies.,0.5265225285736186
SASDEJ3,352,partly disordered,11.285372426884429,0.9078739181502044,0.1722799286592347,strongly reweightable,25.64205940159557,27.148635531699004,model too extended,0.9752694924563888,Quantitative live-cell imaging and 3D modeling reveal critical functional features in the cytosolic complex of phagocyte NADPH oxidase.,0.5262579478686965
SASDBT2,162,folded,3.277463688546601,1.222132546420263,0.1889306875936183,strongly reweightable,17.89105911617694,17.7025031688419,Rg agrees,0.973537430806254,Hybrid Structural Analysis of the Arp2/3 Regulator Arpin Identifies Its Acidic Tail as a Primary Binding Epitope.,0.5155378887828087
SASDL49,459,partly disordered,10.542162470487597,1.0798558702625307,0.1747740153725721,strongly reweightable,44.155490807125325,55.81835358453628,model too extended,0.9804548540027582,Dimerization-dependent membrane tethering by Atg23 is essential for yeast autophagy.,0.5114648525289455
SASDJE2,34,partly disordered,6.77370435787057,1.1093563170226797,0.8100664261515123,modestly reweightable,15.554020967405588,14.512568430398408,model too compact,0.8462892944404253,Towards improved understanding of intersubunit interactions in modular polyketide biosynthesis: docking in the enacyloxin IIa polyketide synthase.,0.4984957426174662
SASDLJ9,62,disordered,584.1016955401697,5.0866707721555,,target fit not reached,24.26268893160696,17.982711506452656,model too compact,0.9999349686146148,Structural Analysis of the Menangle Virus P Protein Reveals a Soft Boundary between Ordered and Disordered Regions,0.49796792404538553
SASDBB9,400,folded,9.816834061619282,1.012322686473775,0.1477604498863461,strongly reweightable,34.69894772572521,34.69801582906764,Rg agrees,1.0215759541721927,"Structural and biochemical analysis of <i>Escherichia coli</i> ObgE, a central regulator of bacterial persistence.",0.4959857249904078
SASDSG5,150,partly disordered,44.66290050540579,5.7287922284995485,,target fit not reached,24.58172062202605,32.84361237979584,model too extended,1.1199608760333972,The structure of the second CysD domain of MUC2 and role in mucin organization by transglutaminase-based cross-linking.,0.4949840771024122
SASDSV2,70,partly disordered,44.48300513275042,2.6769013669877246,,target fit not reached,18.0222942114448,14.733878054274063,model too compact,1.0002271268944305,Solution scattering of the tandem zinc finger (TZF) domain from the tristetraprolin (TTP) family member found in Selaginella moellendorffii (spikemoss) in the presence and absence of 9-mer RNA,0.4944582357427393
SASDE93,109,folded,44.35485410154149,41.37151291615089,,target fit not reached,35.365598779422015,15.76026389421324,model too compact,1.0212392227348277,Decoupling of size and shape fluctuations in heteropolymeric sequences reconciles discrepancies in SAXS vs. FRET measurements.,0.49408234651180943
SASDAZ4,243,folded,6.634150327311234,0.9822088574595672,0.5890437646704221,modestly reweightable,29.6991358606513,24.207006272621744,model too compact,1.2675937485173705,The central portion of factor H (modules 10-15) is compact and contains a structurally deviant CCP module.,0.49307118494517554
SASDBP9,378,partly disordered,9.450620138769684,1.0795198487744555,0.1238449300609693,strongly reweightable,39.56569269567406,47.09240958507152,model too extended,1.105199705760273,Disease Variants of FGFR3 Reveal Molecular Basis for the Recognition and Additional Roles for Cdc37 in Hsp90 Chaperone System.,0.48773015367310596
SASDJM5,379,partly disordered,9.332919972946826,1.049136873956036,0.1491024208163068,strongly reweightable,31.649923348728528,38.20226334503773,model too extended,0.8932753896943507,Tandem RNA binding sites induce self-association of the stress granule marker protein TIA-1.,0.4850087709482232
SASDT45,218,partly disordered,41.33522184890244,27.01124718820214,,target fit not reached,33.589216805493976,29.761638558577324,model too compact,0.7393879346676825,Rapid simulation of glycoprotein structures by grafting and steric exclusion of glycan conformer libraries.,0.4848960818572798
SASDEX6,476,partly disordered,9.097352452556876,1.2767139040456337,0.0867532653333652,strongly reweightable,29.40594008682406,25.573541372743044,model too compact,0.9996155478602916,Structural interpretations of a flexible cold-active AMS8 lipase by combining small-angle X-ray scattering and molecular dynamics simulation (SAXS-MD).,0.47945751030665756
SASDRH9,214,partly disordered,39.19101813917819,3.531372709184053,,target fit not reached,25.72386639661517,32.62281622459804,model too extended,1.1406692006789882,The acidic intrinsically disordered region of the inflammatory mediator HMGB1 mediates fuzzy interactions with CXCL12.,0.4779559638340657
SASDCP5,148,partly disordered,38.26635881088082,12.602700023770868,,target fit not reached,20.956718479288742,18.30593830291529,model too compact,1.1411623880084252,The vaccinia virus DNA polymerase structure provides insights into the mode of processivity factor binding.,0.4748451418271986
SASDJF5,203,folded,2.969787855879276,1.4103677818183349,0.3859685865521032,strongly reweightable,20.867592073543776,20.359838222117,Rg agrees,0.976628394671516,A molecular mechanism for LINC complex branching by structurally diverse SUN-KASH 6:6 assemblies.,0.47272542699006087
SASDAB4,413,folded,8.745815224261616,1.6046282513904548,0.2007992827492614,strongly reweightable,35.68399313363872,34.447432710821936,Rg agrees,1.0061909177270485,The Vibrio cholerae colonization factor GbpA possesses a modular structure that governs binding to different host surfaces.,0.47090014881111547
SASDAB5,321,partly disordered,6.090551516254599,0.9819623707647128,0.8377852506336153,modestly reweightable,31.660333642537942,29.526618254798237,model too compact,1.0322203615788537,The PHD and chromo domains regulate the ATPase activity of the human chromatin remodeler CHD4.,0.4707939725867306
SASDM75,476,folded,8.73985594219691,1.8385624874404052,0.0422839122079436,strongly reweightable,31.683341944875067,30.245924379670264,Rg agrees,1.0565819682628268,Pathogen-specific structural features of Candida albicans Ras1 activation complex: uncovering new antifungal drug targets.,0.4707521371395947
SASDRN5,222,partly disordered,36.06437998237714,8.788877927181519,,target fit not reached,34.49980598363521,38.52896287327576,model too extended,1.3379557461240863,Structural and functional analysis of a plant nucleolar RNA chaperone-like protein.,0.46712354106418685
SASDB64,380,folded,8.550023665365819,1.3978307946841673,0.163191128305537,strongly reweightable,37.89283164232851,40.17811562444568,model too extended,1.0068530076987634,Low sequence identity but high structural and functional conservation: The case of Hsp70/Hsp90 organizing protein (Hop/Sti1) of Leishmania braziliensis.,0.465983658400552
SASDH24,187,folded,32.48267819991605,3.570720358262589,,target fit not reached,18.05573254910537,16.68279397024202,model too compact,0.7985783284037127,Structural and Biophysical Analysis of the CLCA1 VWA Domain Suggests Mode of TMEM16A Engagement.,0.4534955489000548
SASDVV6,74,partly disordered,2.8384633684213187,1.4867502514404085,0.2414754123991325,strongly reweightable,28.341010059830506,29.27338503217543,Rg agrees,1.1297425543900628,Dynamic Interchange of Local Residue-Residue Interactions in the Largely Extended Single Alpha-Helix in Drebrin,0.4530832938423407
SASDET2,99,disordered,5.687628648506263,1.1736706458357231,0.1839400059467358,strongly reweightable,29.979239477627683,33.60738959135351,model too extended,1.543584984998838,Decoupling of size and shape fluctuations in heteropolymeric sequences reconciles discrepancies in SAXS vs. FRET measurements.,0.4529587398514434
SASDH95,259,partly disordered,5.49044007244031,0.9639856296787934,0.9080374476246926,modestly reweightable,26.475632479482893,28.431943405179425,model too extended,1.2190323407837371,Structure of the PCBP2/stem-loop IV complex underlying translation initiation mediated by the poliovirus type I IRES.,0.44376429337747003
SASDSB9,281,folded,29.977216472904825,4.189015392765554,,target fit not reached,20.682620208733027,21.389435414835383,Rg agrees,0.7102540487846914,SAXS/WAXS data of conformationally flexible ribose binding protein,0.44303739122298497
SASDAT3,194,folded,29.92319712987097,7.94023862824236,,target fit not reached,20.742034504696942,23.32861870712098,model too extended,0.831350628065606,Atomic structures of two novel immunoglobulin-like domain pairs in the actin cross-linking protein filamin.,0.44280239809811806
SASDBX9,110,folded,27.59923970947003,15.286565061476615,,target fit not reached,27.485297787609426,17.076885458801726,model too compact,1.001677208317607,Molecular Architecture of the Major Membrane Ring Component of the Nuclear Pore Complex.,0.43226913554859003
SASDMX9,239,folded,5.198732246272499,1.509932344456458,0.6244468341775534,modestly reweightable,20.9964756963414,20.5379418208158,Rg agrees,1.04723776548057,Sas20 is a highly flexible starch-binding protein in the Ruminococcus bromii cell-surface amylosome,0.42953847015306906
SASDMQ9,285,folded,25.78368891416044,10.368512432137605,,target fit not reached,36.92427935771512,35.138739275918724,Rg agrees,0.917375278228178,The Structure of the FnIII Tandem A77-A78 Points to a Periodically Conserved Architecture in the Myosin-Binding Region of Titin,0.4234035158034258
SASDUR3,51,disordered,14.86988987460703,1.0100825744077928,0.532257087324085,modestly reweightable,20.82789397547116,17.653326212572843,model too compact,1.2130416937385442,Dissecting Henipavirus W proteins conformational and fibrillation properties: contribution of their N- and C-terminal constituent domains.,0.4220307907842498
SASDJC4,290,folded,2.592342262939117,1.6528343628307365,0.2619320274490799,strongly reweightable,24.327093149238344,24.317482249225275,Rg agrees,1.080253005658629,Unique Structural Features of Mammalian NEIL2 DNA Glycosylase Prime Its Activity for Diverse DNA Substrates and Environments.,0.41369234021276874
SASDNC7,394,folded,23.67700960297968,1.025876205837854,0.5192584873282741,modestly reweightable,26.431468391559505,29.58599090782116,model too extended,1.0240801311534962,Herpes simplex virus 1 protein pUL21 alters ceramide metabolism by activating the inter-organelle transport protein CERT,0.4122980550875454
SASDSS6,376,partly disordered,6.664186901110858,0.927742108761062,0.4711202345342983,strongly reweightable,45.78468967287291,51.04828172070112,model too extended,0.9999859767392334,Domain deletion constructs of hHR23B,0.4118735843091243
SASDLF3,252,partly disordered,22.616245896519047,3.522203177828554,,target fit not reached,44.83394987044664,39.80211854548519,model too compact,1.1646386073463293,A structural basis for Staphylococcal complement subversion: X-ray structure of the complement-binding domain of Staphylococcus aureus protein Sbi in complex with ligand C3d,0.40632615522014803
SASDTA2,80,disordered,13.396766131980447,0.9564722492482904,0.525237118037766,modestly reweightable,22.53150109032888,26.702088937707117,model too extended,1.4603218911297715,A prion-like domain is required for phase separation and chloroplast RNA processing during cold acclimation in Arabidopsis.,0.4057199913372867
SASDPK4,115,partly disordered,4.710055773628192,0.9991954488116456,0.7856853041080772,modestly reweightable,22.187049998278656,19.82442080064502,model too compact,0.9272703247996128,"Crystallographic and X-ray scattering study of RdfS, a recombination directionality factor from an integrative and conjugative element",0.4038156298869615
SASDN65,197,folded,4.657164461735748,0.929763553882751,0.8067422237988517,modestly reweightable,18.998194594497605,18.912995048969105,Rg agrees,1.2945106504442143,"Ca <sup>2+</sup>
              ‐induced structural changes and intramolecular interactions in N‐terminal region of diacylglycerol kinase alpha",0.4008729448506631
SASDBY9,226,folded,21.458829797876025,2.7887441606260537,,target fit not reached,28.006876077328062,26.46950062263565,model too compact,1.013610955764688,Molecular Architecture of the Major Membrane Ring Component of the Nuclear Pore Complex.,0.3994818105427272
SASDB84,153,disordered,4.550120313198536,1.1959402482365058,0.1916278645677153,strongly reweightable,17.42062469296394,16.30409732365514,model too compact,0.811880940782653,Calcium-Driven Folding of RTX Domain β-Rolls Ratchets Translocation of RTX Proteins through Type I Secretion Ducts.,0.3948137281921676
SASDTP5,440,partly disordered,427.7960597864404,8.343375628509929,,target fit not reached,36.39055865597784,47.44563060640268,model too extended,1.0927967599491797,Trypanosoma brucei Invariant Surface Glycoprotein 75 Is an Immunoglobulin Fc Receptor Inhibiting Complement Activation and Antibody-Mediated Cellular Phagocytosis.,0.39468551702800275
SASDED2,267,disordered,155.62165583942772,13.70556811355493,,target fit not reached,36.30915034712512,50.603127941207646,model too extended,0.9991311477176232,Solution model of the intrinsically disordered polyglutamine tract-binding protein-1.,0.39457260575405245
SASDV74,80,folded,2.46589930142594,1.8373339115129967,0.1104940489020017,strongly reweightable,14.08041935723002,13.429353012652893,Rg agrees,1.5355785395598356,Semi-synthesis of TDP-43 reveals the effects of phosphorylation in N-terminal domain on self-association,0.39197533757683184
SASDAY4,362,folded,394.372146909623,68.6300474079285,,target fit not reached,29.480506902127026,27.92671742960586,model too compact,1.123774749611992,The central portion of factor H (modules 10-15) is compact and contains a structurally deviant CCP module.,0.3893859352035826
SASDGR2,183,folded,2.4155586971623246,1.7655763585482631,0.0975474176977734,strongly reweightable,21.391062863054877,19.16163406826743,model too compact,1.332148991685604,The domain architecture of protozoan protein J-DNA-binding protein 1 suggests synergy between base J DNA binding and thymidine hydroxylase activity.,0.38301759514233874
SASDNM3,224,folded,2.4142646899363336,1.3520227464882324,0.1269464867572451,strongly reweightable,29.43887111604568,27.504215172400595,model too compact,1.020190752127785,SPACA6 ectodomain structure reveals a conserved superfamily of gamete fusion-associated proteins.,0.3827848826117983
SASDM65,292,partly disordered,4.336348587679039,0.985919347237367,0.8971186072336009,modestly reweightable,35.862684366923666,37.291842641975904,Rg agrees,1.135161536554655,Pathogen-specific structural features of Candida albicans Ras1 activation complex: uncovering new antifungal drug targets.,0.3822745120361493
SASDD43,187,folded,2.34950266074906,1.2128994707552636,0.4628218694460635,strongly reweightable,17.47467396485706,17.24291713129892,Rg agrees,0.8825298797651102,MbsTA,0.3709759411861595
SASDQN5,412,partly disordered,287.9618422381186,106.3802535492633,,target fit not reached,18.75510322293321,27.310541494508684,model too extended,0.500357102688723,Structural and molecular determinants of Candida glabrata metacaspase maturation and activation by calcium.,0.368900241495481
SASDUG3,283,partly disordered,16.407320169220238,2.146518312484865,,target fit not reached,29.15323482319129,30.81249565435158,model too extended,1.0560801979281451,The disordered C-terminal tail of fungal LPMOs from phytopathogens mediates protein dimerization and impacts plant penetration.,0.36451129587423914
SASDAT4,335,partly disordered,15.60628372494329,4.298075731596184,,target fit not reached,27.5847850061949,26.23349512611688,Rg agrees,1.2710287652739805,A flexible multidomain structure drives the function of the urokinase-type plasminogen activator receptor (uPAR).,0.3579898494600748
SASDRK5,103,folded,15.51153312067239,2.2970000271844917,,target fit not reached,15.55480963881323,14.755290903102582,model too compact,0.9206994482885618,A hemoprotein with a zinc-mirror heme site ties heme availability to carbon metabolism in cyanobacteria.,0.35719641735071117
SASDHF8,24,partly disordered,3.92530419608576,1.0156977225239348,0.8676570158735758,modestly reweightable,13.6809685461946,14.898136436889333,model too extended,1.1121942865423504,Comment on the Optimal Parameters to Derive Intrinsically Disordered Protein Conformational Ensembles from Small-Angle X-ray Scattering Data Using the Ensemble Optimization Method,0.35632399112962293
SASDDE8,235,partly disordered,3.841308177795279,1.0023773213854974,0.7628019771547406,modestly reweightable,23.67302564056997,22.412660776435576,model too compact,0.9568137243798488,Integrin α6β4 Recognition of a Linear Motif of Bullous Pemphigoid Antigen BP230 Controls Its Recruitment to Hemidesmosomes.,0.350687490502748
SASDUL9,76,disordered,9.379028642886936,1.0090278713405307,0.6515467361219146,modestly reweightable,25.490139065991244,28.491718245353027,model too extended,1.559514540451497,A genetically encoded anomalous SAXS ruler to probe the dimensions of intrinsically disordered proteins.,0.34997683037976096
SASDAR3,205,partly disordered,14.026863102565834,2.6707576145927003,,target fit not reached,22.07366086293452,18.371563654889947,model too compact,0.8138789879505217,The basic keratin 10-binding domain of the virulence-associated pneumococcal serine-rich protein PsrP adopts a novel MSCRAMM fold.,0.34408816753300386
SASDKK2,360,partly disordered,13.833565823461864,1.033802175928889,0.6215304390915711,modestly reweightable,31.910224522436064,28.74409381757085,model too compact,1.001876582296666,The Central Region of Testican-2 Forms a Compact Core and Promotes Cell Migration,0.34228024227238724
SASDTQ2,231,folded,3.717025780183623,1.284975757783052,0.709072435057529,modestly reweightable,18.832074139431395,18.650283159848392,Rg agrees,1.4125271398162136,Altered protein dynamics and a more reactive catalytic cysteine in a neurodegeneration-associated UCHL1 mutant.,0.342117343946001
SASDBR4,351,folded,182.460632533814,3.72268167563844,,target fit not reached,35.13067418255108,27.993127815088823,model too compact,1.2286219775899336,Low resolution structural studies indicate that the activator of Hsp90 ATPase 1 (Aha1) of Leishmania braziliensis has an elongated shape which allows its interaction with both N- and M-domains of Hsp90.,0.33917537641398127
SASDCV7,489,partly disordered,179.48787046638034,8.187597123285906,,target fit not reached,34.5051689106723,48.00983782869577,model too extended,0.8821008678813991,Design of coiled-coil protein-origami cages that self-assemble in vitro and in vivo.,0.3381052657358889
SASDNW2,427,folded,174.80339661908542,23.086882309149384,,target fit not reached,30.11673738468709,34.63933410680486,model too extended,1.147765543283782,Fab MOR03268 Triggers Absorption Shift of a Diagnostic Dye via Packaging in a Solvent-shielded Fab Dimer Interface,0.33638248007879146
SASDH33,424,partly disordered,13.140092557085108,0.913421736328678,0.5995534449344703,modestly reweightable,30.847612746052288,34.079545265059245,model too extended,0.953448006997036,The weak complex between RhoGAP protein ARHGAP22 and signal regulatory protein 14-3-3 has 1:2 stoichiometry and a single peptide binding mode.,0.33557952730433754
SASDTH2,305,partly disordered,3.569349145140812,1.134941997868885,0.6106978779251633,modestly reweightable,23.42879596042196,22.60224726954818,Rg agrees,0.9427820516900344,Structural insights of an LCP protein-LytR-from Streptococcus dysgalactiae subs. dysgalactiae through biophysical and in silico methods.,0.33155341900455354
SASDBN3,400,folded,4.511410095349843,1.1169987262875514,0.2623305190111471,strongly reweightable,33.56704210669868,31.621505815717075,model too compact,0.9504401617994748,In vivo epidermal migration requires focal adhesion targeting of ACF7.,0.3271561535236216
SASDQN6,126,folded,11.873573258745177,3.4610088970818764,,target fit not reached,18.766244163069427,16.409130869682947,model too compact,1.1153372956189134,Crystal structure of the phospholipase A and acyltransferase 4 (PLAAT4) catalytic domain.,0.32237443084283873
SASDDD8,291,folded,11.83464445605562,5.590104847388115,,target fit not reached,23.349134782667196,22.280796476133396,Rg agrees,1.110303774752534,M. tuberculosis class II apurinic/ apyrimidinic-endonuclease/3'-5' exonuclease (XthA) engages with NAD+-dependent DNA ligase A (LigA) to counter futile cleavage and ligation cycles in base excision repair.,0.3219465645326978
SASDH25,422,partly disordered,4.343261050520747,1.045846543241472,0.4231008875992072,strongly reweightable,24.00004473845676,25.586504709587043,model too extended,0.8336602158916683,c-di-AMP hydrolysis by a novel type of phosphodiesterase promotes differentiation of multicellular bacteria,0.3189079666490479
SASDNQ9,475,folded,4.340301238825106,1.3039901506010303,0.4696219917780543,strongly reweightable,27.72866190061496,27.25011005718899,Rg agrees,1.0540038385258286,Solution structure of the type I polyketide synthase Pks13 from Mycobacterium tuberculosis.,0.31875993639443145
SASDBY5,217,disordered,7.601847703911844,1.0035255301758996,0.7300052795993375,modestly reweightable,50.84005024313629,61.124014631878616,model too extended,1.311837311541589,Intrinsic Disorder of the C-Terminal Domain of Drosophila Methoprene-Tolerant Protein.,0.3171308992776863
SASDVZ8,150,partly disordered,3.363499912412496,1.0654059171614685,0.5426751807349361,modestly reweightable,17.5317001270869,16.877760951808593,Rg agrees,1.0031870527107936,Histone modification-driven structural remodeling unleashes DNMT3B in DNA methylation.,0.3160748524257233
SASDHG4,284,folded,3.3017323603345097,0.9881424873566336,0.936970077136824,modestly reweightable,23.771629673080227,23.620663726551083,Rg agrees,0.9976028286427052,Structural and enzymatic characterisation of the Type III effector NopAA (=GunA) from Sinorhizobium fredii USDA257 reveals a Xyloglucan hydrolase activity.,0.3112451197678026
SASDCK9,364,folded,4.1747354275865485,1.3388797125591776,0.3697590904799782,strongly reweightable,25.5762977090285,25.50714880302639,Rg agrees,1.0207973493803344,Calmodulin fishing with a structurally disordered bait triggers CyaA catalysis.,0.3103144787145893
SASDBD4,360,folded,4.138567542897896,1.2043192936061655,0.0501213411548309,strongly reweightable,43.41604271047099,41.822081330287,Rg agrees,1.0694825419480098,The Structure of the Plakin Domain of Plectin Reveals an Extended Rod-like Shape.,0.3084250237167483
SASDQC5,271,folded,10.539754261403116,4.024673245072592,,target fit not reached,26.196195073028512,24.457433829422577,model too compact,0.9737504694868332,Structural insights of the elongation factor EF-Tu complexes in protein translation of Mycobacterium tuberculosis.,0.3068491455733734
SASDCK6,446,folded,4.100696013059747,1.089113056229596,0.4218466762137614,strongly reweightable,28.119619492090045,29.490381377947266,Rg agrees,0.8290304382367143,Small angle X-ray scattering as a complementary tool for high-throughput structural studies.,0.3064287879912241
SASDSN2,78,partly disordered,3.181676591625009,1.171162907975687,0.7316865956701752,modestly reweightable,23.52238608393864,19.307262639625336,model too compact,0.8761443885952402,Conformational Disorder Analysis of the Conditionally Disordered Protein CP12 from Arabidopsis thaliana in Its Different Redox States,0.3015936196531855
SASDMV6,206,folded,3.108897569330631,0.9940564773974586,0.7863104752459134,modestly reweightable,21.91470894288421,21.77776875777552,Rg agrees,0.9999991224998932,Molecular and cellular insight into Escherichia coli SslE and its role during biofilm maturation,0.29556384799452595
SASDPB6,215,folded,9.649424817898824,4.8916233470675,,target fit not reached,28.280849700507098,29.465537814417072,Rg agrees,1.3916812868687465,X‐ray structure and function of fibronectin domains two and three of the neural cell adhesion molecule <scp>L1</scp>,0.29535042801793165
SASDRQ5,114,folded,9.642972079935683,2.687157022290452,,target fit not reached,16.849223602078606,15.2051421262528,model too compact,1.0001327977158794,The pathogen-encoded signalling receptor Tir exploits host-like intrinsic disorder for infection.,0.29526327279476566
SASDSZ8,198,partly disordered,9.50515762724321,3.1243787224209925,,target fit not reached,26.42961129668143,19.922559664403607,model too compact,0.6173177325613217,Structural properties of the HNF-1A transactivation domain,0.2933877969940304
SASDG45,139,partly disordered,9.495599597173385,2.022132884478621,,target fit not reached,16.849766656756046,15.797103995396816,model too compact,1.1541012404673343,Structural basis for distinct roles of SMAD2 and SMAD3 in FOXH1 pioneer-directed TGF-β signaling.,0.2932567180053893
SASDQF8,381,partly disordered,3.762868122862061,0.994880973093741,0.2947422604688577,strongly reweightable,35.54039422471895,28.130944211589267,model too compact,1.0103195922820036,Crosstalk between regulatory elements in disordered TRPV4 N-terminus modulates lipid-dependent channel activity,0.28775949893977326
SASDAH4,355,folded,3.751157549846064,1.9326054177508143,0.0233200914280514,strongly reweightable,29.33496653182824,26.108822211135923,model too compact,0.9662491584573734,The solution structure and dynamics of the DH-PH module of PDZRhoGEF in isolation and in complex with nucleotide-free RhoA.,0.28708265252215626
SASDJJ6,191,disordered,37.11082014829822,2.5637988714690025,,target fit not reached,33.94387746943146,49.27241806260221,model too extended,1.4008070686252845,Order from disorder in the sarcomere: FATZ forms a fuzzy but tight complex and phase-separated condensates with α-actinin.,0.28251009942357824
SASDEB3,153,disordered,6.077497829934343,0.980682933300481,0.5261684031663744,modestly reweightable,28.51132254398601,38.66293839251404,model too extended,1.3549658142125067,Decoupling of size and shape fluctuations in heteropolymeric sequences reconciles discrepancies in SAXS vs. FRET measurements.,0.28214093247975486
SASDBV9,111,folded,2.945836403829575,1.1316225414571628,0.5158341540966759,modestly reweightable,17.559892250862447,17.36575384328868,Rg agrees,1.0172644306225662,Molecular Architecture of the Major Membrane Ring Component of the Nuclear Pore Complex.,0.2815251748549082
SASDLT4,410,disordered,8.52768634239539,1.0091842944905407,0.2863398503029584,strongly reweightable,62.843037652504194,76.00554909212612,model too extended,1.0398299467269063,The Disease Associated Tau35 Fragment has an Increased Propensity to Aggregate Compared to Full-Length Tau,0.27924936544546153
SASDJD6,419,folded,68.86485314853948,17.52912057482001,,target fit not reached,35.91730479767933,30.977730014070683,model too compact,1.4155077109254364,Zymogen and activated protein C have similar structural architecture.,0.2756996438561415
SASDET5,389,folded,67.40385615650123,3.96142717876755,,target fit not reached,26.54816128092102,23.641984183402545,model too compact,0.955564575023404,Structural studies of Old Yellow Enzyme of Leishmania braziliensis in solution.,0.27430271146750307
SASDJA5,172,folded,8.033212589202703,2.759158705357033,,target fit not reached,22.821354484439723,21.209562937649377,model too compact,0.99970719236041,Structural basis for the role of C-terminus acidic tail of Saccharomyces cerevisiae ubiquitin-conjugating enzyme (Rad6) in E3 ligase (Bre1) mediated recognition of histones,0.2714667780572518
SASDF27,98,disordered,5.622023218165473,1.1166209317693698,0.5814128149299167,modestly reweightable,27.47333873499298,37.31032303268776,model too extended,1.365092800936992,Structural and mechanistic insights into the interaction of the circadian transcription factor BMAL1 with the KIX domain of the CREB-binding protein.,0.26996134854609966
SASDJ86,208,partly disordered,2.798637281372667,1.0432552802578785,0.7589484106933371,modestly reweightable,34.367166745239295,28.548774601793976,model too compact,1.2452816031452525,Biophysical characterization of the complex between the iron-responsive transcription factor Fep1 and DNA.,0.26816796911055446
SASDL62,284,partly disordered,2.7949964683528643,1.2232202129357614,0.5038450748775624,modestly reweightable,23.250628262362174,22.38213291750915,Rg agrees,0.950983365989228,Almost half of the RTX domain is dispensable for complement receptor 3 binding and cell-invasive activity of the adenylate cyclase toxin.,0.2678287580792616
SASDSP6,332,partly disordered,2.771853578014457,0.8596192988592681,0.9075484436610892,modestly reweightable,45.32003508637248,52.63167027787938,model too extended,0.9999965225575896,Domain deletion constructs of hHR23B,0.2656621710747088
SASDK68,150,disordered,5.382964432863366,1.1216894276320497,0.8082569089397402,modestly reweightable,35.81531059549425,43.43802784536256,model too extended,0.9883211327148496,Structural Insights into the Interaction of the Intrinsically Disordered Co-activator TIF2 with Retinoic Acid Receptor Heterodimer (RXR/RAR).,0.26316774370403684
SASDVX6,215,partly disordered,2.743820309801643,0.9871789311169168,0.8863351931388874,modestly reweightable,23.64694306192277,22.09917228476233,model too compact,1.202738045268155,Crystal structure of Isthmin-1 and reassessment of its functional role in pre-adipocyte signaling.,0.2630133998585379
SASDA37,215,partly disordered,2.7369068270124988,1.3182239902882196,0.822481579719021,modestly reweightable,45.28185502700023,47.02878081733501,Rg agrees,0.8554651581262042,Cooperative folding of intrinsically disordered domains drives assembly of a strong elongated protein.,0.2623560077402437
SASDE59,320,folded,2.73496026560076,1.006752170206438,0.9792354644970797,modestly reweightable,30.44913345514281,29.867430522574143,Rg agrees,1.1816041577289795,Functional Relevance of Interleukin-1 Receptor Inter-domain Flexibility for Cytokine Binding and Signaling.,0.26217061268561465
SASDM97,274,folded,2.7347223654749016,1.0315399088885069,0.9884321435918928,modestly reweightable,23.610050873932096,24.48387800678476,Rg agrees,1.0968937682380018,Direct intracellular selection and biochemical characterization of a recombinant anti-proNGF single chain antibody fragment.,0.262147945473872
SASDSZ9,80,disordered,5.254343096333761,1.0090154896651424,0.6810162189611709,modestly reweightable,26.355636594609223,29.79043823408415,model too extended,1.0032114710065914,Dynamic ensembles of SARS-CoV-2 N-protein reveal head-to-head coiled-coil-driven oligomerization and phase separation.,0.2593866340049128
SASDH65,373,partly disordered,7.296769467678063,0.9821089153000334,0.6298989850853797,modestly reweightable,32.3611270718829,38.45287978523408,model too extended,0.9862482687054837,Structure of the PCBP2/stem-loop IV complex underlying translation initiation mediated by the poliovirus type I IRES.,0.25893918764323065
SASDJ94,216,folded,2.633449555970421,1.0620162683376873,0.9559081679857104,modestly reweightable,21.07953022174192,21.97661379829136,Rg agrees,0.9729786148145728,The extracellular juncture domains in the intimin passenger adopt a constitutively extended conformation inducing restraints to its sphere of action.,0.2523150022874093
SASDQN8,133,disordered,24.24965660815681,2.0671385191714284,,target fit not reached,32.42441892679268,45.77458834947183,model too extended,1.0540295549887218,Crosstalk between regulatory elements in disordered TRPV4 N-terminus modulates lipid-dependent channel activity,0.2492470067530996
SASDKX6,91,partly disordered,6.717844035768575,4.494324572037242,,target fit not reached,15.989334174188226,27.87358704628404,model too extended,1.078324899292157,Crystal and solution structures of a novel antimicrobial peptide from Chrysomya megacephala.,0.24816897505898666
SASDJG2,20,partly disordered,2.5903290418252283,0.9976832331694984,0.9801686710558704,modestly reweightable,12.209201840057158,11.42430205501602,model too compact,1.5190432789239647,Towards improved understanding of intersubunit interactions in modular polyketide biosynthesis: docking in the enacyloxin IIa polyketide synthase.,0.248012960836198
SASDCL2,243,folded,6.568234283890417,2.7607930118604047,,target fit not reached,24.00465763504737,21.96936343221654,model too compact,1.0016392139904249,Structural characterization of bacterial collagenases,0.24523459060184458
SASDKH8,173,disordered,4.781391032100006,1.0387491022401392,0.8886426537617657,modestly reweightable,37.30106760782824,44.222252300124566,model too extended,0.99998712222631,The pathogen-encoded signalling receptor Tir exploits host-like intrinsic disorder for infection.,0.24463953455541312
SASDC55,159,folded,6.520673002566931,3.47948997360268,,target fit not reached,24.980177461519016,19.171875341762437,model too compact,1.1260029469105697,Comparative studies of the low-resolution structure of two p23 co-chaperones for Hsp90 identified in Plasmodium falciparum genome.,0.24428772655166234
SASDK92,412,folded,42.24348039804221,7.373050919573783,,target fit not reached,30.38288423898635,27.05765288641797,model too compact,0.9879016410764346,Structural mechanism of DNA recognition by the p204 HIN domain.,0.24386395381308437
SASDV46,130,disordered,4.733546329033468,1.0997905824889302,0.5731182549846765,modestly reweightable,33.81936850990636,42.7759052416855,model too extended,1.1241179506307837,Conformational signatures induced by ubiquitin modification in the amyloid-forming tau repeat domain.,0.24306718754911127
SASDEC6,334,folded,6.440592505941132,3.0528368019163765,,target fit not reached,25.934930423058976,25.622603546442548,Rg agrees,1.012791557369578,"Salt bridges at the subdomain interfaces of the adenylation domain and active-site residues of <i>Mycobacterium tuberculosis</i>
              NAD <sup>+</sup>
              -dependent DNA ligase A (MtbLigA) are important for the initial steps of nick-sealing activity",0.2426777467090673
SASDDK7,170,partly disordered,2.50706727011072,0.9838102351276996,0.9660986734612363,modestly reweightable,25.925220018303506,27.638009928413037,model too extended,0.8910751947007026,Biophysical insights from a single chain camelid antibody directed against the Disrupted-in-Schizophrenia 1 protein.,0.23949959231252724
SASDP98,129,partly disordered,2.498335251787164,1.0915917298339184,0.6454310818209801,modestly reweightable,18.537762519826856,20.770094798166944,model too extended,1.043777288957753,Structural plasticity of NFU1 upon interaction with binding partners: insights into the mitochondrial [4Fe-4S] cluster pathway,0.23859042957384038
SASDHC9,75,partly disordered,2.4784923326593105,0.9715409309440964,0.8490996266952405,modestly reweightable,28.2032077935802,30.97609983344616,model too extended,1.3574522431332716,The BRCA2-MEILB2-BRME1 complex governs meiotic recombination and impairs the mitotic BRCA2-RAD51 function in cancer cells,0.23651254783885484
SASDE48,97,folded,5.843923887309349,2.262305024342858,,target fit not reached,15.032904410734933,14.210796048595071,model too compact,0.9995974594014844,A dual role in regulation and toxicity for the disordered N-terminus of the toxin GraT.,0.2300113652825375
SASDJG4,261,folded,2.4077344641320195,1.0721408210791274,0.8956452578429961,modestly reweightable,28.54921955880945,26.52633577071052,model too compact,1.1278210906645134,"Selection, biophysical and structural analysis of synthetic nanobodies that effectively neutralize SARS-CoV-2",0.22896515355786112
SASDKQ3,492,partly disordered,33.54054307649307,6.831711700875546,,target fit not reached,44.32816638984295,34.42832504079722,model too compact,1.5278991325811029,Variation of Antigen 43 self-association modulates bacterial compacting within aggregates and biofilms,0.2288355135402182
SASDWA3,385,folded,32.726918243998895,27.94349473669166,,target fit not reached,19.81080023035202,22.006906176527057,model too extended,1.0128619431744668,Size-exclusion chromatography–small-angle neutron scattering system optimized for an instrument with medium neutron flux,0.22723576673277657
SASDEL6,452,folded,5.711526698079653,1.395748465478697,0.5204822606579833,modestly reweightable,25.650369306279146,25.428204430354143,Rg agrees,0.9343043484012638,Molecular Fingerprints for a Novel Enzyme Family in <i>Actinobacteria</i> with Glucosamine Kinase Activity.,0.22702566336316182
SASDM43,119,folded,2.3812323339304817,1.0322391422763686,0.9405106460521578,modestly reweightable,16.597264852235362,17.46954319247039,model too extended,1.078429117010997,Structural basis for specific RNA recognition by the alternative splicing factor RBM5.,0.22608106263261205
SASDJM2,381,folded,31.128382215641462,3.1829678176573486,,target fit not reached,33.30094974103696,37.25357802286794,model too extended,1.1073837723932445,The architecture and stabilisation of flagellotropic tailed bacteriophages.,0.22397348255912203
SASDU37,114,disordered,4.146594789114675,0.9988047211370586,0.9194737913604608,modestly reweightable,34.32186712621504,31.634713930435836,model too compact,1.1216494191599908,Allovalent scavenging of activation domains in the transcription factor ANAC013 gears transcriptional regulation.,0.22236897513232048
SASDBU7,276,partly disordered,2.339715780445417,1.1916369711126575,0.9799005930315612,modestly reweightable,26.04951407052525,25.12768445891303,Rg agrees,1.018217811720874,Structural reorganization of the chromatin remodeling enzyme Chd1 upon engagement with nucleosomes.,0.22149786252785464
SASDH84,135,folded,2.331008037531264,1.1537483511480533,0.9601866085269984,modestly reweightable,21.196169696143176,19.80444599031161,model too compact,1.0871581543648234,Structural role of essential light chains in the apicomplexan glideosome.,0.220526262606415
SASDTU7,281,partly disordered,2.307046004675587,0.9785511496915308,0.9791187044438456,modestly reweightable,33.431462555760696,39.23906824623284,model too extended,1.104085273237447,A secreted bacterial protein protects bacteria from cationic antimicrobial peptides by entrapment in phase separated droplets,0.21783375290967613
SASDD95,409,folded,28.076649102334077,3.1668061549759625,,target fit not reached,29.70416960620056,27.37361551520793,model too compact,0.894384032323667,Structural Plasticity of Neurexin 1α: Implications for its Role as Synaptic Organizer.,0.21725179114257223
SASDUW6,239,folded,2.263766199881259,0.9748087286176912,0.9609626033287904,modestly reweightable,26.026228222674646,26.10132704949169,Rg agrees,1.0000553876830112,Structural basis for IL-33 recognition and its antagonism by the helminth effector protein HpARI2.,0.2128989427293567
SASDC45,466,partly disordered,4.868203207653393,1.0090881906064963,0.7301727364233536,modestly reweightable,28.801695123654184,30.387843850194518,model too extended,0.9795833435591758,Unique structural features of a bacterial autotransporter adhesin suggest mechanisms for interaction with host macromolecules.,0.20621060945331363
SASDB26,489,folded,23.04168304643956,9.054475484311196,,target fit not reached,57.84096333986231,53.96166914018679,model too compact,1.2022922470490092,Structural basis of myelin-associated glycoprotein adhesion and signalling.,0.20437712974839028
SASDNM9,299,folded,4.750615031261383,2.3520259301843898,,target fit not reached,19.45174666035898,20.53188234717311,model too extended,0.8127183804388923,Solution structure of the type I polyketide synthase Pks13 from Mycobacterium tuberculosis.,0.20302495156485678
SASDVA8,221,partly disordered,2.164959988426628,1.270258213290966,0.9114753920839666,modestly reweightable,22.12293278099644,27.03032466057808,model too extended,0.934934242958246,"SidF, a dual substrate N5-acetyl-N5-hydroxy-L-ornithine transacetylase involved in Aspergillus fumigatus siderophore biosynthesis",0.2012699246262585
SASDNB2,105,folded,4.626497059507063,3.328795880788055,,target fit not reached,19.69670281019105,14.743464708278577,model too compact,1.1920727164357026,Molecular analysis and solution structure from small-angle X-ray scattering of the human natural killer inhibitory receptor IRp60 (CD300a),0.19957568714285728
SASDAK2,154,folded,2.142756141366371,1.4804039877146966,0.969757791001342,modestly reweightable,16.32860764335442,16.548685652385068,Rg agrees,0.6439285731011134,Standard proteins,0.19858364910616505
SASDJG6,40,disordered,12.369041529657878,6.563777318130617,,target fit not reached,9.424330958943306,22.91977088557393,model too extended,0.2342672004835275,Structural Characterization of Plant Metallothionein,0.1966204885838925
SASDTU2,400,partly disordered,2.4296250794957914,1.7334895015262064,0.3084640203656867,strongly reweightable,31.65433596798184,30.124774513258085,Rg agrees,0.9354428609228084,Substrates and Cyclic Peptide Inhibitors of the Oligonucleotide-Activated Sirtuin 7.,0.19276963094144287
SASDEC3,178,disordered,3.319070660973848,1.0230790617332015,0.7458369270815335,modestly reweightable,39.78520287110585,46.60607366456431,model too extended,0.5387946313368627,Decoupling of size and shape fluctuations in heteropolymeric sequences reconciles discrepancies in SAXS vs. FRET measurements.,0.18756593941303634
SASDLM9,170,folded,2.050428618675129,1.1724481657225465,0.9920910570688544,modestly reweightable,22.12672289167008,21.568451499127782,Rg agrees,0.939726807620482,Dimerization of kringle 1 domain from hepatocyte growth factor/scatter factor provides a potent MET receptor agonist,0.18710679290706342
SASDC65,279,partly disordered,2.0417800500607424,1.073163064990193,0.9990398991096708,modestly reweightable,35.33617454900705,41.42093246645254,model too extended,1.0345243402563509,Comparative studies of the low-resolution structure of two p23 co-chaperones for Hsp90 identified in Plasmodium falciparum genome.,0.1860053736427521
SASDNM8,94,partly disordered,2.0389752831009145,0.9831288838985156,0.9978888708072602,modestly reweightable,15.354238275873108,16.227027593085907,model too extended,0.9488825995003772,DUF2285 is a novel helix-turn-helix domain variant that orchestrates both activation and antiactivation of conjugative element transfer in proteobacteria.,0.18564717671908268
SASDCY9,100,partly disordered,2.036060263636428,0.9821365723674278,0.9959129178107596,modestly reweightable,22.587071094653734,20.694774501299296,model too compact,1.156951173002155,Cryptic Disorder Out of Disorder: Encounter between Conditionally Disordered CP12 and Glyceraldehyde-3-Phosphate Dehydrogenase.,0.18527437690338047
SASDB43,228,folded,2.0235501851147406,1.0986762927449487,0.995725806596205,modestly reweightable,29.216061897427977,29.62750974269272,Rg agrees,0.9920129753788416,Dystrophin's central domain forms a complex filament that becomes disorganized by in-frame deletions.,0.18366838775638467
SASDNS9,478,folded,2.325767799586542,1.834317086922924,0.1386693732927706,strongly reweightable,28.160007946854098,28.265415082652893,Rg agrees,1.0684426557922906,Solution structure of the type I polyketide synthase Pks13 from Mycobacterium tuberculosis.,0.18328317669404337
SASDBG3,357,folded,16.383036888729706,9.997233331135195,,target fit not reached,31.08052827402674,28.87745600272813,model too compact,1.2496725857825255,Crystal Structure of an Engineered LRRTM2 Synaptic Adhesion Molecule and a Model for Neurexin Binding.,0.18215916136978352
SASDJA4,270,folded,4.008912513973181,2.3068102869335734,,target fit not reached,23.35230091111216,21.879163944720908,model too compact,1.063308821951377,Unique Structural Features of Mammalian NEIL2 DNA Glycosylase Prime Its Activity for Diverse DNA Substrates and Environments.,0.18090797363894306
SASDS75,457,folded,15.82949506206606,3.634335825105262,,target fit not reached,27.79104648939525,31.055335410321863,model too extended,1.000534742725793,Biophysical Characterization of p51 and p66 Monomers of HIV-1 Reverse Transcriptase with Their Inhibitors.,0.17992005925788224
SASDJT3,439,disordered,3.9241744765399793,1.7201594823197095,0.0361754077233966,strongly reweightable,33.476669963690235,31.904374762964345,Rg agrees,1.4268499722990442,Continuous Assembly of β-Roll Structures Is Implicated in the Type I-Dependent Secretion of Large Repeat-in-Toxins (RTX) Proteins.,0.1781244926180288
SASDM55,168,folded,3.9220484072692057,2.1702032725494367,,target fit not reached,16.071404143587927,16.611016833571608,Rg agrees,0.895473015184062,Pathogen-specific structural features of Candida albicans Ras1 activation complex: uncovering new antifungal drug targets.,0.17805388487297394
SASDBZ9,439,folded,14.714865812564035,4.403531632572469,,target fit not reached,43.00111612764496,47.8565900239472,model too extended,1.0073653907996534,Molecular Architecture of the Major Membrane Ring Component of the Nuclear Pore Complex.,0.17516344590694793
SASDC62,49,disordered,3.026628535031724,1.0357195129252452,0.5663107202748584,modestly reweightable,16.48168929049662,20.46334769228457,model too extended,1.0000109004894318,Basic domain of telomere guardian TRF2 reduces D-loop unwinding whereas Rap1 restores it.,0.17314528402181636
SASDXK3,357,folded,14.07968189373445,4.446451457103219,,target fit not reached,19.30717223931749,19.19759079459413,Rg agrees,1.0788492971379384,"Unveiling the structure, function and dynamics of StmPr1 in Stenotrophomonas maltophilia virulence.",0.17228892641669072
SASDLK9,475,disordered,8.888180348544271,0.9269574939673052,0.8362509609042056,modestly reweightable,71.66806527509094,78.27335496516739,model too extended,1.0000566819885537,Experimental Evidence of Intrinsic Disorder and Amyloid Formation by the Henipavirus W Proteins,0.17078631447908202
SASDJN5,405,folded,3.3716315987097536,1.0271680487460977,0.8657852831330544,modestly reweightable,30.364891463260168,28.75214224551412,model too compact,0.9467217285761704,Structural flexibility of the tetanus neurotoxin revealed by crystallographic and solution scattering analyses.,0.15835203460893701
SASDAJ5,321,folded,3.3173965676738573,2.8792681054344644,,target fit not reached,24.111438078093432,22.663015961678266,model too compact,0.9145066527587756,Conformational analysis of a genetically encoded FRET biosensor by SAXS.,0.1562392172946634
SASDQG6,478,partly disordered,3.2901466554038614,0.9938867258472038,0.8729042146326131,modestly reweightable,40.79395085815503,47.56205426676831,model too extended,1.084399547397776,Solution characterization of the dynamic conjugative entry exclusion protein TraG,0.15516457700320974
SASDND2,105,folded,3.165284591074545,2.274779379635221,,target fit not reached,13.994978063716884,13.581288142576202,Rg agrees,0.8756697779213877,Metal-Mediated Self-Assembly of a Î²-Sandwich Protein,0.15012382907158825
SASDUK2,388,folded,8.402988497264184,4.6040127866189335,,target fit not reached,29.20039733438655,23.916093800028243,model too compact,0.9998678990019528,Structure-function analyses reveal Arabidopsis thaliana HDA7 to be an inactive histone deacetylase,0.1386650653565808
SASDH34,468,folded,7.984859673871897,5.487845739687225,,target fit not reached,31.860389251974897,29.3073291167636,model too compact,0.9277185251638308,Structural and Biophysical Analysis of the CLCA1 VWA Domain Suggests Mode of TMEM16A Engagement.,0.13534009323588525
SASDAG6,357,folded,7.167843645804175,3.3049255400104784,,target fit not reached,25.724448891924634,27.147445509729305,model too extended,1.057752505193018,The modular structure of haemagglutinin/adhesin regions in gingipains of Porphyromonas gingivalis.,0.12830827850539828
SASDCK3,451,folded,2.6335503637465894,1.3311749039539191,0.8499845560467826,modestly reweightable,26.64172846186229,25.94254395614593,Rg agrees,0.9679645371099888,High-resolution structure of the alcohol dehydrogenase domain of the bifunctional bacterial enzyme AdhE.,0.1261624884527909
SASDT85,369,partly disordered,2.589024770186897,0.7608691608070076,0.9822655584444808,modestly reweightable,30.568120068067515,31.37851537654934,Rg agrees,1.0148398466797346,Beyond the VSG Layer: Exploring the Role of Intrinsic Disorder in the Invariant Surface Glycoproteins of African Trypanosomes.,0.12394086165468225
SASDQF5,478,partly disordered,2.477738404648016,1.170265860215827,0.7430433809735507,modestly reweightable,35.48851408067526,57.41235315313551,model too extended,1.0726644793777833,Allosteric autoregulation of DNA binding via a DNA-mimicking protein domain: a biophysical study of ZNF410-DNA interaction using small angle X-ray scattering.,0.1182166357191574
SASDD32,430,folded,6.135794389969503,2.480723604156951,,target fit not reached,28.95180421854238,25.521199269032124,model too compact,1.0633390153807878,Recombinant production of A1S_0222 from Acinetobacter baumannii ATCC 17978 and confirmation of its DNA-(adenine N6)-methyltransferase activity.,0.11818061970116658
SASDJ63,404,folded,2.3947131930192893,1.1696948946759511,0.8369850725304293,modestly reweightable,29.987729124099957,28.675173486720706,Rg agrees,0.9994102404946404,Interdomain Flexibility within NADPH Oxidase Suggested by SANS Using LMNG Stealth Carrier.,0.11377605204987731
SASDEY9,403,folded,2.348835596692912,0.985351079450148,0.9599605559328238,modestly reweightable,28.2175774377076,26.79796108113201,model too compact,0.9712103878856172,Structure of a collagen VI α3 chain VWA domain array: adaptability and functional implications of myopathy causing mutations,0.11125578601057849
SASDVT5,427,partly disordered,2.315745395326707,1.1186459317204158,0.854074583997078,modestly reweightable,25.31770607776811,25.175567206998554,Rg agrees,0.937078806261813,The structure and function of the DNA binding domain of class B MpARF2 share more traits with class A AtARF5 than to that of class B AtARF1.,0.10940724274939771
SASDLB7,424,folded,2.243946106112321,1.1450602616074617,0.9621307196275716,modestly reweightable,40.35786960231569,32.92078335339295,model too compact,1.0098879002476628,Low Resolution Structure Determination Shows Procollagen C-Proteinase Enhancer to be an Elongated Multidomain Glycoprotein,0.10530372661760355
SASDF65,495,folded,2.235147895851256,1.365418444099234,0.9265677804894644,modestly reweightable,33.159641949400594,32.15362560519514,Rg agrees,1.160944879738867,Structural underpinnings of Ric8A function as a G-protein α-subunit chaperone and guanine-nucleotide exchange factor.,0.10479187947891605
SASDPL2,483,folded,2.193488001756951,1.1100027472382503,0.9922028776649914,modestly reweightable,24.953665515345055,26.52261164741269,model too extended,0.976387296062467,Structural insights into 3Fe–4S ferredoxins diversity in M. tuberculosis highlighted by a first redox complex with P450,0.10234057895509063
SASDAS6,376,folded,4.250205319144311,3.06621140000072,,target fit not reached,37.62818641749734,36.46496676201915,Rg agrees,0.8788362250231011,The structure of the plakin domain of plectin reveals a non-canonical SH3 domain interacting with its fourth spectrin repeat.,0.09426148657169658
SASDBZ6,404,disordered,2.562829864321204,1.070322866612558,0.5337860028961927,modestly reweightable,38.39719079004445,66.13751776614004,model too extended,0.9886925035986148,Structural Basis for Draxin-Modulated Axon Guidance and Fasciculation by Netrin-1 through DCC.,0.07356955970269866
SASDA46,231,partly disordered,1.6975485576674745,0.8427541603498805,0.9951978736950452,raw fit,29.81601980228154,28.94530117515779,Rg agrees,1.047965375224003,Molecular basis of histone tail recognition by human TIP5 PHD finger and bromodomain of the chromatin remodeling complex NoRC.,0.0
SASDAX6,106,folded,1.4082051741766513,1.0602327136033152,0.9999594760136452,raw fit,15.405752795665975,15.155858645881183,Rg agrees,0.8993224831438352,Structural bases for the interaction of frataxin with the central components of iron-sulphur cluster assembly.,0.0
SASDVL5,62,disordered,1.8147006487505293,0.9679364645212224,0.9982578358401112,raw fit,22.515081103785832,22.957794478492385,Rg agrees,1.3126418450591917,"Binding structures of SERF1a with NT17-polyQ peptides of huntingtin exon 1 revealed by SEC-SWAXS, NMR and molecular simulation.",0.0
SASDVK2,223,folded,1.3342715150543003,1.248583527545319,0.9999966967888524,raw fit,18.663984889649686,17.71259244414573,model too compact,0.7848835374819363,S. aureus Eap is a polyvalent inhibitor of neutrophil serine proteases.,0.0
SASDSX6,184,folded,1.6842189136808288,1.2530637870588066,0.9998713956461956,raw fit,22.509096576227357,21.14856987093881,model too compact,0.9406126401900956,Crystal structure of domain of unknown function 507 (DUF507) reveals a new protein fold.,0.0
SASDA25,119,folded,1.6041544140522246,1.217699774331467,0.9999648264148496,raw fit,20.00630079579755,18.736747962624243,model too compact,1.4000070737199513,The central portion of factor H (modules 10-15) is compact and contains a structurally deviant CCP module.,0.0
SASDVT4,365,partly disordered,1.4014982814194397,1.072449629261508,0.9997669367339888,raw fit,38.40668108786685,38.06408819798767,Rg agrees,0.9044924596213966,"Peripheral membrane protein endophilin B1 probes, perturbs and permeabilizes lipid bilayers",0.0
SASDVR6,297,folded,1.1053232194859115,1.0337052133185352,0.9999667925702214,raw fit,26.60592993883429,26.18039327216167,Rg agrees,0.9999884884693854,Selective cargo and membrane recognition by SNX17 regulates its interaction with Retriever,0.0
SASDT25,377,folded,1.2337629207310647,1.148687858508728,0.9999997982231704,raw fit,39.57807578328492,25.53008274655754,model too compact,1.460128966961132,Small-angle X-ray scattering structural insights into alternative pathway of actin oligomerization associated with inactivated state,0.0
SASDB85,179,partly disordered,1.786341327223208,1.3696418401354,0.9999922083659726,raw fit,16.98135065294012,16.291658545683973,Rg agrees,0.968535747654328,Self-processing module of Iron-regulated protein FrpC,0.0
SASDSJ9,299,folded,1.084872110079298,0.9170932735830672,0.999779445294563,raw fit,25.779832818133983,24.76765100737497,Rg agrees,0.909787585827087,Structural Basis of Clostridium perfringens Enterotoxin Activation and Oligomerization by Trypsin,0.0
SASDSL2,181,folded,1.1286291507596582,1.0180480398574658,0.9999655632320296,raw fit,18.70756279369023,18.05292011979047,Rg agrees,1.213912225723988,Solution structure of the EMAPII domain of human aminoacyl-tRNA synthetase complex,0.0
SASDSQ7,425,partly disordered,1.875904802664208,0.9443572102698892,0.9839902862661688,raw fit,30.68807705963309,30.063567703691632,Rg agrees,1.1689083006154612,14-3-3 protein inhibits CaMKK1 by blocking the kinase active site with its last two C-terminal helices.,0.0
SASDSQ9,181,folded,1.7229633471758932,1.0929507093572413,0.9997754696394784,raw fit,18.036771357038045,19.101658267451334,model too extended,1.0017073217439734,Illuminating the mechanism and allosteric behavior of NanoLuc luciferase.,0.0
SASDSV6,187,partly disordered,1.02063343823635,0.9298061688912372,0.9997608768874876,raw fit,25.263349986622327,23.64685576245345,model too compact,1.0069503774458914,Respiratory syncytial virus (RSV)-approved monoclonal antibody Palivizumab as ligand for anti-idiotype nanobody-based synthetic cytokine receptors,0.0
SASDAQ2,76,folded,1.0989359439237891,1.0637435022900126,0.9999984683485827,raw fit,13.127914861296814,13.005415267557812,Rg agrees,0.934052398004397,Standard proteins,0.0
SASDAE6,282,partly disordered,1.927608955234069,0.9770268834668786,0.9986697538505552,raw fit,28.74186641745177,28.07095936380371,Rg agrees,0.9484649738825136,The BR domain of PsrP interacts with extracellular DNA to promote bacterial aggregation; structural insights into pneumococcal biofilm formation.,0.0
SASDA96,129,folded,0.9527827088547908,0.9340060936524276,0.9999995664332062,raw fit,15.170752563999155,15.130113553788975,Rg agrees,1.0340185103286574,"Correlation Map, a goodness-of-fit test for one-dimensional X-ray scattering spectra.",0.0
SASDKV7,336,folded,1.0396992352890675,1.0135063873764114,0.9999998101928528,raw fit,24.16936180892453,24.666618207270098,Rg agrees,0.8375759044893543,A Structural Basis for Inhibition of the Complement Initiator Protease C1r by Lyme Disease Spirochetes.,0.0
SASDK76,320,folded,1.0520824252052343,1.0002421100730827,0.9999999422210698,raw fit,22.84806480713285,21.71613592497766,Rg agrees,0.9999832290196388,"Crystal structure and molecular dynamics of human POLDIP2, a multifaceted adaptor protein in metabolism and genome stability.",0.0
SASDK56,223,folded,1.3357092299521331,1.1443739753465276,0.9999957071634236,raw fit,29.59217888512532,20.3825424730427,model too compact,0.8251902063425623,Structural insights into kinetoplastid coronin oligomerization domain and F-actin interaction,0.0
SASDJY2,182,folded,1.1915322752636286,1.0085738043721504,0.999933644900753,raw fit,20.52939705686798,20.499585967727025,Rg agrees,0.8432941395419169,Activity and structure of EcoKMcrA.,0.0
SASDJP5,301,folded,1.218522916537791,0.8772352809874117,0.9985108684741094,raw fit,29.43403816447536,29.271437523127258,Rg agrees,0.942552849458698,Structural flexibility of the tetanus neurotoxin revealed by crystallographic and solution scattering analyses.,0.0
SASDJR3,271,folded,0.9844866712162016,0.9683626008592362,0.999999190096274,raw fit,24.42216965471741,23.89629751640258,Rg agrees,1.0001556876652973,Characterization of the nucleotide-binding domain NsrF from the BceAB-type ABC-transporter NsrFP from the human pathogen Streptococcus agalactiae,0.0
SASDJL9,87,folded,1.5377128318165925,0.8372976724580516,0.9997905770480304,raw fit,15.300948556562718,14.390900199605756,model too compact,1.1028218585594205,Stable Picodisc Assemblies from Saposin Proteins and Branched Detergents.,0.0
SASDJJ4,200,folded,1.036931483518885,1.0032956085232168,0.9999945154500368,raw fit,18.021652342435598,17.815077232320103,Rg agrees,0.9951207420705844,Structure of a collagen VI α3 chain VWA domain array: adaptability and functional implications of myopathy causing mutations,0.0
SASDJE4,249,folded,1.5972216015704126,1.4954012115792843,0.9999999592240164,raw fit,25.909675879746903,22.33992396369144,model too compact,1.0700086603825951,Direct localization of detergents and bacteriorhodopsin in the lipidic cubic phase by small-angle neutron scattering,0.0
SASDJB9,82,partly disordered,1.0261958623887169,1.0122741287527457,0.9999992902678936,raw fit,20.1044359700569,18.57336104458617,model too compact,1.2133717839788052,Contrasting DNA-binding behaviour by ISL1 and LHX3 underpins differential gene targeting in neuronal cell specification,0.0
SASDHV4,305,partly disordered,1.5378500819732446,1.008095038952964,0.999485668083553,raw fit,31.978546678312444,35.91530489756479,model too extended,1.0731070548107224,Assembly of the mitochondrial Complex I assembly complex suggests a regulatory role for deflavination.,0.0
SASDHS8,467,folded,1.4178279876012638,1.2439477879398442,0.9999571473623832,raw fit,18.213340415659975,32.957453567740174,model too extended,0.5406181978445597,Liposome-Based Study Provides Insight into Cellular Internalization Mechanism of Mosquito-Larvicidal BinAB Toxin.,0.0
SASDJ29,318,folded,1.2910819116993653,0.9951032549610348,0.9980287292035156,raw fit,24.7145917019278,24.40112843054004,Rg agrees,1.0686104890357588,Structure of the Complete Dimeric Human GDAP1 Core Domain Provides Insights into Ligand Binding and Clustering of Disease Mutations,0.0
SASDJ83,179,partly disordered,1.1861217727601554,0.9611064933777522,0.9998193423787516,raw fit,20.498015278706884,20.008565699619243,Rg agrees,1.00960422072256,Serine 298 Phosphorylation in Linker 2 of UHRF1 Regulates Ligand-Binding Property of its Tandem Tudor Domain,0.0
SASDJ93,272,folded,1.3073810093272349,1.2115137198351766,0.999973100456352,raw fit,21.546828718851675,21.84468886696808,Rg agrees,0.9019337136701912,Mechanism of activation and regulation of deubiquitinase activity in MINDY1 and MINDY2.,0.0
SASDJB2,278,folded,1.3905898842946385,1.241023441555522,0.9999797016719756,raw fit,21.7493830991841,20.402510103284072,model too compact,1.178835964975474,Restriction endonuclease AgeI is a monomer which dimerizes to cleave DNA.,0.0
SASDH64,76,folded,1.165973570231321,1.031121732575274,0.9996860535984372,raw fit,13.681804641474075,13.58006907595726,Rg agrees,1.0675475392263558,Structural role of essential light chains in the apicomplexan glideosome.,0.0
SASDGX4,318,folded,1.8242485215986055,1.1535854698723154,0.9988189146907294,raw fit,25.851810447339968,26.55518430432857,Rg agrees,0.9971489624665048,Interaction of the tetratricopeptide repeat domain of aryl hydrocarbon receptor-interacting protein-like 1 with the regulatory Pγ subunit of phosphodiesterase 6.,0.0
SASDHN7,113,folded,1.763083979393651,1.3119671312204038,0.9999758934643682,raw fit,16.081264925213397,14.7204214827474,model too compact,0.9970567199660216,"NMR structure of emfourin, a novel protein metalloprotease inhibitor: insights into the mechanism of action.",0.0
SASDHG9,412,folded,1.3539375798275486,1.107405277088211,0.9993380480479732,raw fit,24.535194673975763,24.60253166440354,Rg agrees,1.0222082784726785,Anomeric Selectivity of Trehalose Transferase with Rare L-Sugars,0.0
SASDHP4,279,folded,1.4727310971383127,1.3025412550664603,0.9999973180745712,raw fit,23.012086684198103,21.06825683077994,model too compact,1.1953086373193904,Allosteric regulation of lysosomal enzyme recognition by the cation-independent mannose 6-phosphate receptor.,0.0
SASDHP7,299,folded,1.79214803881316,1.5726468312020918,0.999996456684511,raw fit,19.339871528062048,19.15411038391194,Rg agrees,0.6510745928022548,Decoding the intricate network of molecular interactions of a hyperstable engineered biocatalyst,0.0
SASDVX5,464,folded,1.2835606891821942,1.0630346445387078,0.99994332293493,raw fit,24.40596585354083,24.541485297495612,Rg agrees,0.8350461720886987,The Pseudoenzyme β‐Amylase9 From Arabidopsis Activates α‐Amylase3: A Possible Mechanism to Promote Stress‐Induced Starch Degradation,0.0
SASDVN2,211,folded,0.8409663221047411,0.8186178833201839,0.999998180887364,raw fit,24.693000068151267,25.18235452639413,Rg agrees,0.8166209303675214,S. aureus Eap is a polyvalent inhibitor of neutrophil serine proteases.,0.0
SASDWG9,111,folded,1.0948164503012183,0.8185514853393138,0.9999801033587168,raw fit,16.041263311539243,15.564030170466635,Rg agrees,0.8682765961887665,A class III ligand oscillates between internal and terminal binding modes as it engages with the Dishevelled PDZ domain.,0.0
SASDFU7,409,folded,1.3617311945653672,0.9974991116701464,0.9992875653852856,raw fit,29.43605195361957,33.224112656077025,model too extended,0.9998950235856232,The F1 loop of the talin head domain acts as a gatekeeper in integrin activation and clustering.,0.0
SASDFY7,485,folded,1.1150203353380477,1.060795435581288,0.9999725516425376,raw fit,23.12039899666981,23.07414732270367,Rg agrees,0.8923888962303134,The Methionine-Rich Loop of Multicopper Oxidase McoA follows Open-To-Close Transitions with a Role in Enzyme Catalysis,0.0
SASDGA5,219,folded,1.6521578928738334,1.0400742594594747,0.9989487293695845,raw fit,22.16437642566953,21.141538421850807,Rg agrees,1.0777420971451863,Structural basis of cell surface signaling by a conserved sigma regulator in Gram-negative bacteria.,0.0
SASDGD2,309,folded,1.2517518174268518,1.1299351879549084,0.999982718749862,raw fit,21.519191296420303,21.0267798022066,Rg agrees,0.7701003717539224,Structural properties of [2Fe-2S] ISCA2-IBA57: a complex of the mitochondrial iron-sulfur cluster assembly machinery,0.0
SASDGD6,401,folded,1.046192600920449,0.9951192053258402,0.9999992438593156,raw fit,20.333541320980963,20.900212514230105,Rg agrees,0.8105951737163359,The structural basis of fungal glucuronoyl esterase activity on natural substrates.,0.0
SASDGG2,298,folded,1.1976117531809891,0.9461662616061096,0.9999966607389098,raw fit,30.22116755529928,30.70496236139812,Rg agrees,1.041044500146368,The structure of the extracellular domains of human interleukin 11 α-receptor reveals mechanisms of cytokine engagement,0.0
SASDGQ9,195,partly disordered,1.5417742447940332,0.9822747591672512,0.9873779021111728,raw fit,23.066039451520123,23.92379876270344,Rg agrees,1.0174407031134571,Therapeutic approaches to ApoE,0.0
SASDRZ9,86,folded,0.9780661407152867,0.9755697453523288,0.9999998648620196,raw fit,14.587874826061986,14.320302532657168,Rg agrees,1.0781693513774648,"Structural and biochemical characterization of the C‐terminal region of the human <scp>RTEL</scp>
              1 helicase",0.0
SASDRW9,259,partly disordered,1.2907817290136996,0.9184427178249313,0.9943593890182172,raw fit,33.26849226349496,34.730474970780584,Rg agrees,1.1304193007791414,"Structural and biochemical characterization of the C‐terminal region of the human <scp>RTEL</scp>
              1 helicase",0.0
SASDT75,349,partly disordered,1.687895030574768,1.151248906645602,0.9967999911859065,raw fit,31.300107262558324,30.87097486237056,Rg agrees,1.045090224993963,Beyond the VSG Layer: Exploring the Role of Intrinsic Disorder in the Invariant Surface Glycoproteins of African Trypanosomes.,0.0
SASDF53,274,folded,1.2865992771563606,0.8992834674192957,0.9996965324211128,raw fit,20.845797879662864,20.52156279109659,Rg agrees,0.908987972422123,Btk SH2-kinase interface is critical for allosteric kinase activation and its targeting inhibits B-cell neoplasms,0.0
SASDEW7,142,partly disordered,1.509191930320504,0.9913449280336092,0.99811762891487,raw fit,22.05470139221025,21.257224179926325,Rg agrees,0.9975303379335384,Deciphering Copper Coordination in the Mammalian Prion Protein Amyloidogenic Domain,0.0
SASDEX2,82,disordered,1.763260809022433,1.0327877789605002,0.9959269308523876,raw fit,32.14352574493883,26.737420871244687,model too compact,1.416643682772108,Decoupling of size and shape fluctuations in heteropolymeric sequences reconciles discrepancies in SAXS vs. FRET measurements.,0.0
SASDEL4,411,folded,1.0500134813217572,0.998598336027594,0.9999954163973536,raw fit,38.621723931746494,39.02097750328471,Rg agrees,1.0125053616761177,The dynamic nature of the conserved tegument protein UL37 of herpesviruses.,0.0
SASDEX4,104,disordered,1.0248015024382349,0.98609626003855,0.9999948703692324,raw fit,24.028155036690915,24.60648174336342,Rg agrees,1.367154544707251,"Conserved Outer Tegument Component UL11 from Herpes Simplex Virus 1 Is an Intrinsically Disordered, RNA-Binding Protein.",0.0
SASDEA9,356,folded,1.4126806364853235,0.9911986527360012,0.9993678847025136,raw fit,30.75823648732613,30.1913216893446,Rg agrees,1.053844037097314,Calcium sensing via EF-hand 4 enables thioredoxin activity in the sensor-responder protein calredoxin in the green alga <i>Chlamydomonas reinhardtii</i>.,0.0
SASDN73,313,folded,1.3224023163271217,1.0642429956228143,0.9999828420065784,raw fit,22.656286829466115,22.307148772103044,Rg agrees,0.9952724558347856,Structural Variations in the Catalytic and Ubiquitin-associated Domains of Microtubule-associated Protein/Microtubule Affinity Regulating Kinase (MARK) 1 and MARK2,0.0
SASDMU6,155,partly disordered,1.784473636336216,1.0475292916601755,0.9996223651392292,raw fit,19.99741569871532,18.335572177168988,model too compact,1.0000230965893442,Molecular and cellular insight into Escherichia coli SslE and its role during biofilm maturation,0.0
SASDMY9,247,folded,1.37127376037275,0.9902985581567556,0.993838829238418,raw fit,22.8870202401529,22.672611112509664,Rg agrees,0.9783516097472532,Sas20 is a highly flexible starch-binding protein in the Ruminococcus bromii cell-surface amylosome,0.0
SASDMT7,438,folded,1.5392328946683151,1.3556037903040945,0.9999820586013808,raw fit,23.43518668768269,22.86870451122355,Rg agrees,1.0009138166135183,The structure of MadC from Clostridium maddingley reveals new insights into class I lanthipeptide cyclases,0.0
SASDFP4,451,folded,1.0612551941167598,1.0276840478521012,0.999994337676704,raw fit,26.80443025463942,26.78735485592264,Rg agrees,0.9576620079368096,Conformationally constrained mutant of human matrix metalloproteinase-1,0.0
SASDMT5,379,partly disordered,1.8978820841087265,0.9917434308769928,0.9967898637580253,raw fit,50.73332902560244,45.8878926606768,model too compact,0.90680153221439,A MademoiseLLE domain binding platform links the key RNA transporter to endosomes,0.0
SASDEQ7,289,folded,1.90496099015062,0.970407183117448,0.9988098251384468,raw fit,21.93259398057169,21.89242424293792,Rg agrees,0.8029744514335379,Non-syndromic Mitral Valve Dysplasia Mutation Changes the Force Resilience and Interaction of Human Filamin A.,0.0
SASDFJ8,286,folded,1.2319939153443935,1.0024238993576753,0.9997628595666428,raw fit,20.52035990349926,20.772319074801576,Rg agrees,0.9671707914421,Structure-based screening of binding affinities via small-angle X-ray scattering,0.0
SASDFG8,232,folded,1.049423435071562,0.9946111636457516,0.9999717231227992,raw fit,20.239881279939794,20.2370558733314,Rg agrees,0.9695115755804092,Structure-based screening of binding affinities via small-angle X-ray scattering,0.0
SASDMR3,74,folded,1.3716717609564215,1.3263649857554125,0.9999988332999358,raw fit,14.425685321559758,13.810972386339133,Rg agrees,1.214991537583941,Leucine Rich Repeat And Sterile Alpha Motif Containing 1 (LRSAM1),0.0
SASDMS3,267,folded,1.2558366642606549,1.096969561411317,0.9999802341510236,raw fit,24.47108297670429,24.25918527735325,Rg agrees,0.9722740954665888,Leucine Rich Repeat And Sterile Alpha Motif Containing 1 (LRSAM1),0.0
SASDEK4,182,folded,1.1133682453737337,1.0818392830281645,0.9999998982586916,raw fit,17.159021117375257,17.093938669826706,Rg agrees,0.9429182127630432,"Engineered variants provide new insight into the structural properties important for activity of the highly dynamic, trimeric protein disulfide isomerase ScsC from Proteus mirabilis.",0.0
SASDEK7,171,partly disordered,1.4523828975800244,0.99075258429097,0.9985026794864774,raw fit,20.75218114517911,20.0860034148568,Rg agrees,1.0529203007772132,Molecular Organization of Soluble Type III Secretion System Sorting Platform Complexes.,0.0
SASDEK2,38,disordered,1.348086199108685,0.9867909954144872,0.9960891550841502,raw fit,16.12422647527856,14.061052375534928,model too compact,1.116854107685515,Decoupling of size and shape fluctuations in heteropolymeric sequences reconciles discrepancies in SAXS vs. FRET measurements.,0.0
SASDMQ2,484,folded,1.4218990275177927,0.9911406240533548,0.9983636824839032,raw fit,53.4452888036859,56.69155241785332,model too extended,0.8570565581816796,Molecular and structural basis of olfactory sensory neuron axon coalescence by Kirrel receptors.,0.0
SASDMS4,320,folded,1.772342881538473,1.005482178563569,0.9995104883094852,raw fit,28.20149969944565,31.02099223264021,model too extended,0.9214482150291562,X-ray and Neutron Small-Angle Scattering Analysis of the Complex Formed by the Met Receptor and the Listeria monocytogenes Invasion Protein InlB,0.0
SASDM82,83,folded,1.0569771080957269,1.0383445025627407,0.999999530512506,raw fit,13.650494989494929,13.894436964991154,Rg agrees,0.8177100310617793,Structure and dynamics of UBA5-UFM1 complex formation showing new insights in the UBA5 activation mechanism,0.0
SASDMA5,60,folded,1.0252182751521182,0.9984061745874292,0.9999972158183756,raw fit,11.624823382481823,12.408207641130822,model too extended,0.7734644694847914,Structural and functional analysis of the human Cone-rod homeobox transcription factor.,0.0
SASDMC9,444,partly disordered,1.128473868749178,0.9858076321004228,0.9994090013003942,raw fit,32.32706504222345,31.74643998287153,Rg agrees,1.2296989197479258,N-terminal phosphorylation regulates the activity of glycogen synthase kinase 3 from Plasmodium falciparum.,0.0
SASDM53,226,folded,1.6236817673143231,0.9283936709873812,0.9997758171893624,raw fit,23.63943417193286,21.952218988452195,model too compact,0.9369488320089944,Structural basis for specific RNA recognition by the alternative splicing factor RBM5.,0.0
SASDLA5,133,folded,1.272157398766821,1.1235450685407122,0.9994188290175984,raw fit,14.712126400542216,14.906598315487912,Rg agrees,0.8017997732242975,Human myelin protein P2: from crystallography to time-lapse membrane imaging and neuropathy-associated variants.,0.0
SASDLR9,78,folded,1.130426740930217,1.0277826871814493,0.9996336212789172,raw fit,17.954227642777084,17.738560009290154,Rg agrees,0.9586775727653396,Structure and dynamics of the von Willebrand Factor C6 domain,0.0
SASDLQ3,169,folded,0.782194553241963,0.7804075478411576,0.9999999976021564,raw fit,17.217254134718086,17.31112549948734,Rg agrees,0.9209083133757248,Structures of the interleukin 11 signalling complex reveal gp130 dynamics and the inhibitory mechanism of a cytokine variant,0.0
SASDDF5,246,folded,1.3093664084328718,1.188032158455398,0.9999064614538667,raw fit,21.159297294326983,21.10491843368452,Rg agrees,1.10549479328091,Conformational States of ABC Transporter MsbA in a Lipid Environment Investigated by Small-Angle Scattering Using Stealth Carrier Nanodiscs.,0.0
SASDD76,285,folded,1.853208824303758,0.9640221408337248,0.9995785832296746,raw fit,25.69069346151649,24.33662362850187,model too compact,1.141028278642352,Molecular Basis for Membrane Recruitment by the PX and C2 Domains of Class II Phosphoinositide 3-Kinase-C2α.,0.0
SASDCN9,267,folded,1.4229535803842763,1.0587698471468392,0.9996644598104596,raw fit,24.79501819170556,26.73048571600916,model too extended,1.0855366230420815,Signaling ammonium across membranes through an ammonium sensor histidine kinase.,0.0
SASDCU8,326,folded,1.0292690678402934,1.0245791530568096,0.9999999914449283,raw fit,25.888863921300747,21.18440958860401,model too compact,1.1797727954224824,Prp19/Pso4 Is an Autoinhibited Ubiquitin Ligase Activated by Stepwise Assembly of Three Splicing Factors.,0.0
SASDCM6,291,folded,1.3470456898249672,1.3091100588779594,0.9999671054792282,raw fit,23.664835098146547,25.95871544402346,model too extended,0.931518486915892,Site-specific monoubiquitination downregulates Rab5 by disrupting effector binding and guanine nucleotide conversion.,0.0
SASDP64,76,partly disordered,0.9754513712163068,0.9725211963389088,0.9999995363322745,raw fit,20.23475008941292,20.526745390562503,Rg agrees,0.9999418500466974,Structure of SALL4 zinc finger domain reveals link between AT-rich DNA binding and Okihiro syndrome.,0.0
SASDP89,269,folded,1.3642521566770245,1.293118507547227,0.9999986430896066,raw fit,29.856835907208463,25.163758020815354,model too compact,1.0613859179296616,The solution structure of the unbound IgG Fc receptor CD64 resembles its crystal structure: Implications for function.,0.0
SASDPC7,275,folded,1.353756036941615,0.8282965556210472,0.9997040715570604,raw fit,22.834156289893933,22.53340886857715,Rg agrees,0.8873125965333242,The conserved yeast protein Knr4 involved in cell wall integrity is a multi-domain intrinsically disordered protein.,0.0
SASDNW9,381,folded,1.3013549048612705,0.9809079934722488,0.9977736374852322,raw fit,22.260011411343136,23.288770210619088,Rg agrees,1.0703409011984963,Structural basis of CDNF interaction with the UPR regulator GRP78.,0.0
SASDNY9,320,folded,1.9737238801346109,1.1071267721595686,0.9999759528066968,raw fit,24.416581191012437,21.72777205289086,model too compact,1.0604748691818275,Oligomerization processes limit photoactivation and recovery of the orange carotenoid protein.,0.0
SASDP28,240,folded,1.3823738763029154,1.0452092686886474,0.998525249102992,raw fit,24.662468494373517,24.39137323537279,Rg agrees,1.1135587711372803,GRB2 dimerization mediated by SH2 domain-swapping is critical for T cell signaling and cytokine production.,0.0
SASDNB7,269,folded,1.0587966661501154,0.9870833946811296,0.9998921264504824,raw fit,21.893309421628903,22.583711019053524,Rg agrees,1.0937340319103732,Herpes simplex virus 1 protein pUL21 alters ceramide metabolism by activating the inter-organelle transport protein CERT,0.0
SASDNK8,354,folded,1.2778503750155137,0.9987153834237806,0.9998172399483664,raw fit,33.811977035241966,29.232449928095992,model too compact,0.9150072913864408,Structural insights into the C-terminus of the histone-lysine N-methyltransferase NSD3 by small-angle X-ray scattering.,0.0
SASDNB8,209,partly disordered,1.4237937695788905,1.0711412000204703,0.9973988150314168,raw fit,27.127106450979987,26.52647026066049,Rg agrees,1.1719783270941109,A tetracationic porphyrin with dual anti-prion activity.,0.0
SASDNL8,377,folded,1.091991889461852,1.0790240475343955,0.9999998848887016,raw fit,31.008131950532103,29.82754483322373,Rg agrees,0.994392551028526,Structural insights into the C-terminus of the histone-lysine N-methyltransferase NSD3 by small-angle X-ray scattering.,0.0
SASDNL5,311,folded,1.7315796871780953,1.1076739025330764,0.9997029459544776,raw fit,23.257996074718505,24.799687265258548,model too extended,0.9074991761609048,Modulation of the substrate specificity of the kinase PDK1 by distinct conformations of the full-length protein,0.0
SASDFP8,260,folded,1.1377663297050566,1.017832507268834,0.9998270763062652,raw fit,18.188052616508777,18.315813835130257,Rg agrees,0.9720492894251012,Adding Size Exclusion Chromatography (SEC) and Light Scattering (LS) Devices to Obtain High-Quality Small Angle X-Ray Scattering (SAXS) Data,0.0
SASDQD9,117,folded,1.204038934836945,0.9655930495816124,0.9997139826070334,raw fit,17.23434011170905,16.990061337373707,Rg agrees,0.8315671895051722,"Structural basis of DNA binding by YdaT, a functional equivalent of the CII repressor in the cryptic prophage CP-933P from <i>Escherichia coli</i>
              O157:H7",0.0
SASDQB5,396,folded,1.631793659420085,1.2036249087629058,0.999951653731823,raw fit,31.365510122053152,25.29248157809504,model too compact,0.9175686175016576,Structural insights of the elongation factor EF-Tu complexes in protein translation of Mycobacterium tuberculosis.,0.0
SASDQ59,437,folded,0.8741855725674723,0.8416562920145705,0.9999963860224492,raw fit,25.98260465903292,26.378356680953047,Rg agrees,0.9524332984173912,7-Deazaguanines in DNA: functional and structural elucidation of a DNA modification system.,0.0
SASDQJ8,287,folded,1.548843776525782,0.9614589455463144,0.9961370661980624,raw fit,24.654485974188507,25.792686082334736,Rg agrees,0.9843591483570748,Crosstalk between regulatory elements in disordered TRPV4 N-terminus modulates lipid-dependent channel activity,0.0
SASDQK7,140,disordered,1.1211662515802128,1.0178663320182129,0.9999901130790678,raw fit,51.87611231532393,48.276000185283486,model too compact,1.0373372245005212,Visualizing gaussian-chain like structural models of human α-synuclein in monomeric pre-fibrillar state: Solution SAXS data and modeling analysis.,0.0
SASDQ28,405,folded,1.116326126531815,1.003557864313565,0.9999800446378938,raw fit,25.580964783121185,25.48052273632771,Rg agrees,1.0077057049550149,Transient interdomain interactions in free USP14 shape its conformational ensemble.,0.0
SASDDJ2,77,folded,1.5786323538532088,1.0964822211986824,0.9964620328361689,raw fit,12.912102146071629,13.139593483474917,Rg agrees,0.999937979271034,"Solution structures of polcalcin Phl p 7 in three ligation states: Apo-, hemi-Mg2+-bound, and fully Ca2+-bound.",0.0
SASDPJ4,281,folded,1.8492390620062016,1.091787449010736,0.9995472112433776,raw fit,26.030085853016423,25.03778739228104,Rg agrees,1.0681257048011286,The crystal structure of the TPR domain of the EccA5 ATPase and demonstration of its interaction with EspG5 from the mycobacterial ESX-5 pathway.,0.0
SASDE34,144,folded,1.0942227123997252,1.0769425194094453,0.9999998366674112,raw fit,15.856130142325917,15.73518311914876,Rg agrees,0.8661443900910533,Inhibitor-induced dimerization of an essential oxidoreductase from African Trypanosomes.,0.0
SASDE27,178,folded,1.324820339247072,1.2294205587690392,0.9999984370693622,raw fit,18.133308154127636,17.775224190228673,Rg agrees,0.7521356129072188,The structure and stability of the disulfide-linked γS-crystallin dimer provide insight into oxidation products associated with lens cataract formation.,0.0
SASDPW7,364,folded,1.1045093568595183,1.0254879771544798,0.9999976830901106,raw fit,22.904290252175127,22.650728385939622,Rg agrees,0.9705125255256106,"Tetracycline-modifying enzyme <i>Sm</i>
              TetX from <i>Stenotrophomonas maltophilia</i>",0.0
SASDDX4,176,folded,1.1979292902059815,1.099296146941931,0.9999947330263342,raw fit,19.3097639183258,18.936093153568024,Rg agrees,0.8127852587964912,A General Small-Angle X-ray Scattering-Based Screening Protocol Validated for Protein-RNA Interactions.,0.0
SASDDR2,279,folded,1.136068163003582,1.0762665945745196,0.9999962571064878,raw fit,27.280455698611856,25.416397645987608,model too compact,0.8382243725471468,"Structural variability of EspG chaperones from mycobacterial ESX-1, ESX-3 and ESX-5 type VII secretion systems",0.0
SASDDU2,295,folded,1.4386467406689645,1.028156309781647,0.997662723544599,raw fit,25.46205310952465,25.11629417060848,Rg agrees,0.7634057825317682,"Structural variability of EspG chaperones from mycobacterial ESX-1, ESX-3 and ESX-5 type VII secretion systems",0.0
SASDDV2,300,folded,1.0780612970521302,0.9673187377285856,0.9999618347245434,raw fit,24.00400703736039,23.288449181361177,Rg agrees,0.6790213573822119,"Structural variability of EspG chaperones from mycobacterial ESX-1, ESX-3 and ESX-5 type VII secretion systems",0.0
SASDTX8,120,folded,1.0050430632384948,1.003056265005291,0.9999996288791644,raw fit,14.86711228909389,15.098303629118046,Rg agrees,1.0000211341171077,Evolutionary and molecular basis of ADP-ribosylation reversal by zinc-dependent macrodomains,0.0
SASDTR5,168,partly disordered,1.1999807601461965,0.998174425718214,0.9998612955832076,raw fit,30.47208928230184,35.54526550635718,model too extended,0.971264240885859,The Chlamydia pneumoniae effector SemD exploits its host’s endocytic machinery by structural and functional mimicry,0.0
SASDBG6,140,folded,1.562564781767029,1.0668658375974849,0.9998404834985036,raw fit,23.58809657263261,24.952295680232616,model too extended,0.991451151987648,Structural analysis reveals the flexible C-terminus of Nop15 undergoes rearrangement to recognize a pre-ribosomal RNA folding intermediate.,0.0
SASDTQ5,327,partly disordered,1.087138261778076,0.9226784487673716,0.9986648675383692,raw fit,27.247743965286617,26.483900975038956,Rg agrees,1.050287719062552,The Chlamydia pneumoniae effector SemD exploits its host’s endocytic machinery by structural and functional mimicry,0.0
SASDR25,106,partly disordered,1.194625410968922,0.9877313396842208,0.9956890002084252,raw fit,16.312992745065422,15.729333202728435,Rg agrees,0.945662247271764,Vibrio cholerae's ToxRS bile sensing system.,0.0
SASDR33,138,folded,1.0151830987160029,1.0071225596123967,0.9999903401400804,raw fit,15.895374007630393,15.810634437021532,Rg agrees,1.0530128239523528,The preference signature of the SARS-CoV-2 Nucleocapsid NTD for its 5'-genomic RNA elements.,0.0
SASDR36,278,folded,1.5636568214302176,0.9535299306105214,0.9971677134896928,raw fit,27.964598241991062,25.529668771524538,model too compact,0.9997737853618572,Characterization of synthetic antigen binding fragments targeting Toc75 for the isolation of TOC in A. thaliana and P. sativum,0.0
SASDBC7,398,partly disordered,1.1481947706885889,0.9224856752193344,0.9993672480501098,raw fit,33.368447910686264,36.41680469492506,model too extended,1.0755234344481872,Destabilization of the PCNA trimer mediated by its interaction with the NEIL1 DNA glycosylase.,0.0
SASDQU5,161,folded,1.8132175247164373,0.9666034963769522,0.9993082639812786,raw fit,19.190921297957686,20.15310991618381,model too extended,0.9960829857532766,Npl3 functions in mRNP assembly by recruitment of mRNP components to the transcription site and their transfer onto the mRNA.,0.0
SASDQP4,496,folded,1.4455136887503115,1.155331451651736,0.9997721217908128,raw fit,32.097080183909334,31.34450842240086,Rg agrees,1.0080196449519232,Antiviral signalling by a cyclic nucleotide activated CRISPR protease.,0.0
SASDU63,113,partly disordered,1.7518859476746085,0.9319424567989948,0.9956616412175696,raw fit,26.724696513501627,27.832675093262903,Rg agrees,1.226131802398704,A dynamic structural unit of phase-separated heterochromatin protein 1α as revealed by integrative structural analyses,0.0
SASDV64,249,folded,1.8641991256289367,1.3772016697777163,0.9999616347859142,raw fit,20.66752056167986,19.69886499121039,Rg agrees,0.5696718372261208,"Similar but Distinct—Biochemical Characterization of the <scp>
                <i>Staphylococcus aureus</i>
              </scp>
              Serine Hydrolases <scp>FphH</scp>
               and <scp>FphI</scp>",0.0
SASDUV3,453,folded,1.1444126437218511,1.0206696593227882,0.9999419436311489,raw fit,34.6364194493831,34.15870459035357,Rg agrees,1.0006273320743135,The crystal structure of the N-terminal domain of the backbone pilin LrpA reveals a new closure-and-twist motion for assembling dynamic pili in <i>Ligilactobacillus ruminis</i>,0.0
SASDUH4,99,partly disordered,1.7568446431215892,1.0002444363086112,0.9997992251501484,raw fit,20.384643855307846,17.787321236867555,model too compact,0.9095130694404482,Intramolecular autoinhibition regulates the selectivity of PRPF40A tandem WW domains for proline-rich motifs.,0.0
SASDU78,388,folded,1.334868660205477,0.9405965922648574,0.9983796978609046,raw fit,22.704915920206776,22.61468797425152,Rg agrees,1.002676141921124,Biophysical analysis of the membrane-proximal Venus Flytrap domain of ESAG4 receptor-like adenylate cyclase from Trypanosoma brucei.,0.0
SASDTY8,274,folded,1.0236296550141282,0.9983261487539016,0.9999993419085792,raw fit,20.538675937569227,20.086573470680342,Rg agrees,0.8226441692132994,Evolutionary and molecular basis of ADP-ribosylation reversal by zinc-dependent macrodomains,0.0
SASDBN2,152,folded,1.70549355693458,0.9699450854684488,0.9998865297487208,raw fit,19.47797849942821,19.440996563567705,Rg agrees,1.127887215953585,New conformations of linear polyubiquitin chains from crystallographic and solution-scattering studies expand the conformational space of polyubiquitin.,0.0
SASDBM9,161,folded,1.29808210317714,1.0726517769447554,0.9999924065981516,raw fit,19.88910293174276,19.34286828115234,Rg agrees,1.3517398711791906,"YeeF, a polymorphic toxin from Bacillus subtilis, is a ribosomal RNase with promiscuous DNA binding property",0.0
SASDCD6,131,folded,1.1265202766441622,0.9918682859226324,0.9998988286694144,raw fit,22.96770400298687,23.4389661026092,Rg agrees,0.7709859025679597,Small angle X-ray scattering as a complementary tool for high-throughput structural studies.,0.0
SASDC88,155,folded,1.0827513969185336,0.9981805022348014,0.9998324964052466,raw fit,17.006544687603014,17.797000599211025,Rg agrees,1.0618124047238602,Molecular Organization of Soluble Type III Secretion System Sorting Platform Complexes.,0.0
SASDBW9,211,folded,1.6436107604782528,1.124111985490752,0.99992534766736,raw fit,26.370021531790638,26.71860799805233,Rg agrees,1.012379596140356,Molecular Architecture of the Major Membrane Ring Component of the Nuclear Pore Complex.,0.0
SASDBW3,248,folded,1.0418139992930602,1.0047818913485715,0.999991992503774,raw fit,23.21429075330823,23.36502062090648,Rg agrees,0.9859495391025896,Ca-Dependent Folding of Human Calumenin.,0.0
SASDC23,395,partly disordered,1.2346687021724794,0.998694712403227,0.9994772120826956,raw fit,32.09262245439571,33.61287173395925,Rg agrees,1.0000007019190684,The Two-State Prehensile Tail of the Antibacterial Toxin Colicin N.,0.0
SASDBQ3,164,partly disordered,1.3846087232651692,0.9963734080043776,0.9993060079209208,raw fit,19.58249808868201,19.06963694086785,Rg agrees,1.354865767095764,Structural characterization of the N-terminal part of the MERS-CoV nucleocapsid by X-ray diffraction and small-angle X-ray scattering.,0.0
SASDC36,219,folded,1.139316014208171,1.0001171946676086,0.9995158491915572,raw fit,21.21498197914088,21.535439788175687,Rg agrees,1.0052457745499122,Structural and functional dissection of the DH and PH domains of oncogenic Bcr-Abl tyrosine kinase.,0.0
SASDC46,193,folded,0.96473199588153,0.9604657727416456,0.9999977124256036,raw fit,20.314017426953896,20.49820634271393,Rg agrees,1.0261892417889245,Structural and functional dissection of the DH and PH domains of oncogenic Bcr-Abl tyrosine kinase.,0.0
SASDRD9,452,folded,1.1777568798388551,1.098976324125345,0.9998386639620356,raw fit,23.65522145696537,25.41443575270905,model too extended,0.8763266823948244,Conformational heterogeneity of the BTK PHTH domain drives multiple regulatory states.,0.0
SASDRG9,78,folded,1.1679700376623865,1.0428101308057054,0.9995474269962312,raw fit,15.302929755611393,15.280893461128516,Rg agrees,1.0535851949285049,The acidic intrinsically disordered region of the inflammatory mediator HMGB1 mediates fuzzy interactions with CXCL12.,0.0
SASDRH2,424,folded,1.0468992461119653,1.0006743011939647,0.9999641629958606,raw fit,23.9592121039684,23.60751417904681,Rg agrees,0.9345909108234448,Iron acquisition by a commensal bacterium modifies host nutritional immunity during Salmonella infection.,0.0
SASDRJ6,271,folded,1.3173434562659974,1.0141319129986206,0.9995604889835396,raw fit,24.95230724951242,23.82334392130076,Rg agrees,0.991438245351957,"Diverse p120RasGAP interactions with doubly phosphorylated partners EphB4, p190RhoGAP and Dok1",0.0
SASDRK7,292,folded,1.494333582796343,1.019477159405688,0.996494403253964,raw fit,31.872589807498382,30.9528202343206,Rg agrees,0.9999724700505932,Polyubiquitin ligand-induced phase transitions are optimized by spacing between ubiquitin units,0.0
SASDRQ7,394,folded,1.0733487483009831,1.0127310985048767,0.9999324988452004,raw fit,50.24172414771824,51.35948399161472,Rg agrees,0.9999770808377548,Polyubiquitin ligand-induced phase transitions are optimized by spacing between ubiquitin units,0.0
