model,label,disorder_class,length,chi2_raw,chi2_best,phi_at_chi2_1,phi_at_chi2_2,resolvability,rg_exp,rg_model,rg_ratio,clean
bioemu,SASDA25,folded,119,1.6041544140522246,1.2202737188331387,,0.9999616880959188,fits,20.00630079579755,18.736747962624243,0.9365423500260486,True
bioemu,SASDA37,partly disordered,215,2.7369068270124988,2.7369068270124988,,,unresolved,45.28185502700023,47.02878081733501,1.0385789360725866,True
bioemu,SASDA46,partly disordered,231,1.6975485576674745,0.8981273384703853,0.8265940607609914,0.98836552772464,fits,29.81601980228154,28.94530117515779,0.9707969530172795,True
bioemu,SASDA47,partly disordered,351,12.37371357661756,1.9968610386034076,,0.0252405759855809,population,71.9161936187573,68.00924264134542,0.9456735572224048,True
bioemu,SASDA57,partly disordered,479,56.61944015769401,5.29522016831204,,,unresolved,84.70568984559452,70.91294900783198,0.837168661716768,False
bioemu,SASDA96,folded,129,0.9527827088547908,0.937137931005048,0.9999997787336796,0.9999997787336796,fits,15.170752563999155,15.130113553788975,0.9973212264824213,True
bioemu,SASDAB4,folded,413,8.745815224261616,1.6053394339292917,,0.1994187237905907,population,35.68399313363872,34.447432710821936,0.9653469156832927,True
bioemu,SASDAB5,partly disordered,321,6.090551516254599,1.137379694793206,,0.8101457241759819,calibration,31.660333642537942,29.526618254798237,0.9326060359366237,True
bioemu,SASDAE6,partly disordered,282,1.927608955234069,0.9819098479235234,0.2530569609726355,0.998617514437758,fits,28.74186641745177,28.07095936380371,0.9766574987196832,True
bioemu,SASDAG6,folded,357,7.167843645804175,3.3123466188193578,,,unresolved,25.724448891924634,27.147445509729305,1.0553168942037618,True
bioemu,SASDAG8,folded,189,156.1858796220484,2.0467631684486407,,,unresolved,22.993548285443527,19.00294484147567,0.8264468191499535,True
bioemu,SASDAH4,folded,355,3.751157549846064,2.790850315902022,,,unresolved,29.33496653182824,26.108822211135923,0.8900239304111026,True
bioemu,SASDAJ5,folded,321,3.3173965676738573,2.890221572859877,,,unresolved,24.111438078093432,22.663015961678266,0.9399280079552311,True
bioemu,SASDAK2,folded,154,2.142756141366371,1.4841081011817856,,0.9664092462940016,calibration,16.32860764335442,16.548685652385068,1.0134780633987623,True
bioemu,SASDAN2,folded,150,5.025638487034379,1.254541730319682,,0.2667612075506496,population,16.28254805251888,18.071181159227397,1.1098497053986474,True
bioemu,SASDAQ2,folded,76,1.0989359439237891,1.06374350309736,,0.9999980230947256,fits,13.127914861296814,13.005415267557812,0.9906687699430357,True
bioemu,SASDAR3,partly disordered,205,14.026863102565834,2.6819313821260584,,,unresolved,22.07366086293452,18.371563654889947,0.8322844030705829,True
bioemu,SASDAS6,folded,376,4.250205319144311,3.142293425811637,,,unresolved,37.62818641749734,36.46496676201915,0.9690864810072993,True
bioemu,SASDAT3,folded,194,29.92319712987097,7.940238628679589,,,unresolved,20.742034504696942,23.32861870712098,1.1247025310770897,True
bioemu,SASDAT4,partly disordered,335,15.60628372494329,4.36971811055817,,,unresolved,27.5847850061949,26.23349512611688,0.9510132168956709,True
bioemu,SASDAW6,folded,134,8.71286253452471,1.7080642772690986,,0.0283210817610361,population,17.948798426541245,16.45564600401395,0.9168104523186722,True
bioemu,SASDAX6,folded,106,1.4082051741766513,1.076848471350961,,0.9998685892044926,fits,15.405752795665975,15.155858645881183,0.9837791665815192,True
bioemu,SASDAY4,folded,362,394.372146909623,68.6403172640288,,,unresolved,29.480506902127026,27.92671742960586,0.9472943434222612,True
bioemu,SASDAZ4,folded,243,6.634150327311234,0.9969154052114888,0.2207835553394806,0.5835297086593004,calibration,29.6991358606513,24.207006272621744,0.8150744313303022,True
bioemu,SASDB26,folded,489,23.04168304643956,9.055403630222148,,,unresolved,57.84096333986231,53.96166914018679,0.9329317152468306,True
bioemu,SASDB43,folded,228,2.0235501851147406,1.098875902882625,,0.9957031221294322,calibration,29.216061897427977,29.62750974269272,1.0140829331040322,True
bioemu,SASDB53,folded,333,143.65384320265284,28.343654098649772,,,unresolved,40.02064760007719,38.96562104671693,0.9736379439957333,True
bioemu,SASDB64,folded,380,8.550023665365819,1.4091139468554983,,0.1576061841025444,population,37.89283164232851,40.17811562444568,1.0603091371921747,True
bioemu,SASDB76,folded,317,3.387880589946824,1.398500576187315,,0.03065869817685,population,36.58720342695236,34.65576287780197,0.9472099431429194,True
bioemu,SASDB84,disordered,153,4.550120313198536,3.9898664134326713,,,unresolved,17.42062469296394,16.30409732365514,0.9359077306935062,True
bioemu,SASDB85,partly disordered,179,1.786341327223208,1.3711780923025567,,0.999989030876582,fits,16.98135065294012,16.291658545683973,0.9593853209116359,True
bioemu,SASDB93,folded,429,13.59511287325294,0.927451188081172,0.092182945990102,0.2356973341036068,population,45.12678608267552,54.3201547120224,1.203723097242156,True
bioemu,SASDBB3,folded,140,7.894534915794753,2.0150000192058357,,,unresolved,21.075252027461502,21.279320099572544,1.0096828295028282,True
bioemu,SASDBB9,folded,400,9.816834061619282,1.0312598962246486,,0.1567275709751308,population,34.69894772572521,34.69801582906764,0.999973143374118,True
bioemu,SASDBC7,partly disordered,398,1.1481947706885889,1.0598900996074303,,0.9996611753714376,fits,33.368447910686264,36.41680469492506,1.0913544673218847,True
bioemu,SASDBD4,folded,360,4.138567542897896,3.86420524697087,,,unresolved,43.41604271047099,41.822081330287,0.9632863503748221,True
bioemu,SASDBD9,folded,274,3.3796259520470158,1.6822650261688663,,0.0411992337814774,population,24.36362591441428,28.862961779404127,1.1846743124687324,True
bioemu,SASDBG3,folded,357,16.383036888729706,10.000285815945096,,,unresolved,31.08052827402674,28.87745600272813,0.9291172835971496,True
bioemu,SASDBG6,folded,140,1.562564781767029,1.0683203927530611,,0.9998206368874912,fits,23.58809657263261,24.952295680232616,1.0578342175003124,True
bioemu,SASDBK6,folded,133,9.368473814030274,1.0897633204481207,,0.2086404859183406,population,18.99073112008637,17.505855591879023,0.9218105127802687,True
bioemu,SASDBM9,folded,161,1.29808210317714,1.29808210317714,,1.0,fits,19.88910293174276,19.34286828115234,0.9725359835249968,True
bioemu,SASDBN2,folded,152,1.70549355693458,0.9762389100306758,0.2177904813445747,0.9998627477308054,fits,19.47797849942821,19.440996563567705,0.9981013463044128,True
bioemu,SASDBN3,folded,400,4.511410095349843,1.8643978759176216,,0.024241593882207,population,33.56704210669868,31.621505815717075,0.9420402821077479,True
bioemu,SASDBP2,folded,228,6.778894259252769,1.47365136450523,,0.1695141321702804,population,24.623705434894923,23.216142814079173,0.9428370914955368,True
bioemu,SASDBP4,folded,229,5.003099141872897,1.601517885066447,,0.1769893290609699,population,20.67929229890567,20.66147328363174,0.9991383160015166,True
bioemu,SASDBP9,partly disordered,378,9.450620138769684,1.0751246328715511,,0.12416902921688,population,39.56569269567406,47.09240958507152,1.1902334162904824,True
bioemu,SASDBQ3,partly disordered,164,1.3846087232651692,0.9970716576334716,0.0532205972018595,0.9992627135424804,fits,19.58249808868201,19.06963694086785,0.9738102286290748,True
bioemu,SASDBR4,folded,351,182.460632533814,3.5538881834745726,,,unresolved,35.13067418255108,27.993127815088823,0.7968286537749572,True
bioemu,SASDBT2,folded,162,3.277463688546601,1.281564234461179,,0.1872530906669523,population,17.89105911617694,17.7025031688419,0.9894608840029739,True
bioemu,SASDBU7,partly disordered,276,2.339715780445417,1.1961736144635398,,0.9770071900277948,calibration,26.04951407052525,25.12768445891303,0.9646124066223845,True
bioemu,SASDBV9,folded,111,2.945836403829575,1.14248195746875,,0.6997968758776857,calibration,17.559892250862447,17.36575384328868,0.9889442141899115,True
bioemu,SASDBW2,folded,210,45.2480010194618,1.2860223923634355,,0.0904422117599535,population,22.081653813163623,20.46729133212081,0.9268912331158621,True
bioemu,SASDBW3,folded,248,1.0418139992930602,1.0049061737785354,,0.999992073546368,fits,23.21429075330823,23.36502062090648,1.0064929775025226,True
bioemu,SASDBW9,folded,211,1.6436107604782528,1.1249978224900197,,0.9999249983884562,fits,26.370021531790638,26.71860799805233,1.013219043672052,True
bioemu,SASDBX2,partly disordered,388,336.0669401656219,1.828177413087692,,0.0863257041634713,population,31.30721062717448,28.586969320799486,0.9131113487314695,True
bioemu,SASDBX9,folded,110,27.59923970947003,15.286565060301632,,,unresolved,27.485297787609426,17.076885458801726,0.6213098213729419,True
bioemu,SASDBY5,disordered,217,7.601847703911844,7.601847703911835,,,unresolved,50.84005024313629,61.124014631878616,1.202280767614519,True
bioemu,SASDBY9,folded,226,21.458829797876025,2.806899288841448,,,unresolved,28.006876077328062,26.46950062263565,0.9451072140124568,True
bioemu,SASDBZ6,disordered,404,2.562829864321204,1.0710833166502856,,0.5183913089136546,calibration,38.39719079004445,66.13751776614004,1.722457200782721,True
bioemu,SASDBZ9,folded,439,14.714865812564035,4.407781586317701,,,unresolved,43.00111612764496,47.8565900239472,1.112915066713366,True
bioemu,SASDC23,partly disordered,395,1.2346687021724794,0.9989367871099932,0.0493347916132658,0.9994591188488352,fits,32.09262245439571,33.61287173395925,1.0473706778473417,True
bioemu,SASDC26,folded,410,133.30857856612587,2.7530490220225583,,,unresolved,31.60524213430056,27.50448510801016,0.870250732177118,True
bioemu,SASDC35,folded,311,24.200181666554297,0.7704394327594442,0.0365772423389695,0.0690670671699012,population,29.626938869776883,35.98239269961801,1.2145160476340833,True
bioemu,SASDC36,folded,219,1.139316014208171,1.0144402475925305,,0.9993767437674096,fits,21.21498197914088,21.535439788175687,1.0151052595448768,True
bioemu,SASDC45,partly disordered,466,4.868203207653393,1.0138865887090305,,0.8045789541943418,calibration,28.801695123654184,30.387843850194518,1.0550713671445562,True
bioemu,SASDC46,folded,193,0.96473199588153,0.9624542312877936,0.9999966581099532,0.9999966581099532,fits,20.314017426953896,20.49820634271393,1.0090670846582834,True
bioemu,SASDC53,disordered,98,37.0959039092409,0.9972553398490877,0.0857829970685716,0.4105100792264012,population,26.86851677293757,21.329021998443967,0.7938295283916424,True
bioemu,SASDC55,folded,159,6.520673002566931,3.4794899749943413,,,unresolved,24.980177461519016,19.171875341762437,0.7674835525606637,True
bioemu,SASDC62,disordered,49,3.026628535031724,1.037149969761454,,0.5819427748216051,calibration,16.48168929049662,20.46334769228457,1.2415807221947681,True
bioemu,SASDC65,partly disordered,279,2.0417800500607424,1.0794563988105024,,0.9990501582631276,calibration,35.33617454900705,41.42093246645254,1.1721962831320822,True
bioemu,SASDC88,folded,155,1.0827513969185336,1.0827513969185336,,0.9999999999999996,fits,17.006544687603014,17.797000599211025,1.0464795128068676,True
bioemu,SASDCA6,folded,87,5.434104310146779,1.0446806048284636,,0.2033653768308091,population,15.292585504608953,14.093502939428692,0.9215905927209709,True
bioemu,SASDCD3,folded,275,37.958133242967726,0.963430102517132,0.1311108283113778,0.2981576220774032,population,26.98146096984308,25.68252502986427,0.9518582058462061,True
bioemu,SASDCD6,folded,131,1.1265202766441622,0.9933704095099458,0.1757839064891495,0.9998651548715474,fits,22.96770400298687,23.4389661026092,1.0205184680001556,True
bioemu,SASDCG6,folded,171,3.3614180560063,1.7822440430738435,,0.0250701433291273,population,18.510789645644085,17.44983215533514,0.9426843743233501,True
bioemu,SASDCH7,folded,126,1.7698417677119564,1.6938242655894054,,0.9993964656344588,fits,17.1827902985935,16.932436324050865,0.9854299581038869,False
bioemu,SASDCJ6,folded,288,3.863234817833285,1.774472680359745,,0.0410091694090016,population,22.62082201980893,21.368337212510827,0.9446313309834051,True
bioemu,SASDCK3,folded,451,2.6335503637465894,1.348518694391311,,0.822642504234353,calibration,26.64172846186229,25.94254395614593,0.9737560381370434,True
bioemu,SASDCK6,folded,446,4.100696013059747,1.0891130591099376,,0.2943220036553965,population,28.119619492090045,29.490381377947266,1.0487475261264758,True
bioemu,SASDCK7,folded,347,6.303820966532098,1.4009433724462177,,0.1188884210501787,population,27.56099874662891,26.814085051866,0.9728996143561646,True
bioemu,SASDCK9,folded,364,4.1747354275865485,1.3496625107852611,,0.35964265746049,population,25.5762977090285,25.50714880302639,0.9972963676452007,True
bioemu,SASDCL2,folded,243,6.568234283890417,2.8411822342640742,,,unresolved,24.00465763504737,21.96936343221654,0.9152125294276535,True
bioemu,SASDCM6,folded,291,1.3470456898249672,1.3101107433332924,,0.9999534332771828,fits,23.664835098146547,25.95871544402346,1.0969320232472937,True
bioemu,SASDCN9,folded,267,1.4229535803842763,1.0770989754055469,,0.99979019974616,fits,24.79501819170556,26.73048571600916,1.078058725722212,True
bioemu,SASDCP5,partly disordered,148,38.26635881088082,12.602700015718792,,,unresolved,20.956718479288742,18.30593830291529,0.8735116769835323,True
bioemu,SASDCP8,folded,211,96.20009624084103,1.6497493026275971,,0.0942881061034431,population,22.93091321979196,19.899798270434346,0.8678153407888953,True
bioemu,SASDCU2,partly disordered,373,11.737958408870252,1.1785334516183308,,0.2650733026221533,population,49.36273264837064,40.06893656936642,0.8117244410837741,True
bioemu,SASDCU8,folded,326,1.0292690678402934,1.0292690678402934,,1.0000000000000004,fits,25.888863921300747,21.18440958860401,0.8182827046023435,True
bioemu,SASDCV7,partly disordered,489,179.48787046638034,179.4878704663789,,,unresolved,34.5051689106723,48.00983782869577,1.3913810407068181,True
bioemu,SASDCY4,disordered,254,2339.8331644674345,90.42695909613242,,,unresolved,51.313714114923606,66.47137733864773,1.2953920503547376,True
bioemu,SASDCY9,partly disordered,100,2.036060263636428,0.9826272446354294,0.4643155462406609,0.9958231635792492,calibration,22.587071094653734,20.694774501299296,0.9162221349804696,True
bioemu,SASDD32,folded,430,6.135794389969503,6.1357943899695,,,unresolved,28.95180421854238,25.521199269032124,0.8815063502221011,True
bioemu,SASDD43,folded,187,2.34950266074906,2.3495026607490592,,,unresolved,17.47467396485706,17.24291713129892,0.9867375589367663,True
bioemu,SASDD76,folded,285,1.853208824303758,0.964024659495946,0.6522191996332958,0.9994863493571832,fits,25.69069346151649,24.33662362850187,0.9472933716233485,True
bioemu,SASDD85,partly disordered,483,12.70311600710158,0.9932405203155364,0.1349857358917999,0.3807525974765217,population,38.81275981879835,34.82032504036784,0.8971360244138878,True
bioemu,SASDD88,folded,91,3.2385671754712857,3.0998431384377283,,,unresolved,16.107537299224845,14.087165255829111,0.874569774021696,True
bioemu,SASDD95,folded,409,28.076649102334077,28.07664910233406,,,unresolved,29.70416960620056,27.37361551520793,0.921541180181447,True
bioemu,SASDDD8,folded,291,11.83464445605562,5.591226713543737,,,unresolved,23.349134782667196,22.280796476133396,0.954245058051279,True
bioemu,SASDDD9,folded,137,18.112588158687046,0.994351591448299,0.0345858418914543,0.2715104097195692,population,18.9559063984566,21.25128128362962,1.121090220479244,True
bioemu,SASDDE3,partly disordered,122,37.31661707867534,1.361210566152106,,0.1633054542771917,population,20.050288437478446,17.2984628061132,0.8627538132458248,True
bioemu,SASDDE8,partly disordered,235,3.841308177795279,1.0889854063383746,,0.7717651060282524,calibration,23.67302564056997,22.412660776435576,0.9467594517375748,True
bioemu,SASDDF5,folded,246,1.3093664084328718,1.1882272244668464,,0.9998991260950314,fits,21.159297294326983,21.10491843368452,0.9974300252089637,True
bioemu,SASDDF6,disordered,169,69.4984922115896,0.8322373012400313,0.2366699565674968,0.3764221705355488,population,33.0817807556,40.50343968378623,1.2243427880444409,True
bioemu,SASDDH6,folded,205,5.435700517490524,1.7456099568670065,,0.0992775906970626,population,23.994398950281724,20.213738205453105,0.8424356970698684,False
bioemu,SASDDJ2,folded,77,1.5786323538532088,1.099182322124993,,0.9944415605772974,fits,12.912102146071629,13.139593483474917,1.0176184586235248,True
bioemu,SASDDK7,partly disordered,170,2.50706727011072,0.9851668758113522,0.7187765686637733,0.9656348614915132,calibration,25.925220018303506,27.638009928413037,1.0660665525268553,True
bioemu,SASDDL7,folded,128,22.94403679146956,1.7729089322473035,,0.0218657265090454,population,17.262606206058717,16.02283029588474,0.928181417372607,True
bioemu,SASDDM6,folded,264,8.84922866460291,1.0278315058445908,,0.4181974761504404,population,21.37655988307354,22.286722221284304,1.0425775870013327,True
bioemu,SASDDR2,folded,279,1.136068163003582,1.1360681630035818,,0.9999999999999996,fits,27.280455698611856,25.416397645987608,0.9316705676320832,True
bioemu,SASDDU2,folded,295,1.4386467406689645,1.0281482133716568,,0.9971242431132408,fits,25.46205310952465,25.11629417060848,0.9864206182655856,True
bioemu,SASDDV2,folded,300,1.0780612970521302,0.967734194169356,0.3142744475531399,0.9999617919395212,fits,24.00400703736039,23.288449181361177,0.9701900663966019,True
bioemu,SASDDX4,folded,176,1.1979292902059815,1.197929290205981,,1.0000000000000002,fits,19.3097639183258,18.936093153568024,0.9806486103953272,True
bioemu,SASDE27,folded,178,1.324820339247072,1.22952378154572,,0.9999984256021628,fits,18.133308154127636,17.775224190228673,0.9802526951588008,True
bioemu,SASDE34,folded,144,1.0942227123997252,1.084436084041693,,0.9999968843876332,fits,15.856130142325917,15.73518311914876,0.9923722231028929,True
bioemu,SASDE48,folded,97,5.843923887309349,2.221050376344743,,,unresolved,15.032904410734933,14.210796048595071,0.9453127393298133,True
bioemu,SASDE53,folded,41,4.287513052650169,4.287513052650169,,,unresolved,20.25713490851255,12.514655330094474,0.6177899977768082,True
bioemu,SASDE59,folded,320,2.73496026560076,1.0205310273115848,,0.9788731965311084,calibration,30.44913345514281,29.867430522574143,0.9808959117531005,True
bioemu,SASDE73,folded,60,28.157721710761944,13.956840228998184,,,unresolved,24.65670447026993,13.624560055288988,0.5525701973561365,True
bioemu,SASDE79,folded,314,23.56799037755297,1.1468699036283172,,0.3231242585670036,population,31.500343110147075,35.18075706259929,1.116837265536535,True
bioemu,SASDE93,folded,109,44.35485410154149,44.35485410154149,,,unresolved,35.365598779422015,15.76026389421324,0.44563825972553806,True
bioemu,SASDEA9,folded,356,1.4126806364853235,0.9918039300340454,0.5208980537578954,0.9992544208420244,fits,30.75823648732613,30.1913216893446,0.9815686832951191,True
bioemu,SASDEB3,disordered,153,6.077497829934343,6.077497829934333,,,unresolved,28.51132254398601,38.66293839251404,1.3560555927514961,True
bioemu,SASDEC3,disordered,178,3.319070660973848,3.319070660973848,,,unresolved,39.78520287110585,46.60607366456431,1.1714424032361073,True
bioemu,SASDEC6,folded,334,6.440592505941132,4.38276166248874,,,unresolved,25.934930423058976,25.622603546442548,0.9879572888177585,True
bioemu,SASDEC9,folded,257,29.23860989321664,2.7493183038672417,,,unresolved,21.970055854390587,24.25231377822099,1.1038803878768615,True
bioemu,SASDED2,disordered,267,155.62165583942772,14.903438722744228,,,unresolved,36.30915034712512,50.603127941207646,1.3936742517362237,True
bioemu,SASDED9,folded,407,17.822836102709058,1.6387896867053564,,0.017861113690501,population,26.43372130722642,28.63543194554659,1.0832917398473996,True
bioemu,SASDEE2,disordered,187,26.9480579253961,1.2242611567062207,,0.1059942514357722,population,30.247748697212263,38.86179153119965,1.2847829410451723,True
bioemu,SASDEE9,partly disordered,186,4.329673800725375,0.97840178098852,0.0794548357921074,0.270448766211541,population,22.078610169930293,24.441025101832118,1.1070001650339063,True
bioemu,SASDEJ3,partly disordered,352,11.285372426884429,0.9150741854860236,0.0410254359979945,0.1822644738946316,population,25.64205940159557,27.148635531699004,1.0587541003048173,True
bioemu,SASDEK2,disordered,38,1.348086199108685,0.989142095289294,0.3937233753294549,0.9961429258593908,fits,16.12422647527856,14.061052375534928,0.8720450805558416,True
bioemu,SASDEK4,folded,182,1.1133682453737337,1.0827414524977963,,0.9999996894120592,fits,17.159021117375257,17.093938669826706,0.9962071002125727,True
bioemu,SASDEK7,partly disordered,171,1.4523828975800244,1.1650870240036362,,0.9974775901140784,fits,20.75218114517911,20.0860034148568,0.9678984235121199,True
bioemu,SASDEL4,folded,411,1.0500134813217572,0.99856166648044,0.146690383687769,0.9999943325531092,fits,38.621723931746494,39.02097750328471,1.0103375388484417,True
bioemu,SASDEL6,folded,452,5.711526698079653,1.396455514963907,,0.5370879672455776,calibration,25.650369306279146,25.428204430354143,0.991338726032665,True
bioemu,SASDEP2,disordered,46,1.0143865965447192,0.998108992788312,0.1803266138586055,0.999992263745338,fits,22.634801619670057,23.24119700655556,1.0267903998928152,True
bioemu,SASDEQ7,folded,289,1.90496099015062,0.9766582990784444,0.1318878041603713,0.9985187748214972,fits,21.93259398057169,21.89242424293792,0.9981684912569233,True
bioemu,SASDES5,folded,121,1.388857915028894,0.9963206805782996,0.0516215234455799,0.9997077582987004,fits,15.427782572257197,15.02341319093362,0.9737895333026843,False
bioemu,SASDET2,disordered,99,5.687628648506263,1.6345904981054296,,0.2473518444877703,population,29.979239477627683,33.60738959135351,1.121022086515349,True
bioemu,SASDET5,folded,389,67.40385615650123,3.9616388549027866,,,unresolved,26.54816128092102,23.641984183402545,0.8905318878107384,True
bioemu,SASDEW7,partly disordered,142,1.509191930320504,0.9918777503609952,0.1825917784348592,0.9974071824475308,fits,22.05470139221025,21.257224179926325,0.9638409426588022,True
bioemu,SASDEX2,disordered,82,1.763260809022433,1.0563162213184305,,0.9904875802039852,fits,32.14352574493883,26.737420871244687,0.8318135690343378,True
bioemu,SASDEX4,disordered,104,1.0248015024382349,0.987262549507848,0.7375672503474483,0.9999875932151584,fits,24.028155036690915,24.60648174336342,1.02406871046859,True
bioemu,SASDEX6,partly disordered,476,9.097352452556876,1.3262954430194742,,0.1034878251381057,population,29.40594008682406,25.573541372743044,0.8696726340744263,True
bioemu,SASDEY9,folded,403,2.348835596692912,0.9878298298365232,0.2008271529095787,0.95986731659703,calibration,28.2175774377076,26.79796108113201,0.9496903531244133,True
bioemu,SASDEZ2,disordered,114,1.7529612685851017,1.056458277807802,,0.9905038543974382,fits,30.429286463023903,31.249203463951748,1.0269449959638115,True
bioemu,SASDF27,disordered,98,5.622023218165473,2.1976890625359093,,,unresolved,27.47333873499298,37.31032303268776,1.358055655069158,True
bioemu,SASDF34,disordered,271,11.95754399655002,1.034232963545924,,0.3401176854673944,population,46.21389424619515,61.07191454471328,1.3215054810002602,True
bioemu,SASDF37,folded,89,6.633330548911863,6.633330548911863,,,unresolved,18.744939526615312,17.086176071285433,0.9115087326382325,True
bioemu,SASDF38,folded,199,64.12707963262973,9.067943408693164,,,unresolved,27.52787754026244,28.88067925893764,1.0491429721269496,True
bioemu,SASDF52,partly disordered,259,7.775759419563619,14.753256774857247,,,unresolved,30.30809201467102,29.57900293461895,0.9759440785748194,True
bioemu,SASDF53,folded,274,1.2865992771563606,0.8994735722652074,0.3600111591524472,0.9994964227008496,fits,20.845797879662864,20.52156279109659,0.984446021666429,True
bioemu,SASDF65,folded,495,2.235147895851256,1.3648850748141783,,0.926283788998732,calibration,33.159641949400594,32.15362560519514,0.9696614231920667,True
bioemu,SASDFD3,folded,298,4.6277561755561125,0.8832337063997442,0.0925278611166617,0.5764166504992833,calibration,26.893577801955573,26.059869520791672,0.9689997259827855,True
bioemu,SASDFG8,folded,232,1.049423435071562,0.9952030684269204,0.1659901694153731,0.999970894337361,fits,20.239881279939794,20.2370558733314,0.9998604039930217,True
bioemu,SASDFJ8,folded,286,1.2319939153443935,1.131988515831589,,0.9997975193991072,fits,20.52035990349926,20.772319074801576,1.01227849669729,True
bioemu,SASDFK8,partly disordered,114,62.05863819683483,1.01408938720521,,0.3218844644850783,population,29.595169813517817,32.35766321875194,1.0933427117546841,True
bioemu,SASDFP4,folded,451,1.0612551941167598,1.032139855347684,,0.999989639979417,fits,26.80443025463942,26.78735485592264,0.9993629635640614,True
bioemu,SASDFP8,folded,260,1.1377663297050566,1.1377663297050538,,1.0000000000000009,fits,18.188052616508777,18.315813835130257,1.007024458380196,True
bioemu,SASDFU7,folded,409,1.3617311945653672,1.3617311945653674,,1.0000000000000009,fits,29.43605195361957,33.224112656077025,1.1286877978210546,True
bioemu,SASDFY7,folded,485,1.1150203353380477,1.0608595020258242,,0.9999635942728816,fits,23.12039899666981,23.07414732270367,0.9979995295940697,True
bioemu,SASDG45,partly disordered,139,9.495599597173385,2.020318303565018,,,unresolved,16.849766656756046,15.797103995396816,0.9375265733465123,True
bioemu,SASDGA5,folded,219,1.6521578928738334,1.045819674540445,,0.9970320976701408,fits,22.16437642566953,21.141538421850807,0.9538521642037207,True
bioemu,SASDGB5,folded,196,241.73268107872892,241.73268107872892,,,unresolved,27.275360520121342,20.89316252402488,0.7660086659023905,True
bioemu,SASDGD2,folded,309,1.2517518174268518,1.1299650122396985,,0.9999856936607384,fits,21.519191296420303,21.0267798022066,0.9771175650873267,True
bioemu,SASDGD6,folded,401,1.046192600920449,0.99608594003325,0.0923589931982352,0.9999988417724812,fits,20.333541320980963,20.900212514230105,1.0278687900107408,True
bioemu,SASDGG2,folded,298,1.1976117531809891,0.9461662654097523,0.0809078972740938,0.9999966010357388,fits,30.22116755529928,30.70496236139812,1.0160084750271008,True
bioemu,SASDGP5,partly disordered,163,7.473228642309798,1.0576648092241387,,0.0993926851793639,population,26.669651342587773,28.050696998293585,1.0517834162121373,True
bioemu,SASDGQ9,partly disordered,195,1.5417742447940332,0.983963050785013,0.2892471508776931,0.9868264348252046,fits,23.066039451520123,23.92379876270344,1.0371871084754773,True
bioemu,SASDGR2,folded,183,2.4155586971623246,1.7655763589314302,,0.0950716629033155,population,21.391062863054877,19.16163406826743,0.8957775586439906,True
bioemu,SASDGX4,folded,318,1.8242485215986055,1.1609300497296735,,0.9986974878603584,fits,25.851810447339968,26.55518430432857,1.0272079148352635,True
bioemu,SASDGZ5,partly disordered,454,15.297216129022422,1.035108283008301,,0.2997462224396041,population,31.355147364740468,27.86728199819266,0.8887625905254081,True
bioemu,SASDH24,folded,187,32.48267819991605,3.570721609182477,,,unresolved,18.05573254910537,16.68279397024202,0.9239610702512661,True
bioemu,SASDH25,partly disordered,422,4.343261050520747,1.0464974571485135,,0.4191904407828854,population,24.00004473845676,25.586504709587043,1.0661023755755004,True
bioemu,SASDH33,partly disordered,424,13.140092557085108,1.3054184192257856,,0.6661564318995542,calibration,30.847612746052288,34.079545265059245,1.1047709119539748,True
bioemu,SASDH34,folded,468,7.984859673871897,5.793533928411416,,,unresolved,31.860389251974897,29.3073291167636,0.9198672648027034,True
bioemu,SASDH64,folded,76,1.165973570231321,1.0312420455830165,,0.9996784348611486,fits,13.681804641474075,13.58006907595726,0.9925641705767073,True
bioemu,SASDH65,partly disordered,373,7.296769467678063,0.9829285802139154,0.223899507754759,0.6140253145067828,calibration,32.3611270718829,38.45287978523408,1.188242909457997,True
bioemu,SASDH84,folded,135,2.331008037531264,1.1679746546446794,,0.9600788219515464,calibration,21.196169696143176,19.80444599031161,0.9343407924270014,True
bioemu,SASDH95,partly disordered,259,5.49044007244031,0.966081404475975,0.5631373826640123,0.9038187652330368,calibration,26.475632479482893,28.431943405179425,1.073890998721657,True
bioemu,SASDHC9,partly disordered,75,2.4784923326593105,0.9724261147474164,0.2043665844898892,0.8495371022884239,calibration,28.2032077935802,30.97609983344616,1.0983183210988199,True
bioemu,SASDHD5,disordered,220,64.6314518236697,7.08868886804959,,,unresolved,27.059185579063584,59.03710995136167,2.1817770449469944,True
bioemu,SASDHF8,partly disordered,24,3.92530419608576,1.0173988465564792,,0.8617843754224265,calibration,13.6809685461946,14.898136436889333,1.0889679620697097,True
bioemu,SASDHG4,folded,284,3.3017323603345097,0.996342275108925,0.0412165479183568,0.9185044378645658,calibration,23.771629673080227,23.620663726551083,0.9936493228017891,True
bioemu,SASDHG9,folded,412,1.3539375798275486,1.3539375798275488,,0.9999999999999996,fits,24.535194673975763,24.60253166440354,1.002744506058442,True
bioemu,SASDHN7,folded,113,1.763083979393651,1.3186381589496945,,0.999981501092562,fits,16.081264925213397,14.7204214827474,0.9153770895016867,True
bioemu,SASDHP4,folded,279,1.4727310971383127,1.3025590554533706,,0.9999974248180092,fits,23.012086684198103,21.06825683077994,0.9155300481832034,True
bioemu,SASDHP7,folded,299,1.79214803881316,1.5829921430447242,,0.9999704232450672,fits,19.339871528062048,19.15411038391194,0.9903949132298749,True
bioemu,SASDHS8,folded,467,1.4178279876012638,1.4178279876012638,,1.0000000000000002,fits,18.213340415659975,32.957453567740174,1.809522735291495,True
bioemu,SASDHT5,partly disordered,377,1.3628620681788886,1.1964429141478574,,0.9999875492517976,fits,24.59557685922055,32.82829099858831,1.3347233604842825,False
bioemu,SASDHV4,partly disordered,305,1.5378500819732446,1.0095971706234093,,0.9994545261477686,fits,31.978546678312444,35.91530489756479,1.1231062267730327,True
bioemu,SASDHW9,folded,465,2.2680490436721445,1.0637066213511446,,0.974615032090439,calibration,29.670990921861083,30.91898111794891,1.0420609543973245,False
bioemu,SASDJ28,folded,245,3.964981447841837,2.0735195907634,,,unresolved,21.42812517432333,20.445344913894274,0.9541359660523782,False
bioemu,SASDJ29,folded,318,1.2910819116993653,0.9951129704281756,0.4654321860428435,0.9979297337393124,fits,24.7145917019278,24.40112843054004,0.9873166720628724,True
bioemu,SASDJ63,folded,404,2.3947131930192893,1.269226631070168,,0.8520537085043572,calibration,29.987729124099957,28.675173486720706,0.956230242311866,True
bioemu,SASDJ83,partly disordered,179,1.1861217727601554,0.963572746020672,0.4476488903969891,0.9995651027242696,fits,20.498015278706884,20.008565699619243,0.9761220990211635,True
bioemu,SASDJ84,folded,215,112.1681964789942,5.440450183900299,,,unresolved,26.942580072956943,22.166159878817872,0.8227185302519225,True
bioemu,SASDJ86,partly disordered,208,2.798637281372667,1.0444301838923278,,0.7201850941507649,calibration,34.367166745239295,28.548774601793976,0.8306991034036487,True
bioemu,SASDJ93,folded,272,1.3073810093272349,1.2109439887006304,,0.9999740227874868,fits,21.546828718851675,21.84468886696808,1.0138238509250228,True
bioemu,SASDJ94,folded,216,2.633449555970421,1.1634949710308582,,0.9437895121330966,calibration,21.07953022174192,21.97661379829136,1.0425570953011167,True
bioemu,SASDJA4,folded,270,4.008912513973181,2.306824411356104,,,unresolved,23.35230091111216,21.879163944720908,0.9369168386447837,True
bioemu,SASDJA5,folded,172,8.033212589202703,2.759194832705352,,,unresolved,22.821354484439723,21.209562937649377,0.9293735370576136,True
bioemu,SASDJB2,folded,278,1.3905898842946385,1.2413038848421558,,0.9999758267941664,fits,21.7493830991841,20.402510103284072,0.9380730483362282,True
bioemu,SASDJB9,partly disordered,82,1.0261958623887169,1.012612266856216,,0.9999993675114314,fits,20.1044359700569,18.57336104458617,0.9238439254027778,True
bioemu,SASDJC4,folded,290,2.592342262939117,1.652868436587112,,0.2590494000970317,population,24.327093149238344,24.317482249225275,0.9996049301922713,True
bioemu,SASDJD6,folded,419,68.86485314853948,17.529120609613877,,,unresolved,35.91730479767933,30.977730014070683,0.8624736791517887,True
bioemu,SASDJE2,partly disordered,34,6.77370435787057,1.1094027909545714,,0.8100547887960649,calibration,15.554020967405588,14.512568430398408,0.9330428743030752,True
bioemu,SASDJE4,folded,249,1.5972216015704126,1.5241062370044811,,0.9999999225369972,fits,25.909675879746903,22.33992396369144,0.8622232121843767,True
bioemu,SASDJF5,folded,203,2.969787855879276,1.4103679482224525,,0.3291360357428625,population,20.867592073543776,20.359838222117,0.9756678274312964,True
bioemu,SASDJF6,partly disordered,78,5.897015253093152,0.9741286331845406,0.1503290076012709,0.414638161274595,population,23.063329812643,18.21668010877812,0.7898547285566713,True
bioemu,SASDJG2,partly disordered,20,2.5903290418252283,0.9980582345309766,0.10693777803435,0.9800022818100866,calibration,12.209201840057158,11.42430205501602,0.9357124408848774,True
bioemu,SASDJG4,folded,261,2.4077344641320195,2.407734464132018,,,unresolved,28.54921955880945,26.52633577071052,0.9291439899457873,True
bioemu,SASDJG6,disordered,40,12.369041529657878,6.5638129364922815,,,unresolved,9.424330958943306,22.91977088557393,2.4319785654199673,True
bioemu,SASDJH6,disordered,51,40.719840401228986,0.9970805445906342,0.1511195101362963,0.4835821140211587,population,18.877000305256832,16.867675088792478,0.8935569643496376,True
bioemu,SASDJJ4,folded,200,1.036931483518885,1.003234574875809,,0.9999948110032992,fits,18.021652342435598,17.815077232320103,0.9885373934537028,True
bioemu,SASDJJ6,disordered,191,37.11082014829822,3.0479739705806823,,,unresolved,33.94387746943146,49.27241806260221,1.451584843451519,True
bioemu,SASDJK6,disordered,209,162.38147947677345,2.064572598313012,,,unresolved,38.21268048362726,52.70673962988518,1.3792997236210136,True
bioemu,SASDJL9,folded,87,1.5377128318165925,0.8393406171810356,0.4590648142912563,0.9997794723563824,fits,15.300948556562718,14.390900199605756,0.9405234026117529,True
bioemu,SASDJM2,folded,381,31.128382215641462,3.3206037290195987,,,unresolved,33.30094974103696,37.25357802286794,1.1186941607542242,True
bioemu,SASDJM5,partly disordered,379,9.332919972946826,1.0499074566405866,,0.1459014085895599,population,31.649923348728528,38.20226334503773,1.2070254617716927,True
bioemu,SASDJN5,folded,405,3.3716315987097536,1.0288304802863104,,0.8522868957828088,calibration,30.364891463260168,28.75214224551412,0.9468877002344176,True
bioemu,SASDJP5,folded,301,1.218522916537791,0.8779199710763991,0.930676381658982,0.9985122966840572,fits,29.43403816447536,29.271437523127258,0.9944757616865378,True
bioemu,SASDJR3,folded,271,0.9844866712162016,0.9683793804492892,0.999999088801624,0.999999088801624,fits,24.42216965471741,23.89629751640258,0.9784674275156691,True
bioemu,SASDJT3,disordered,439,3.9241744765399793,3.924174476539979,,,unresolved,33.476669963690235,31.904374762964345,0.9530331062668047,True
bioemu,SASDJT7,disordered,180,25.10412282820973,1.0423055475145493,,0.2027993306372903,population,35.034740281753216,51.00597069690098,1.4558683834018857,True
bioemu,SASDJV9,partly disordered,138,3.07055433924454,1.0686879111267396,,0.867566443073991,calibration,,18.725036454084584,,False
bioemu,SASDJX3,partly disordered,190,20.70586710152297,1.0239326480345008,,0.4210799870319091,population,29.754457105952124,25.53376580657576,0.8581492754397442,True
bioemu,SASDJX7,folded,302,19.446506844273088,1.068278400438882,,0.3263272619066666,population,26.146451397669374,27.17157626268188,1.039207036145023,True
bioemu,SASDJY2,folded,182,1.1915322752636286,1.191532275263629,,1.0000000000000004,fits,20.52939705686798,20.499585967727025,0.9985478828697025,True
bioemu,SASDJZ6,folded,211,3.707624349397432,1.5343132302546023,,0.153599797224669,population,24.451750623018825,24.587725108130208,1.005560930471104,True
bioemu,SASDK42,folded,364,16.271852944146385,0.9995981091635636,0.0889100141537273,0.3882662853254512,population,31.48987735994072,27.94880504360972,0.8875488692491477,True
bioemu,SASDK52,folded,265,1.2400305185501483,1.1302723466565154,,0.9999439086869698,fits,25.17459867980943,26.90534274016049,1.0687496187074932,False
bioemu,SASDK56,folded,223,1.3357092299521331,1.3357092299521331,,0.9999999999999996,fits,29.59217888512532,20.3825424730427,0.6887814024160317,True
bioemu,SASDK68,disordered,150,5.382964432863366,5.382964432863367,,,unresolved,35.81531059549425,43.43802784536256,1.212834040055129,True
bioemu,SASDK76,folded,320,1.0520824252052343,1.0007180087532044,,0.9999996804389844,fits,22.84806480713285,21.71613592497766,0.9504584352456048,True
bioemu,SASDK92,folded,412,42.24348039804221,7.652659865580169,,,unresolved,30.38288423898635,27.05765288641797,0.8905557705972644,True
bioemu,SASDKD6,disordered,70,2.274724409610527,2.2747244096105272,,,unresolved,23.98431280548197,24.449295617756363,1.0193869558008815,True
bioemu,SASDKH8,disordered,173,4.781391032100006,1.0435437226638054,,0.8979140959900325,calibration,37.30106760782824,44.222252300124566,1.1855492385650594,True
bioemu,SASDKK2,partly disordered,360,13.833565823461864,13.833565823461864,,,unresolved,31.910224522436064,28.74409381757085,0.9007800555386531,True
bioemu,SASDKK9,folded,289,5.013386218038124,1.1384788388511302,,0.4475082178848164,population,28.50130674916844,25.40354332265277,0.8913115298965705,True
bioemu,SASDKQ3,partly disordered,492,33.54054307649307,6.921037026096,,,unresolved,44.32816638984295,34.42832504079722,0.7766692792573051,True
bioemu,SASDKQ4,folded,253,85.96226539507674,41.99455211559635,,,unresolved,7.145788682210825,19.93271325499278,2.7894350283005886,True
bioemu,SASDKU8,partly disordered,103,19.94735774567947,1.1141395073297915,,0.0455971319291746,population,29.677099235126654,19.968405047867385,0.672855688814499,True
bioemu,SASDKV7,folded,336,1.0396992352890675,1.0165228783179274,,0.9999993994109002,fits,24.16936180892453,24.666618207270098,1.0205738323699534,True
bioemu,SASDKW7,folded,148,1.1045505312702304,1.0825706700579172,,0.9999978856303972,fits,21.35132996744245,20.490016067109504,0.9596599414815696,False
bioemu,SASDKX6,partly disordered,91,6.717844035768575,5.029282903790798,,,unresolved,15.989334174188226,27.87358704628404,1.7432612729603654,True
bioemu,SASDL26,folded,273,3.808780249917931,0.8495401467568107,0.139827926939853,0.3735524159715319,population,25.44953543642256,28.629563179934003,1.124954255116197,True
bioemu,SASDL49,partly disordered,459,10.542162470487597,1.4944949332558952,,0.0986551189649682,population,44.155490807125325,55.81835358453628,1.2641316530339402,True
bioemu,SASDL62,partly disordered,284,2.7949964683528643,2.794996468352864,,,unresolved,23.250628262362174,22.38213291750915,0.9626463708828491,True
bioemu,SASDLA5,folded,133,1.272157398766821,1.1237880330834265,,0.9992410352912772,fits,14.712126400542216,14.906598315487912,1.0132184777136315,True
bioemu,SASDLB7,folded,424,2.243946106112321,1.1490979377808537,,0.9602614547800908,calibration,40.35786960231569,32.92078335339295,0.8157215352988799,True
bioemu,SASDLF3,partly disordered,252,22.616245896519047,9.810340508080747,,,unresolved,44.83394987044664,39.80211854548519,0.8877673874485394,True
bioemu,SASDLF9,disordered,133,12.231109394738082,1.0210205671066666,,0.125542528160095,population,33.05699054942868,46.28328078234075,1.4001056966494083,True
bioemu,SASDLH5,partly disordered,361,192.33480525452308,48.31565541168728,,,unresolved,60.98743235823829,42.434996357098434,0.6957990313124938,True
bioemu,SASDLH9,partly disordered,122,633.1131250437415,11.645611250309756,,,unresolved,28.04100093582992,23.038148527803383,0.8215879518896186,True
bioemu,SASDLJ9,disordered,62,584.1016955401697,5.088225036085608,,,unresolved,24.26268893160696,17.982711506452656,0.7411672942411016,True
bioemu,SASDLK9,disordered,475,8.888180348544271,0.9271892361946836,0.322147788393841,0.7872590146614901,calibration,71.66806527509094,78.27335496516739,1.09216503424116,True
bioemu,SASDLM8,folded,364,4.913493804002004,3.013209234685621,,,unresolved,27.9970236443302,24.320972992662355,0.8686985195866598,False
bioemu,SASDLM9,folded,170,2.050428618675129,1.1724503099577417,,0.9919978141693347,calibration,22.12672289167008,21.568451499127782,0.9747693594177713,True
bioemu,SASDLQ3,folded,169,0.782194553241963,0.7804423231547258,0.9999999957493084,0.9999999957493084,fits,17.217254134718086,17.31112549948734,1.00545216815845,True
bioemu,SASDLR9,folded,78,1.130426740930217,1.0417421695019546,,0.9996997182958642,fits,17.954227642777084,17.738560009290154,0.9879879191810463,True
bioemu,SASDLS4,disordered,255,35.8050859867315,1.4269849487543949,,0.0696319449801067,population,46.96046974149995,65.59627478258875,1.396840260407786,True
bioemu,SASDLT4,disordered,410,8.52768634239539,1.700243062191862,,0.2257214124957886,population,62.843037652504194,76.00554909212612,1.2094505920036063,True
bioemu,SASDM43,folded,119,2.3812323339304817,1.093061838202137,,0.9478885681967616,calibration,16.597264852235362,17.46954319247039,1.0525555474351274,True
bioemu,SASDM53,folded,226,1.6236817673143231,0.9334707392441572,0.5578576785824599,0.999641565777747,fits,23.63943417193286,21.952218988452195,0.9286270910204824,True
bioemu,SASDM55,folded,168,3.9220484072692057,2.171116213018561,,,unresolved,16.071404143587927,16.611016833571608,1.0335759517440155,True
bioemu,SASDM65,partly disordered,292,4.336348587679039,0.9869040441953691,0.2294456012540583,0.8983120604599906,calibration,35.862684366923666,37.291842641975904,1.0398508449738457,True
bioemu,SASDM75,folded,476,8.73985594219691,1.84025931905993,,0.0414885949399815,population,31.683341944875067,30.245924379670264,0.9546317567223267,True
bioemu,SASDM82,folded,83,1.0569771080957269,1.0383445114879049,,0.999999524369997,fits,13.650494989494929,13.894436964991154,1.0178705589565769,True
bioemu,SASDM97,folded,274,2.7347223654749016,2.7347223654749024,,,unresolved,23.610050873932096,24.48387800678476,1.0370108110956024,True
bioemu,SASDMA5,folded,60,1.0252182751521182,0.9986204143028644,0.0653183357609048,0.9999808793584783,fits,11.624823382481823,12.408207641130822,1.0673889170505189,True
bioemu,SASDMC9,partly disordered,444,1.128473868749178,0.990068757899188,0.4771391287777902,0.9990438083033456,fits,32.32706504222345,31.74643998287153,0.9820390419422997,True
bioemu,SASDMQ2,folded,484,1.4218990275177927,0.9918904957464156,0.3433932087033322,0.9983658253840232,fits,53.4452888036859,56.69155241785332,1.0607399396061181,True
bioemu,SASDMQ3,partly disordered,309,1.1509883443210438,0.9967665595378392,0.1550885761882481,0.999700700698488,fits,33.400806704950185,32.210229962335525,0.964354850673765,True
bioemu,SASDMQ9,folded,285,25.78368891416044,10.369701447342468,,,unresolved,36.92427935771512,35.138739275918724,0.9516431975693164,True
bioemu,SASDMR3,folded,74,1.3716717609564215,1.3285525641173774,,0.9999984956489008,fits,14.425685321559758,13.810972386339133,0.9573876095645929,True
bioemu,SASDMS3,folded,267,1.2558366642606549,1.0969695606334615,,0.9999631959129052,fits,24.47108297670429,24.25918527735325,0.991340894084959,True
bioemu,SASDMS4,folded,320,1.772342881538473,1.0056250842491226,,0.9995094715223533,fits,28.20149969944565,31.02099223264021,1.0999766878798287,True
bioemu,SASDMT5,partly disordered,379,1.8978820841087265,1.415436809314068,,0.9923949850844238,fits,50.73332902560244,45.8878926606768,0.9044920477723746,True
bioemu,SASDMT7,folded,438,1.5392328946683151,1.3615838188113618,,0.9999752541036836,fits,23.43518668768269,22.86870451122355,0.9758277079671451,True
bioemu,SASDMU6,partly disordered,155,1.784473636336216,1.0477557322974735,,0.9996131175599742,fits,19.99741569871532,18.335572177168988,0.9168970857742837,True
bioemu,SASDMV6,folded,206,3.108897569330631,0.9952133208480556,0.1321451812587089,0.736446737353836,calibration,21.91470894288421,21.77776875777552,0.9937512204489872,True
bioemu,SASDMX9,folded,239,5.198732246272499,1.5198026219222818,,0.6512297070775875,calibration,20.9964756963414,20.5379418208158,0.9781613885036193,True
bioemu,SASDMY9,folded,247,1.37127376037275,0.9939675338922408,0.2890003534117031,0.9935762311704543,fits,22.8870202401529,22.672611112509664,0.9906318461121874,True
bioemu,SASDN65,folded,197,4.657164461735748,0.9323580370779426,0.262893323378511,0.801125956999346,calibration,18.998194594497605,18.912995048969105,0.9955153872593149,True
bioemu,SASDN68,folded,201,9.646172549717893,1.203728563418578,,0.3198540048574349,population,21.21289085795956,19.786847827849293,0.932774696308062,True
bioemu,SASDN73,folded,313,1.3224023163271217,1.0642703120865336,,0.9999818856757352,fits,22.656286829466115,22.307148772103044,0.984589793553064,True
bioemu,SASDNB2,folded,105,4.626497059507063,3.32879588329187,,,unresolved,19.69670281019105,14.743464708278577,0.7485245043475158,True
bioemu,SASDNB7,folded,269,1.0587966661501154,0.9871981418195832,0.6332521832196017,0.9997957124902946,fits,21.893309421628903,22.583711019053524,1.0315348211697295,True
bioemu,SASDNB8,partly disordered,209,1.4237937695788905,1.0710416233424365,,0.9970385207470992,fits,27.127106450979987,26.52647026066049,0.9778584497611318,True
bioemu,SASDNC7,folded,394,23.67700960297968,1.046974729408375,,0.5208818548243417,calibration,26.431468391559505,29.58599090782116,1.1193472292015756,True
bioemu,SASDND2,folded,105,3.165284591074545,2.2748122721422863,,,unresolved,13.994978063716884,13.581288142576202,0.9704401165005605,True
bioemu,SASDNG9,folded,197,86.35206798541259,8.142922653622845,,,unresolved,18.47181282473149,20.908229989874133,1.1318991908515108,True
bioemu,SASDNK8,folded,354,1.2778503750155137,0.9989448957813708,0.1091904937619738,0.9998065418277264,fits,33.811977035241966,29.232449928095992,0.8645590258631499,True
bioemu,SASDNL5,folded,311,1.7315796871780953,1.7315796871780949,,1.0000000000000002,fits,23.257996074718505,24.799687265258548,1.0662865014503922,True
bioemu,SASDNL8,folded,377,1.091991889461852,1.0790295544280777,,0.9999998976624282,fits,31.008131950532103,29.82754483322373,0.9619265320725612,True
bioemu,SASDNM3,folded,224,2.4142646899363336,1.3525646231975794,,0.298670865437492,population,29.43887111604568,27.504215172400595,0.9342822645603894,True
bioemu,SASDNM8,partly disordered,94,2.0389752831009145,0.9835604279645248,0.1841509486747073,0.997858038272908,calibration,15.354238275873108,16.227027593085907,1.0568435438822295,True
bioemu,SASDNM9,folded,299,4.750615031261383,4.750615031261382,,,unresolved,19.45174666035898,20.53188234717311,1.055528981827393,True
bioemu,SASDNQ9,folded,475,4.340301238825106,1.3051746952235888,,0.4604273284263852,population,27.72866190061496,27.25011005718899,0.982741617855878,True
bioemu,SASDNS3,partly disordered,393,21.20887546926848,0.979131856431092,0.1982920138335622,0.3998791664061907,population,46.829469069215335,39.24580199473704,0.8380578036605666,True
bioemu,SASDNS9,folded,478,2.325767799586542,1.8382595914320812,,0.1250456039218596,population,28.160007946854098,28.265415082652893,1.0037431500728882,True
bioemu,SASDNU3,folded,405,1.0885462677322648,0.929563935444825,0.7615673282822961,0.9999883762597468,fits,36.34430661545734,39.73010917513306,1.093159090789635,False
bioemu,SASDNW2,folded,427,174.80339661908542,25.88482672321713,,,unresolved,30.11673738468709,34.63933410680486,1.1501688799935312,True
bioemu,SASDNW9,folded,381,1.3013549048612705,1.3013549048612705,,1.0000000000000002,fits,22.260011411343136,23.288770210619088,1.0462155557904038,True
bioemu,SASDNY9,folded,320,1.9737238801346109,1.108693574796144,,0.9999742907251644,fits,24.416581191012437,21.72777205289086,0.8898777385299418,True
bioemu,SASDP28,folded,240,1.3823738763029154,1.0556659564052109,,0.9986625139290142,fits,24.662468494373517,24.39137323537279,0.9890077808284854,True
bioemu,SASDP35,folded,190,1.4063366573190907,1.0557426583351115,,0.9999990757188134,fits,,15.716211244700297,,False
bioemu,SASDP64,partly disordered,76,0.9754513712163068,0.9725266836601304,0.9999993356600652,0.9999993356600652,fits,20.23475008941292,20.526745390562503,1.0144303883101753,True
bioemu,SASDP79,partly disordered,144,1.4718059155814434,0.997770349604844,0.0127745481053379,0.9999848665195178,fits,40.769709785313154,50.61481793987923,1.2414809476547384,True
bioemu,SASDP89,folded,269,1.3642521566770245,1.2971235028880306,,0.999997849067654,fits,29.856835907208463,25.163758020815354,0.8428139572130603,True
bioemu,SASDP98,partly disordered,129,2.498335251787164,2.49833525178716,,,unresolved,18.537762519826856,20.770094798166944,1.1204208046118038,True
bioemu,SASDPA8,folded,200,77.11423871413632,77.1142387141363,,,unresolved,23.76856535732245,20.00397560998297,0.8416147676250172,True
bioemu,SASDPB6,folded,215,9.649424817898824,9.649424817898824,,,unresolved,28.280849700507098,29.465537814417072,1.0418901173923616,True
bioemu,SASDPC7,folded,275,1.353756036941615,0.8283209781915228,0.7217788142531156,0.9996576678336508,fits,22.834156289893933,22.53340886857715,0.9868290547941161,True
bioemu,SASDPD7,partly disordered,351,18.83711511312625,1.1819197685732017,,0.2449179748227765,population,28.30538820526228,25.68634014382304,0.9074717491084495,True
bioemu,SASDPJ4,folded,281,1.8492390620062016,1.122678944479002,,0.999618808848872,fits,26.030085853016423,25.03778739228104,0.9618787864804375,True
bioemu,SASDPK4,partly disordered,115,4.710055773628192,1.0817875508638086,,0.7363493586181233,calibration,22.187049998278656,19.82442080064502,0.8935131440269465,True
bioemu,SASDPL2,folded,483,2.193488001756951,1.1481747681288028,,0.9921116852026372,calibration,24.953665515345055,26.52261164741269,1.0628743753539063,True
bioemu,SASDPW6,folded,79,5.336221346525691,1.5444494282324732,,0.1836564049138465,population,16.213247803097953,14.969470302955289,0.9232863448922918,True
bioemu,SASDPW7,folded,364,1.1045093568595183,1.0456798409189132,,0.9999976225448732,fits,22.904290252175127,22.650728385939622,0.9889295034491878,True
bioemu,SASDPY2,folded,283,9.24090543240465,1.057610076997155,,0.0708364237138546,population,24.515063971600608,34.39935950822177,1.4031927286859864,True
bioemu,SASDQ26,disordered,64,13.701252031223486,0.9248734695389692,0.3295399256926593,0.4337988949603736,population,22.85731108078961,28.54844576574483,1.2489853099885544,True
bioemu,SASDQ28,folded,405,1.116326126531815,1.1163261265318132,,1.0000000000000004,fits,25.580964783121185,25.48052273632771,0.9960735629932242,True
bioemu,SASDQ46,disordered,167,25.533813444120423,1.3545600333034011,,0.1688347608717902,population,40.64408934240888,51.5634367091451,1.2686576952123454,True
bioemu,SASDQ59,folded,437,0.8741855725674723,0.8416891562613643,0.9999961709250026,0.9999961709250026,fits,25.98260465903292,26.378356680953047,1.015231422219348,True
bioemu,SASDQ85,folded,303,1.1453130651291763,1.0996763165534769,,0.9999984598638816,fits,20.734591821986616,20.531807730639013,0.990220010449756,False
bioemu,SASDQ97,folded,340,8.089240649598075,1.0317138503600942,,0.328824191725831,population,29.100302367256603,26.184358302407247,0.8997967777774588,True
bioemu,SASDQ98,folded,203,4.449755559361148,1.4381703273353277,,0.0219247092808487,population,21.241458635343182,19.47789185125559,0.9169752504117945,True
bioemu,SASDQB5,folded,396,1.631793659420085,1.2026736891882892,,0.9999432865144912,fits,31.365510122053152,25.29248157809504,0.8063787733620135,True
bioemu,SASDQC5,folded,271,10.539754261403116,4.03048711221276,,,unresolved,26.196195073028512,24.457433829422577,0.9336254277096846,True
bioemu,SASDQC9,folded,162,3.694011914602019,0.993481103570956,0.1314756059209756,0.4799756667325857,population,23.729502310347907,26.011796173894325,1.0961795925467497,True
bioemu,SASDQD9,folded,117,1.204038934836945,0.966906654183928,0.1389731551993174,0.9997107054461052,fits,17.23434011170905,16.990061337373707,0.9858260442377264,True
bioemu,SASDQF5,partly disordered,478,2.477738404648016,1.1745600895276245,,0.7429724308957267,calibration,35.48851408067526,57.41235315313551,1.6177728101723636,True
bioemu,SASDQF8,partly disordered,381,3.762868122862061,3.76286812286206,,,unresolved,35.54039422471895,28.130944211589267,0.7915203200538421,True
bioemu,SASDQG6,partly disordered,478,3.2901466554038614,0.9939406689632884,0.193422450103615,0.8682718633516258,calibration,40.79395085815503,47.56205426676831,1.1659094857506376,True
bioemu,SASDQJ8,folded,287,1.548843776525782,1.5488437765257657,,1.0,fits,24.654485974188507,25.792686082334736,1.0461660449679562,True
bioemu,SASDQK7,disordered,140,1.1211662515802128,1.1211662515802128,,1.0000000000000002,fits,51.87611231532393,48.276000185283486,0.930601736148663,True
bioemu,SASDQN5,partly disordered,412,287.9618422381186,106.6993154024026,,,unresolved,18.75510322293321,27.310541494508684,1.4561658856195536,True
bioemu,SASDQN6,folded,126,11.873573258745177,3.4610088949791926,,,unresolved,18.766244163069427,16.409130869682947,0.874396108624383,True
bioemu,SASDQN8,disordered,133,24.24965660815681,2.3299308164072428,,,unresolved,32.42441892679268,45.77458834947183,1.4117319558700785,True
bioemu,SASDQP4,folded,496,1.4455136887503115,1.1702213554126784,,0.9996304266187402,fits,32.097080183909334,31.34450842240086,0.9765532641225806,True
bioemu,SASDQU5,folded,161,1.8132175247164373,0.9673432729145311,0.2285309000451778,0.9992842167028116,fits,19.190921297957686,20.15310991618381,1.0501376980962618,True
bioemu,SASDR22,partly disordered,156,11.490039364709078,1.0030951593025883,,0.2288817478691305,population,27.064681138367387,22.79791804498229,0.8423494046882948,True
bioemu,SASDR25,partly disordered,106,1.194625410968922,0.9889222888178468,0.8047301497412015,0.9963982920485768,fits,16.312992745065422,15.729333202728435,0.9642211854404495,True
bioemu,SASDR33,folded,138,1.0151830987160029,1.0072486658747992,,0.9999817358355012,fits,15.895374007630393,15.810634437021532,0.9946689162162411,True
bioemu,SASDR36,folded,278,1.5636568214302176,0.9574279810105516,0.3688131340326881,0.9958743794037472,fits,27.964598241991062,25.529668771524538,0.9129281440271048,True
bioemu,SASDRA6,disordered,102,13.461792858785977,1.0389001188211868,,0.10058696145225,population,26.117669783313424,36.21384507937053,1.3865649340014075,True
bioemu,SASDRD9,folded,452,1.1777568798388551,1.0991542481626873,,0.999828392432601,fits,23.65522145696537,25.41443575270905,1.0743689632728284,True
bioemu,SASDRF8,disordered,89,29.07824243121984,1.0896961368165097,,0.0903302018129624,population,22.58955470205852,32.503933410429006,1.4388921711443483,True
bioemu,SASDRG9,folded,78,1.1679700376623865,1.0442730081140916,,0.9995149796591444,fits,15.302929755611393,15.280893461128516,0.9985599950574957,True
bioemu,SASDRH2,folded,424,1.0468992461119653,1.0076166777775315,,0.9999449607321949,fits,23.9592121039684,23.60751417904681,0.9853209728518852,True
bioemu,SASDRH9,partly disordered,214,39.19101813917819,3.542286640280899,,,unresolved,25.72386639661517,32.62281622459804,1.268192569562197,True
bioemu,SASDRJ2,folded,443,1.175794074192508,1.050679554257758,,0.9997900324397654,fits,38.41965841904686,37.15303506539578,0.9670318944578865,False
bioemu,SASDRJ6,folded,271,1.3173434562659974,1.014110605790492,,0.9994499860397492,fits,24.95230724951242,23.82334392130076,0.9547551528232437,True
bioemu,SASDRK5,folded,103,15.51153312067239,2.297000773523004,,,unresolved,15.55480963881323,14.755290903102582,0.9485999022633074,True
bioemu,SASDRK7,folded,292,1.494333582796343,1.0205636819607071,,0.9965966661526312,fits,31.872589807498382,30.9528202343206,0.9711423019361485,True
bioemu,SASDRN5,partly disordered,222,36.06437998237714,9.007728868626687,,,unresolved,34.49980598363521,38.52896287327576,1.1167878129967383,True
bioemu,SASDRQ5,folded,114,9.642972079935683,2.689352196223076,,,unresolved,16.849223602078606,15.2051421262528,0.9024239030442338,True
bioemu,SASDRQ7,folded,394,1.0733487483009831,1.0127725677954569,,0.9999273154016473,fits,50.24172414771824,51.35948399161472,1.0222476410365635,True
bioemu,SASDRW6,partly disordered,109,8.493375868144533,1.0581822345255851,,0.7198667478112847,calibration,20.46919693312436,22.992838982953177,1.1232897440028498,True
bioemu,SASDRW9,partly disordered,259,1.2907817290136996,1.0279106655445078,,0.9968448684624376,fits,33.26849226349496,34.730474970780584,1.0439449643736887,True
bioemu,SASDRX9,partly disordered,465,30.981114788052256,1.6038956294454512,,0.0551365056135255,population,48.94188573932439,63.629859809238575,1.3001105055114892,True
bioemu,SASDRZ9,folded,86,0.9780661407152867,0.9778390804850936,0.9999999949755062,0.9999999949755062,fits,14.587874826061986,14.320302532657168,0.9816578976310664,True
bioemu,SASDS28,folded,270,124.9317163259677,115.06412221360426,,,unresolved,41.43007754776005,20.632459141956573,0.49800677100282387,True
bioemu,SASDS37,partly disordered,362,13.710958440736354,1.0441168487507408,,0.3678575813378649,population,31.866460871017274,53.79073634579696,1.6880047195551589,True
bioemu,SASDS75,folded,457,15.82949506206606,3.641649779132748,,,unresolved,27.79104648939525,31.055335410321863,1.1174582944248692,True
bioemu,SASDS89,folded,123,1.1953205615322309,1.1916654387905408,,0.9999994087072864,fits,15.019545710122287,15.236307678735711,1.0144319923383127,False
bioemu,SASDSB9,folded,281,29.977216472904825,4.189015390754956,,,unresolved,20.682620208733027,21.389435414835383,1.0341743550366944,True
bioemu,SASDSG5,partly disordered,150,44.66290050540579,5.728818003739638,,,unresolved,24.58172062202605,32.84361237979584,1.3360990015632535,True
bioemu,SASDSG7,partly disordered,225,14.652171452667575,10.231662530683684,,,unresolved,40.3574174868092,25.702373967691933,0.6368686493899849,True
bioemu,SASDSJ9,folded,299,1.084872110079298,0.9197438344348792,0.8646108686297164,0.9997411232657736,fits,25.779832818133983,24.76765100737497,0.9607374563714383,True
bioemu,SASDSL2,folded,181,1.1286291507596582,1.026828928925598,,0.9999123041473496,fits,18.70756279369023,18.05292011979047,0.965006522703184,True
bioemu,SASDSN2,partly disordered,78,3.181676591625009,1.23189918361505,,0.7147730332033059,calibration,23.52238608393864,19.307262639625336,0.8208037471508285,True
bioemu,SASDSP6,partly disordered,332,2.771853578014457,0.8597665174305471,0.2524252266449682,0.907449208841002,calibration,45.32003508637248,52.63167027787938,1.1613333965336112,True
bioemu,SASDSQ7,partly disordered,425,1.875904802664208,0.9443176890282888,0.5917654373030983,0.9802957156387444,fits,30.68807705963309,30.063567703691632,0.9796497722966508,True
bioemu,SASDSQ9,folded,181,1.7229633471758932,1.093065083297991,,0.9997024910447788,fits,18.036771357038045,19.101658267451334,1.059039774321792,True
bioemu,SASDSS6,partly disordered,376,6.664186901110858,0.9323827174518442,0.1005068408166446,0.4731662486142294,population,45.78468967287291,51.04828172070112,1.11496402149793,True
bioemu,SASDSU5,partly disordered,173,12.1923959213793,1.0052572194253573,,0.5120497396442157,calibration,21.406196975446143,20.705328770366638,0.967258630485208,False
bioemu,SASDSV2,partly disordered,70,44.48300513275042,3.219735926847993,,,unresolved,18.0222942114448,14.733878054274063,0.8175362071781918,True
bioemu,SASDSV6,partly disordered,187,1.02063343823635,0.9302344685224057,0.9825113911273357,0.9997088798793754,fits,25.263349986622327,23.64685576245345,0.9360142568176881,True
bioemu,SASDSV9,partly disordered,255,5.200346288500211,1.0646084503611029,,0.4113956665744818,population,31.767099566376483,38.71888302208271,1.218835951364734,True
bioemu,SASDSX6,folded,184,1.6842189136808288,1.2546376879011565,,0.9998500475515608,fits,22.509096576227357,21.14856987093881,0.9395565832381987,True
bioemu,SASDSZ8,partly disordered,198,9.50515762724321,3.124729228482656,,,unresolved,26.42961129668143,19.922559664403607,0.7537969227305714,True
bioemu,SASDSZ9,disordered,80,5.254343096333761,1.064082684971244,,0.7468284856018437,calibration,26.355636594609223,29.79043823408415,1.1303251252211255,True
bioemu,SASDT25,folded,377,1.2337629207310647,1.1486878584463966,,0.9999998096325572,fits,39.57807578328492,25.53008274655754,0.6450561893496526,True
bioemu,SASDT45,partly disordered,218,41.33522184890244,27.692382878470305,,,unresolved,33.589216805493976,29.761638558577324,0.886047410123281,True
bioemu,SASDT75,partly disordered,349,1.687895030574768,1.155400104006693,,0.9968473897621029,fits,31.300107262558324,30.87097486237056,0.9862897466584372,True
bioemu,SASDT85,partly disordered,369,2.589024770186897,0.7879975364390878,0.8431459294743747,0.9857016986229172,calibration,30.568120068067515,31.37851537654934,1.0265111268431713,True
bioemu,SASDTA2,disordered,80,13.396766131980447,0.958643952464184,0.2596627143719965,0.5082115413148908,calibration,22.53150109032888,26.702088937707117,1.1851003104790192,True
bioemu,SASDTE2,partly disordered,449,13.999869753188262,1.0987504651180988,,0.1157441606457613,population,48.74204099460493,53.481289156488494,1.097231221039926,True
bioemu,SASDTH2,partly disordered,305,3.569349145140812,1.137053529733704,,0.6007103965475781,calibration,23.42879596042196,22.60224726954818,0.9647208208108491,True
bioemu,SASDTP5,partly disordered,440,427.7960597864404,16.15468778558262,,,unresolved,36.39055865597784,47.44563060640268,1.3037895640716919,True
bioemu,SASDTQ2,folded,231,3.717025780183623,1.2853457585047277,,0.6643635715049611,calibration,18.832074139431395,18.650283159848392,0.9903467361992612,True
bioemu,SASDTQ5,partly disordered,327,1.087138261778076,1.0871382617780756,,1.0000000000000002,fits,27.247743965286617,26.483900975038956,0.9719667436973575,True
bioemu,SASDTR5,partly disordered,168,1.1999807601461965,1.1999807601461965,,0.9999999999999996,fits,30.47208928230184,35.54526550635718,1.1664859989433622,True
bioemu,SASDTS5,partly disordered,177,15.847292933452056,1.001707047642953,,0.1209035005932446,population,22.123223122068904,30.078927831644297,1.3596087543699373,True
bioemu,SASDTU2,partly disordered,400,2.4296250794957914,2.017304846229977,,,unresolved,31.65433596798184,30.124774513258085,0.9516792436817851,True
bioemu,SASDTU7,partly disordered,281,2.307046004675587,0.9793696287009294,0.2433486406967012,0.9794070833799878,calibration,33.431462555760696,39.23906824623284,1.1737167699673796,True
bioemu,SASDTX8,folded,120,1.0050430632384948,1.0030544114414577,,0.9999993115673405,fits,14.86711228909389,15.098303629118046,1.015550520876455,True
bioemu,SASDTY8,folded,274,1.0236296550141282,0.9983685279329306,0.0417772951779869,0.999998214084799,fits,20.538675937569227,20.086573470680342,0.9779877501225918,True
bioemu,SASDU37,disordered,114,4.146594789114675,0.9991356475576616,0.2629346064828703,0.9161566209651748,calibration,34.32186712621504,31.634713930435836,0.9217072548559937,True
bioemu,SASDU52,folded,329,3.951110414312372,2.789106261221314,,,unresolved,26.575514957447503,23.51918599522779,0.88499455355377,False
bioemu,SASDU63,partly disordered,113,1.7518859476746085,0.9323245861728509,0.8222433818492495,0.9954321247810112,fits,26.724696513501627,27.832675093262903,1.0414589770627147,True
bioemu,SASDU67,disordered,138,48.38121855033613,1.199847199093388,,0.0143812729950312,population,33.7676215019629,52.97707342555192,1.5688719272831337,True
bioemu,SASDU78,folded,388,1.334868660205477,0.9410209744677333,0.4551778116454963,0.9975088975206556,fits,22.704915920206776,22.61468797425152,0.9960260612163309,True
bioemu,SASDUA2,partly disordered,165,12.62694569667362,1.2300482268860602,,0.2932021516410491,population,21.538223153890417,24.36390223402946,1.1311936950392607,True
bioemu,SASDUG3,partly disordered,283,16.407320169220238,2.456865055004944,,,unresolved,29.15323482319129,30.81249565435158,1.0569151533688588,True
bioemu,SASDUH4,partly disordered,99,1.7568446431215892,0.9894028591737308,0.0568934467497133,0.9997413866776108,fits,20.384643855307846,17.787321236867555,0.8725843513933167,True
bioemu,SASDUK2,folded,388,8.402988497264184,4.702405451366542,,,unresolved,29.20039733438655,23.916093800028243,0.8190331633557779,True
bioemu,SASDUL2,folded,287,4.247967112043567,1.6244695150340462,,0.169914680704892,population,23.386662922140715,21.275389924824538,0.9097232040182447,True
bioemu,SASDUL9,disordered,76,9.379028642886936,1.1345520734767491,,0.6441669791811677,calibration,25.490139065991244,28.491718245353027,1.1177545234881228,True
bioemu,SASDUR3,disordered,51,14.86988987460703,1.0117245671866624,,0.5299853651294352,calibration,20.82789397547116,17.653326212572843,0.8475809524171297,True
bioemu,SASDUS9,partly disordered,159,5.030660068126305,1.0063163143131129,,0.7173308815452022,calibration,30.681734540791947,27.941821145378487,0.9106988755224809,True
bioemu,SASDUV3,folded,453,1.1444126437218511,1.0400982655396749,,0.9999485763912964,fits,34.6364194493831,34.15870459035357,0.9862077297069448,True
bioemu,SASDUW6,folded,239,2.263766199881259,0.9748638564974782,0.195853071424378,0.959223535848862,calibration,26.026228222674646,26.10132704949169,1.0028855055820811,True
bioemu,SASDV46,disordered,130,4.733546329033468,1.1000387027706584,,0.5741293067064476,calibration,33.81936850990636,42.7759052416855,1.2648345349545953,True
bioemu,SASDV64,folded,249,1.8641991256289367,1.4168126145733302,,0.9997449537999746,fits,20.66752056167986,19.69886499121039,0.9531315056598768,True
bioemu,SASDV74,folded,80,2.46589930142594,1.8509187141327288,,0.0747233049793388,population,14.08041935723002,13.429353012652893,0.9537608697540093,True
bioemu,SASDVA8,partly disordered,221,2.164959988426628,1.2940427615231067,,0.9140381915390192,calibration,22.12293278099644,27.03032466057808,1.2218237486033987,True
bioemu,SASDVK2,folded,223,1.3342715150543003,1.3021584995446045,,0.9999820030381916,fits,18.663984889649686,17.71259244414573,0.9490252241882408,True
bioemu,SASDVL5,disordered,62,1.8147006487505293,0.9865893134846752,0.1510835340635675,0.9983212977660852,fits,22.515081103785832,22.957794478492385,1.0196629704625897,True
bioemu,SASDVL7,partly disordered,114,19.525471229053867,1.1931506883971823,,0.0804651781355173,population,19.753090206209997,17.144020790013943,0.8679158861241968,True
bioemu,SASDVN2,folded,211,0.8409663221047411,0.8187238890435904,0.9999981474821352,0.9999981474821352,fits,24.693000068151267,25.18235452639413,1.019817537637884,True
bioemu,SASDVQ7,disordered,203,1.821061786361444,1.0847415068721835,,0.9786267076146352,fits,47.21996125949661,50.47261301496347,1.0688829822962362,True
bioemu,SASDVR6,folded,297,1.1053232194859115,1.0337052159696956,,0.9999656703131696,fits,26.60592993883429,26.18039327216167,0.984005946507004,True
bioemu,SASDVT4,partly disordered,365,1.4014982814194397,1.0947205998449243,,0.9996381896297308,fits,38.40668108786685,38.06408819798767,0.9910798621444171,True
bioemu,SASDVT5,partly disordered,427,2.315745395326707,1.121538981938044,,0.8000151437780498,calibration,25.31770607776811,25.175567206998554,0.9943857918907444,True
bioemu,SASDVV6,partly disordered,74,2.8384633684213187,1.5854976926303714,,0.2265622785546357,population,28.341010059830506,29.27338503217543,1.0328984383540527,True
bioemu,SASDVX5,folded,464,1.2835606891821942,1.0635334002357602,,0.9999085547010929,fits,24.40596585354083,24.541485297495612,1.0055527179202015,True
bioemu,SASDVX6,partly disordered,215,2.743820309801643,0.9879018885090896,0.1285407597382577,0.8861295440422505,calibration,23.64694306192277,22.09917228476233,0.9345466865164181,True
bioemu,SASDVZ8,partly disordered,150,3.363499912412496,1.0661309423657817,,0.5422204728657241,calibration,17.5317001270869,16.877760951808593,0.962699614382067,True
bioemu,SASDWA3,folded,385,32.726918243998895,27.943494734584984,,,unresolved,19.81080023035202,22.006906176527057,1.1108539746319988,True
bioemu,SASDWG9,folded,111,1.0948164503012183,0.8185517048959513,0.8020318719698685,0.9999766469447045,fits,16.041263311539243,15.564030170466635,0.9702496535463444,True
bioemu,SASDXK3,folded,357,14.07968189373445,6.087757716239191,,,unresolved,19.30717223931749,19.19759079459413,0.9943243141271508,True
alphafold,SASDA25,folded,119,1.5217421782338825,1.5217421782338825,,1.0,fits,20.00630079579755,18.70890656799504,0.9351507187138246,True
alphafold,SASDA37,partly disordered,215,2.7743356201567773,2.7743356201567773,,,unresolved,45.28185502700023,47.77027637021357,1.0549540503967774,True
alphafold,SASDA46,partly disordered,231,12.926473557689247,12.926473557689247,,,unresolved,29.81601980228154,22.763658707079227,0.7634707401602053,True
alphafold,SASDA47,partly disordered,351,3.170484928506577,3.170484928506577,,,unresolved,71.9161936187573,75.92403906126896,1.0557293877893215,True
alphafold,SASDA57,partly disordered,479,2.2600381352162886,2.2600381352162886,,,unresolved,84.70568984559452,88.95883585608276,1.0502108656247422,False
alphafold,SASDA96,folded,129,0.9408214350584988,0.9408214350584988,1.0,1.0,fits,15.170752563999155,15.14223562597148,0.9981202687271199,True
alphafold,SASDAB4,folded,413,12.139303171660826,12.139303171660826,,,unresolved,35.68399313363872,34.09028421957821,0.9553382686715588,True
alphafold,SASDAB5,partly disordered,321,13.841080232443794,13.841080232443794,,,unresolved,31.660333642537942,28.026162938727243,0.8852137584890157,True
alphafold,SASDAE6,partly disordered,282,4.040892920097464,4.040892920097464,,,unresolved,28.74186641745177,29.606078255513133,1.0300680486614684,True
alphafold,SASDAG6,folded,357,8.502047007736403,8.502047007736403,,,unresolved,25.724448891924634,27.72786703465434,1.0778799247030173,True
alphafold,SASDAG8,folded,189,331.52227337290697,331.52227337290697,,,unresolved,22.993548285443527,17.859724121153388,0.7767276237421695,True
alphafold,SASDAH4,folded,355,4.757491411611233,4.757491411611233,,,unresolved,29.33496653182824,25.91734841984588,0.8834967782126403,True
alphafold,SASDAJ5,folded,321,2.813378225852672,2.813378225852672,,,unresolved,24.111438078093432,22.741611305349128,0.9431876784658122,True
alphafold,SASDAK2,folded,154,1.828752843081518,1.828752843081518,,1.0,fits,16.32860764335442,16.51704505988909,1.0115403236240637,True
alphafold,SASDAN2,folded,150,5.497246390869978,5.497246390869978,,,unresolved,16.28254805251888,18.41316146025336,1.1308525791456134,True
alphafold,SASDAQ2,folded,76,1.0764341682402871,1.0764341682402871,,1.0,fits,13.127914861296814,13.088802412698213,0.997020665580799,True
alphafold,SASDAR3,partly disordered,205,8.375526718723664,8.375526718723664,,,unresolved,22.07366086293452,19.019010667284284,0.8616156053761105,True
alphafold,SASDAS6,folded,376,5.047210391878506,5.047210391878506,,,unresolved,37.62818641749734,36.20827961321539,0.9622648089246819,True
alphafold,SASDAT3,folded,194,23.948079394280303,23.948079394280303,,,unresolved,20.742034504696942,22.608740953909503,1.089996304306111,True
alphafold,SASDAT4,partly disordered,335,11.09691776258672,11.09691776258672,,,unresolved,27.5847850061949,27.26427059350709,0.9883807536431467,True
alphafold,SASDAW6,folded,134,5.908987245458797,5.908987245458797,,,unresolved,17.948798426541245,16.784183718894074,0.935114614361871,True
alphafold,SASDAX6,folded,106,2.497750407313512,2.497750407313512,,,unresolved,15.405752795665975,14.930438293185736,0.9691469473264587,True
alphafold,SASDAY4,folded,362,504.4468772144662,504.4468772144662,,,unresolved,29.480506902127026,27.60115308230306,0.9362509665772277,True
alphafold,SASDAZ4,folded,243,16.060352568618946,16.060352568618946,,,unresolved,29.6991358606513,22.41634754674098,0.7547811374687382,True
alphafold,SASDB26,folded,489,16.4209572708402,16.4209572708402,,,unresolved,57.84096333986231,54.581225037107615,0.9436430841650907,True
alphafold,SASDB43,folded,228,1.8919348306686457,1.8919348306686457,,1.0,fits,29.216061897427977,29.6162596532392,1.0136978678788484,True
alphafold,SASDB53,folded,333,166.9900805704488,166.9900805704488,,,unresolved,40.02064760007719,38.60436286676237,0.9646111490381758,True
alphafold,SASDB64,folded,380,4.094110465629919,4.094110465629919,,,unresolved,37.89283164232851,33.69187753234399,0.8891359149498922,True
alphafold,SASDB76,folded,317,3.404401892962378,3.404401892962378,,,unresolved,36.58720342695236,34.68155174943675,0.9479148035645767,True
alphafold,SASDB84,disordered,153,6.022489235615488,6.022489235615488,,,unresolved,17.42062469296394,16.043312483073592,0.920937840395205,True
alphafold,SASDB85,partly disordered,179,1.7181630724360095,1.7181630724360095,,1.0,fits,16.98135065294012,16.263520906120387,0.9577283479099793,True
alphafold,SASDB93,folded,429,17.535736409013026,17.535736409013026,,,unresolved,45.12678608267552,55.47485473876552,1.2293110047130675,True
alphafold,SASDBB3,folded,140,8.916282506417268,8.916282506417268,,,unresolved,21.075252027461502,21.24616737940459,1.0081097655069737,True
alphafold,SASDBB9,folded,400,6.450969440567151,6.450969440567151,,,unresolved,34.69894772572521,33.342710249143224,0.9609141612217682,True
alphafold,SASDBC7,partly disordered,398,1.502379497517953,1.502379497517953,,1.0,fits,33.368447910686264,30.451943030148637,0.9125969272426478,True
alphafold,SASDBD4,folded,360,4.6989059310871175,4.6989059310871175,,,unresolved,43.41604271047099,41.60958690301599,0.9583919746094379,True
alphafold,SASDBD9,folded,274,3.7334821194547785,3.7334821194547785,,,unresolved,24.36362591441428,29.222283876551383,1.1994226138262356,True
alphafold,SASDBG3,folded,357,30.49175695620288,30.49175695620288,,,unresolved,31.08052827402674,26.32730702192733,0.8470675527072181,True
alphafold,SASDBG6,folded,140,2.017652650515476,2.017652650515476,,,unresolved,23.58809657263261,25.88060538105172,1.0971892242920067,True
alphafold,SASDBK6,folded,133,18.158859204825767,18.158859204825767,,,unresolved,18.99073112008637,20.97097639144964,1.1042743040718837,True
alphafold,SASDBM9,folded,161,1.285505446953868,1.285505446953868,,1.0,fits,19.88910293174276,19.343447544406644,0.9725651081796527,True
alphafold,SASDBN2,folded,152,1.9171140423134123,1.9171140423134123,,1.0,fits,19.47797849942821,19.29970427668979,0.9908473960609592,True
alphafold,SASDBN3,folded,400,6.68923850832584,6.68923850832584,,,unresolved,33.56704210669868,30.96266901148301,0.9224127914834671,True
alphafold,SASDBP2,folded,228,10.424126947890072,10.424126947890072,,,unresolved,24.623705434894923,22.59461588130712,0.9175960921497898,True
alphafold,SASDBP4,folded,229,2.6042976787185133,2.6042976787185133,,,unresolved,20.67929229890567,20.813913350591648,1.0065099448153312,True
alphafold,SASDBP9,partly disordered,378,10.92968004640227,10.92968004640227,,,unresolved,39.56569269567406,45.46404022142506,1.1490773223944062,True
alphafold,SASDBQ3,partly disordered,164,6.952884765283411,6.952884765283411,,,unresolved,19.58249808868201,22.57803121823453,1.152969918137453,True
alphafold,SASDBR4,folded,351,520.3917894885144,520.3917894885144,,,unresolved,35.13067418255108,25.193332716022624,0.717132059154612,True
alphafold,SASDBT2,folded,162,3.7839184560397294,3.7839184560397294,,,unresolved,17.89105911617694,17.575305932904065,0.9823513420182389,True
alphafold,SASDBU7,partly disordered,276,2.4494857787767543,2.4494857787767543,,,unresolved,26.04951407052525,25.15935999311992,0.9658283807139216,True
alphafold,SASDBV9,folded,111,4.560997640025686,4.560997640025686,,,unresolved,17.559892250862447,18.4230008016009,1.0491522691829764,True
alphafold,SASDBW2,folded,210,3.7281176047420064,3.7281176047420064,,,unresolved,22.081653813163623,22.212913910811476,1.0059443055650843,True
alphafold,SASDBW3,folded,248,1.0183945983248175,1.0183945983248175,,1.0,fits,23.21429075330823,23.291606478316496,1.0033305228158758,True
alphafold,SASDBW9,folded,211,2.3299308374382464,2.3299308374382464,,,unresolved,26.370021531790638,27.16420152204682,1.0301167744326167,True
alphafold,SASDBX2,partly disordered,388,1854.7610525797716,1854.7610525797716,,,unresolved,31.30721062717448,25.486145861693345,0.814066323736025,True
alphafold,SASDBX9,folded,110,12.83365575633779,12.83365575633779,,,unresolved,27.485297787609426,22.15488451000889,0.8060631062180623,True
alphafold,SASDBY5,disordered,217,63.060461126548574,63.060461126548574,,,unresolved,50.84005024313629,38.26627631340685,0.7526797501261916,True
alphafold,SASDBY9,folded,226,8.917138032616073,8.917138032616073,,,unresolved,28.006876077328062,29.682759215914835,1.0598382744994335,True
alphafold,SASDBZ6,disordered,404,5.38681371935555,5.38681371935555,,,unresolved,38.39719079004445,38.6494699524003,1.0065702505096092,True
alphafold,SASDBZ9,folded,439,13.628377767849026,13.628377767849026,,,unresolved,43.00111612764496,48.64603320499881,1.1312737339327987,True
alphafold,SASDC23,partly disordered,395,1.3051477949101549,1.3051477949101549,,1.0,fits,32.09262245439571,29.57882573398108,0.9216705732295082,True
alphafold,SASDC26,folded,410,719.9904409279495,719.9904409279495,,,unresolved,31.60524213430056,25.097061199108747,0.7940790674048148,True
alphafold,SASDC35,folded,311,31.014650781765333,31.014650781765333,,,unresolved,29.626938869776883,36.14254598983453,1.2199217120842805,True
alphafold,SASDC36,folded,219,2.9450834140810604,2.9450834140810604,,,unresolved,21.21498197914088,21.8302893304324,1.029003435020426,True
alphafold,SASDC45,partly disordered,466,1.508574688172733,1.508574688172733,,1.0,fits,28.801695123654184,29.466198999220268,1.023071693270593,True
alphafold,SASDC46,folded,193,0.9997142156833116,0.9997142156833116,1.0,1.0,fits,20.314017426953896,21.07862960186328,1.037639633699184,True
alphafold,SASDC53,disordered,98,81.50870768770396,81.50870768770396,,,unresolved,26.86851677293757,24.363262803771352,0.906758754480651,True
alphafold,SASDC55,folded,159,6.864432821073243,6.864432821073243,,,unresolved,24.980177461519016,19.065975713483827,0.7632442060451418,True
alphafold,SASDC62,disordered,49,3.831209393895426,3.831209393895426,,,unresolved,16.48168929049662,15.198160954989351,0.9221239817785332,True
alphafold,SASDC65,partly disordered,279,4.704323939083414,4.704323939083414,,,unresolved,35.33617454900705,36.57764983424186,1.0351332678502885,True
alphafold,SASDC88,folded,155,1.0277819856385348,1.0277819856385348,,1.0,fits,17.006544687603014,17.414123316008823,1.023965986971058,True
alphafold,SASDCA6,folded,87,6.384223753062444,6.384223753062444,,,unresolved,15.292585504608953,14.018092234907916,0.916659398810167,True
alphafold,SASDCD3,folded,275,97.92902339613153,97.92902339613153,,,unresolved,26.98146096984308,24.951523798279357,0.924765483461679,True
alphafold,SASDCD6,folded,131,6.644327655918761,6.644327655918761,,,unresolved,22.96770400298687,28.130151706436926,1.2247698639262634,True
alphafold,SASDCG6,folded,171,4.973273925644569,4.973273925644569,,,unresolved,18.510789645644085,17.289229046172977,0.9340081853418629,True
alphafold,SASDCH7,folded,126,1.6600502871913672,1.6600502871913672,,1.0,fits,17.1827902985935,16.769774319631587,0.9759633929190348,False
alphafold,SASDCJ6,folded,288,6.04359318462863,6.04359318462863,,,unresolved,22.62082201980893,21.08793789620869,0.9322357020333787,True
alphafold,SASDCK3,folded,451,3.688414677659381,3.688414677659381,,,unresolved,26.64172846186229,25.73728766565122,0.9660517223007592,True
alphafold,SASDCK6,folded,446,5.968960946680377,5.968960946680377,,,unresolved,28.119619492090045,30.2874626866575,1.0770936176848787,True
alphafold,SASDCK7,folded,347,3.071245811918824,3.071245811918824,,,unresolved,27.56099874662891,27.058929366732293,0.9817833386767949,True
alphafold,SASDCK9,folded,364,3.731032317400998,3.731032317400998,,,unresolved,25.5762977090285,25.782357822266867,1.0080566826200819,True
alphafold,SASDCL2,folded,243,8.094816001181565,8.094816001181565,,,unresolved,24.00465763504737,21.79177419476914,0.9078144136058259,True
alphafold,SASDCM6,folded,291,1.4380393621314491,1.4380393621314491,,1.0,fits,23.664835098146547,24.80742997960141,1.0482823935478998,True
alphafold,SASDCN9,folded,267,1.3760021071600697,1.3760021071600697,,1.0,fits,24.79501819170556,26.69430573134709,1.076599562257102,True
alphafold,SASDCP5,partly disordered,148,28.918506150103404,28.918506150103404,,,unresolved,20.956718479288742,18.849031707367683,0.8994266791337556,True
alphafold,SASDCP8,folded,211,9.0147261304806,9.0147261304806,,,unresolved,22.93091321979196,21.923148164874394,0.9560521185851529,True
alphafold,SASDCU2,partly disordered,373,25.976391517585327,25.976391517585327,,,unresolved,49.36273264837064,33.1465980178485,0.6714903377405018,True
alphafold,SASDCU8,folded,326,1.027615806616892,1.027615806616892,,1.0,fits,25.888863921300747,21.21421747897253,0.8194340834523052,True
alphafold,SASDCV7,partly disordered,489,46.99623341616002,46.99623341616002,,,unresolved,34.5051689106723,40.168184188898415,1.164120781233868,True
alphafold,SASDCY4,disordered,254,3699.559823341644,3699.559823341644,,,unresolved,51.313714114923606,39.187644603988446,0.7636875498082777,True
alphafold,SASDCY9,partly disordered,100,14.713394666827408,14.713394666827408,,,unresolved,22.587071094653734,24.509164962910365,1.0850970832031241,True
alphafold,SASDD32,folded,430,7.183002790582744,7.183002790582744,,,unresolved,28.95180421854238,25.388825229070115,0.8769341294733427,True
alphafold,SASDD43,folded,187,1.9269291727453204,1.9269291727453204,,1.0,fits,17.47467396485706,17.30382398092745,0.9902229944734189,True
alphafold,SASDD76,folded,285,1.2393771664296651,1.2393771664296651,,1.0,fits,25.69069346151649,24.766317116038927,0.9640190193050944,True
alphafold,SASDD85,partly disordered,483,43.01617937441168,43.01617937441168,,,unresolved,38.81275981879835,31.28606653145185,0.8060768334309207,True
alphafold,SASDD88,folded,91,3.417472139113805,3.417472139113805,,,unresolved,16.107537299224845,14.440986500936908,0.8965359652857586,True
alphafold,SASDD95,folded,409,31.072038336708964,31.072038336708964,,,unresolved,29.70416960620056,27.548069282342595,0.9274142198741051,True
alphafold,SASDDD8,folded,291,20.033825332024183,20.033825332024183,,,unresolved,23.349134782667196,21.453964017828127,0.9188333622432162,True
alphafold,SASDDD9,folded,137,31.686283914029364,31.686283914029364,,,unresolved,18.9559063984566,21.716095957172783,1.1456110565591797,True
alphafold,SASDDE3,partly disordered,122,2.844788212867676,2.844788212867676,,,unresolved,20.050288437478446,20.14342304394951,1.0046450507064515,True
alphafold,SASDDE7,folded,307,1.7035913566631753,1.7035913566631753,,1.0,fits,23.719090750310876,22.28145702450501,0.9393891721676968,True
alphafold,SASDDE8,partly disordered,235,14.679173618873726,14.679173618873726,,,unresolved,23.67302564056997,24.33090273165997,1.0277901566567205,True
alphafold,SASDDF5,folded,246,1.453114199130182,1.453114199130182,,1.0,fits,21.159297294326983,21.110385131798555,0.9976883843613492,True
alphafold,SASDDF6,disordered,169,143.73077602450104,143.73077602450104,,,unresolved,33.0817807556,33.63475037811297,1.0167152314622412,True
alphafold,SASDDH6,folded,205,4.878955812628276,4.878955812628276,,,unresolved,23.994398950281724,21.727385802700976,0.905519069167843,False
alphafold,SASDDJ2,folded,77,1.1193224820413148,1.1193224820413148,,1.0,fits,12.912102146071629,13.015458514380065,1.0080046120406414,True
alphafold,SASDDK7,partly disordered,170,1.9264304050581476,1.9264304050581476,,1.0,fits,25.925220018303506,26.10437781064937,1.0069105601502852,True
alphafold,SASDDL7,folded,128,8.801648493727777,8.801648493727777,,,unresolved,17.262606206058717,18.119530932671,1.0496405187248914,True
alphafold,SASDDM6,folded,264,1.1630134052634815,1.1630134052634815,,1.0,fits,21.37655988307354,21.42372205419626,1.0022062563565275,True
alphafold,SASDDR2,folded,279,1.2124673372954966,1.2124673372954966,,1.0,fits,27.280455698611856,24.677269781330928,0.904576890282174,True
alphafold,SASDDU2,folded,295,1.2830520419917657,1.2830520419917657,,1.0,fits,25.46205310952465,25.66442861159748,1.0079481219052648,True
alphafold,SASDDV2,folded,300,1.3468064083888838,1.3468064083888838,,1.0,fits,24.00400703736039,23.273541088289463,0.9695689995452003,True
alphafold,SASDDX4,folded,176,1.3424525413654358,1.3424525413654358,,1.0,fits,19.3097639183258,18.40416151376611,0.9531013217774126,True
alphafold,SASDE27,folded,178,1.3613371887729315,1.3613371887729315,,1.0,fits,18.133308154127636,17.73861192257458,0.9782336334772311,True
alphafold,SASDE34,folded,144,1.1293409984651646,1.1293409984651646,,1.0,fits,15.856130142325917,15.61715455217886,0.984928504748511,True
alphafold,SASDE48,folded,97,7.20699013948042,7.20699013948042,,,unresolved,15.032904410734933,14.110779329582511,0.9386595526747356,True
alphafold,SASDE53,folded,41,5.322596785766954,5.322596785766954,,,unresolved,20.25713490851255,11.655375161675654,0.5753713550467483,True
alphafold,SASDE59,folded,320,6.110702947749753,6.110702947749753,,,unresolved,30.44913345514281,34.14319307242621,1.1213190392667636,True
alphafold,SASDE73,folded,60,27.77493579856244,27.77493579856244,,,unresolved,24.65670447026993,13.688921437632878,0.5551804968153158,True
alphafold,SASDE79,folded,314,83.76289057251992,83.76289057251992,,,unresolved,31.500343110147075,36.870377775757376,1.1704754340875885,True
alphafold,SASDE93,folded,109,46.4269565335,46.4269565335,,,unresolved,35.365598779422015,15.50622052224298,0.43845491261031605,True
alphafold,SASDEA9,folded,356,2.2360968154340464,2.2360968154340464,,,unresolved,30.75823648732613,32.94136042175103,1.0709768889163866,True
alphafold,SASDEB3,disordered,153,8.995620253019355,8.995620253019355,,,unresolved,28.51132254398601,35.07051560835119,1.2300557280093178,True
alphafold,SASDEC3,disordered,178,2.2725125203951597,2.2725125203951597,,,unresolved,39.78520287110585,38.52379019311449,0.9682944263957124,True
alphafold,SASDEC6,folded,334,7.062899558778731,7.062899558778731,,,unresolved,25.934930423058976,25.6917319107782,0.9906227428293176,True
alphafold,SASDEC9,folded,257,34.657040042114176,34.657040042114176,,,unresolved,21.970055854390587,22.727509431856348,1.0344766341281006,True
alphafold,SASDED2,disordered,267,227.445317937194,227.445317937194,,,unresolved,36.30915034712512,37.43693489676063,1.0310606152678758,True
alphafold,SASDED9,folded,407,7.163536735137638,7.163536735137638,,,unresolved,26.43372130722642,27.757196756228225,1.0500676932172994,True
alphafold,SASDEE2,disordered,187,316.3080477953652,316.3080477953652,,,unresolved,30.247748697212263,47.14076091949392,1.5584882495350332,True
alphafold,SASDEE9,partly disordered,186,5.5955908750394485,5.5955908750394485,,,unresolved,22.078610169930293,24.579908038935432,1.1132905490768505,True
alphafold,SASDEJ3,partly disordered,352,16.855640203163436,16.855640203163436,,,unresolved,25.64205940159557,25.291684937663923,0.9863359467956835,True
alphafold,SASDEK2,disordered,38,1.8383851988537223,1.8383851988537223,,1.0,fits,16.12422647527856,17.02732587064883,1.0560088508279692,True
alphafold,SASDEK4,folded,182,1.0985636056015844,1.0985636056015844,,1.0,fits,17.159021117375257,17.081009107057923,0.9954535862049648,True
alphafold,SASDEK7,partly disordered,171,1.886367754681124,1.886367754681124,,1.0,fits,20.75218114517911,20.4599188286475,0.9859165494707766,True
alphafold,SASDEL4,folded,411,1.1620123402379603,1.1620123402379603,,1.0,fits,38.621723931746494,37.17086183402648,0.9624340410002407,True
alphafold,SASDEL6,folded,452,18.972027999723856,18.972027999723856,,,unresolved,25.650369306279146,24.892763441728512,0.9704641342389884,True
alphafold,SASDEP2,disordered,46,1.0816533308809055,1.0816533308809055,,1.0,fits,22.634801619670057,24.868975608710983,1.0987052604472305,True
alphafold,SASDEQ7,folded,289,1.548095973526713,1.548095973526713,,1.0,fits,21.93259398057169,21.806974014390303,0.9942724528483652,True
alphafold,SASDES5,folded,121,1.1164228132029816,1.1164228132029816,,1.0,fits,15.427782572257197,15.47179172097555,1.0028525906760892,False
alphafold,SASDET2,disordered,99,4.017909589562667,4.017909589562667,,,unresolved,29.979239477627683,32.53332597351241,1.0851951730727105,True
alphafold,SASDET5,folded,389,28.69461413873342,28.69461413873342,,,unresolved,26.54816128092102,24.724954432678928,0.9313245528023687,True
alphafold,SASDEW7,partly disordered,142,3.318207689138359,3.318207689138359,,,unresolved,22.05470139221025,25.01224800133077,1.1341005056711007,True
alphafold,SASDEX2,disordered,82,3.3430523957661693,3.3430523957661693,,,unresolved,32.14352574493883,36.81346571751675,1.1452839993233546,True
alphafold,SASDEX4,disordered,104,1.592448098068196,1.592448098068196,,1.0,fits,24.028155036690915,21.369390859993548,0.8893479681383176,True
alphafold,SASDEX6,partly disordered,476,11.439970320845696,11.439970320845696,,,unresolved,29.40594008682406,24.73496818627476,0.841155498285116,True
alphafold,SASDEY9,folded,403,6.108687579283082,6.108687579283082,,,unresolved,28.2175774377076,25.770376624116885,0.9132738868532179,True
alphafold,SASDEZ2,disordered,114,11.373528707090468,11.373528707090468,,,unresolved,30.429286463023903,32.216467373159006,1.0587322647971649,True
alphafold,SASDF27,disordered,98,30.889743955710227,30.889743955710227,,,unresolved,27.47333873499298,33.33582444431298,1.2133881784762082,True
alphafold,SASDF34,disordered,271,41.669842784745285,41.669842784745285,,,unresolved,46.21389424619515,41.41844061995889,0.8962335093275314,True
alphafold,SASDF37,folded,89,6.742960824679975,6.742960824679975,,,unresolved,18.744939526615312,17.054611116433566,0.9098248139034162,True
alphafold,SASDF38,folded,199,83.04272130012737,83.04272130012737,,,unresolved,27.52787754026244,29.09263835330079,1.0568427700519125,True
alphafold,SASDF52,partly disordered,259,109.8926761676828,109.8926761676828,,,unresolved,30.30809201467102,23.691544222379456,0.781690388524334,True
alphafold,SASDF53,folded,274,2.76586638716889,2.76586638716889,,,unresolved,20.845797879662864,20.19702461858487,0.9688775040023324,True
alphafold,SASDF65,folded,495,2.519919117915449,2.519919117915449,,,unresolved,33.159641949400594,32.090243138370695,0.9677499891988662,True
alphafold,SASDFD3,folded,298,3.7949629563075447,3.7949629563075447,,,unresolved,26.893577801955573,26.672061189109503,0.9917632152003977,True
alphafold,SASDFG8,folded,232,1.0695171842128748,1.0695171842128748,,1.0,fits,20.239881279939794,20.135391358543508,0.9948374241947827,True
alphafold,SASDFJ8,folded,286,2.894381863500665,2.894381863500665,,,unresolved,20.52035990349926,21.08746412330689,1.0276361731701853,True
alphafold,SASDFK8,partly disordered,114,233.03941139318604,233.03941139318604,,,unresolved,29.595169813517817,29.357312944272117,0.9919629834616777,True
alphafold,SASDFP4,folded,451,1.1231102519632383,1.1231102519632383,,1.0,fits,26.80443025463942,26.059669426365488,0.9722150099368359,True
alphafold,SASDFP8,folded,260,1.1719786764309816,1.1719786764309816,,1.0,fits,18.188052616508777,18.318341247971624,1.007163418437914,True
alphafold,SASDFU7,folded,409,1.0250856486298288,1.0250856486298288,,1.0,fits,29.43605195361957,30.32259488858949,1.0301175896946637,True
alphafold,SASDFY7,folded,485,2.176205377978937,2.176205377978937,,,unresolved,23.12039899666981,23.28480592326225,1.0071109035192742,True
alphafold,SASDG45,partly disordered,139,5.211385566993244,5.211385566993244,,,unresolved,16.849766656756046,16.01056999370351,0.9501953540278818,True
alphafold,SASDGA5,folded,219,2.069253237213777,2.069253237213777,,,unresolved,22.16437642566953,20.880234583965997,0.9420628030745628,True
alphafold,SASDGB5,folded,196,251.77813401927423,251.77813401927423,,,unresolved,27.275360520121342,20.755734648378468,0.7609701302780848,True
alphafold,SASDGD2,folded,309,1.2560853728834638,1.2560853728834638,,1.0,fits,21.519191296420303,20.978093557214716,0.9748551080869104,True
alphafold,SASDGD6,folded,401,1.1877131498242006,1.1877131498242006,,1.0,fits,20.333541320980963,21.41828331641685,1.053347421303175,True
alphafold,SASDGG2,folded,298,1.289572460014757,1.289572460014757,,1.0,fits,30.22116755529928,31.12863787907357,1.0300276394720282,True
alphafold,SASDGP5,partly disordered,163,29.181166667370665,29.181166667370665,,,unresolved,26.669651342587773,30.85025134144017,1.1567549551042144,True
alphafold,SASDGQ9,partly disordered,195,4.725319543515418,4.725319543515418,,,unresolved,23.066039451520123,24.86246147739072,1.0778816853082338,True
alphafold,SASDGR2,folded,183,2.1792887878441234,2.1792887878441234,,,unresolved,21.391062863054877,19.359707290133816,0.9050371837095821,True
alphafold,SASDGX4,folded,318,1.3520529990208037,1.3520529990208037,,1.0,fits,25.851810447339968,25.99302668480901,1.0054625279632425,True
alphafold,SASDGZ5,partly disordered,454,11.16091217883444,11.16091217883444,,,unresolved,31.355147364740468,27.94698812337109,0.8913046332800232,True
alphafold,SASDH24,folded,187,14.58090493260193,14.58090493260193,,,unresolved,18.05573254910537,17.047034136924886,0.9441341740393433,True
alphafold,SASDH25,partly disordered,422,9.800881915056634,9.800881915056634,,,unresolved,24.00004473845676,27.178498496194823,1.132435326366081,True
alphafold,SASDH33,partly disordered,424,4.286852503447144,4.286852503447144,,,unresolved,30.847612746052288,29.78026399527234,0.9653993078956639,True
alphafold,SASDH34,folded,468,17.480359733131714,17.480359733131714,,,unresolved,31.860389251974897,27.179960057403072,0.85309566818046,True
alphafold,SASDH64,folded,76,1.0915390987755684,1.0915390987755684,,1.0,fits,13.681804641474075,13.557955599911333,0.990947901624957,True
alphafold,SASDH65,partly disordered,373,12.276099040227557,12.276099040227557,,,unresolved,32.3611270718829,30.150124130686937,0.9316771960295227,True
alphafold,SASDH69,folded,302,1.6804586576958669,1.6804586576958669,,1.0,fits,25.120791811277822,25.245413887664583,1.004960913546157,True
alphafold,SASDH84,folded,135,2.2542440498362155,2.2542440498362155,,,unresolved,21.196169696143176,20.03526680721315,0.9452305343101088,True
alphafold,SASDH95,partly disordered,259,30.421178931631275,30.421178931631275,,,unresolved,26.475632479482893,27.8283678296646,1.0510935990379078,True
alphafold,SASDHC9,partly disordered,75,3.103619705378973,3.103619705378973,,,unresolved,28.2032077935802,31.465266234928425,1.1156626744455203,True
alphafold,SASDHD5,disordered,220,235.43536055719227,235.43536055719227,,,unresolved,27.059185579063584,37.88329525454326,1.4000160922749494,True
alphafold,SASDHF8,partly disordered,24,4.817162664798085,4.817162664798085,,,unresolved,13.6809685461946,12.458327346183497,0.9106319705448643,True
alphafold,SASDHG4,folded,284,58.45864486652924,58.45864486652924,,,unresolved,23.771629673080227,21.22445244154234,0.8928480181389333,True
alphafold,SASDHG9,folded,412,1.267534210287529,1.267534210287529,,1.0,fits,24.535194673975763,24.487883769285567,0.9980717126838052,True
alphafold,SASDHN7,folded,113,1.8137286492039968,1.8137286492039968,,1.0,fits,16.081264925213397,14.515874100648734,0.9026574817438442,True
alphafold,SASDHP4,folded,279,1.9030712526610272,1.9030712526610272,,1.0,fits,23.012086684198103,20.527694733755588,0.89203969268252,True
alphafold,SASDHP7,folded,299,1.5621136172803038,1.5621136172803038,,1.0,fits,19.339871528062048,18.9647672162636,0.9806046120185351,True
alphafold,SASDHS8,folded,467,1.437311643477118,1.437311643477118,,1.0,fits,18.213340415659975,31.01663346035868,1.7029623755173615,True
alphafold,SASDHT5,partly disordered,377,1.305553005323728,1.305553005323728,,1.0,fits,24.59557685922055,28.95889214663044,1.1774024375351921,False
alphafold,SASDHV4,partly disordered,305,2.414833158925329,2.414833158925329,,,unresolved,31.978546678312444,28.692459937733,0.8972408979796433,True
alphafold,SASDHW9,folded,465,1.7388212903624685,1.7388212903624685,,1.0,fits,29.670990921861083,28.665597946486173,0.9661152882280668,False
alphafold,SASDJ28,folded,245,4.509306946234183,4.509306946234183,,,unresolved,21.42812517432333,20.378222843378428,0.9510035375281936,False
alphafold,SASDJ29,folded,318,3.76993422261962,3.76993422261962,,,unresolved,24.7145917019278,26.450268693942988,1.0702288353758156,True
alphafold,SASDJ63,folded,404,4.81337711305734,4.81337711305734,,,unresolved,29.987729124099957,27.94928123580648,0.9320239328607495,True
alphafold,SASDJ83,partly disordered,179,1.1340209381170754,1.1340209381170754,,1.0,fits,20.498015278706884,20.08069284808186,0.9796408371761468,True
alphafold,SASDJ84,folded,215,2.0055912813627645,2.0055912813627645,,,unresolved,26.942580072956943,26.83751600341164,0.9961004451221522,True
alphafold,SASDJ86,partly disordered,208,2.399160164696576,2.399160164696576,,,unresolved,34.367166745239295,27.56900161354029,0.8021901199452026,True
alphafold,SASDJ93,folded,272,1.373732666871507,1.373732666871507,,1.0,fits,21.546828718851675,21.952622688242094,1.0188331180743728,True
alphafold,SASDJ94,folded,216,1.2534401873536438,1.2534401873536438,,1.0,fits,21.07953022174192,21.495228472022767,1.0197204703287024,True
alphafold,SASDJA4,folded,270,4.040724214354325,4.040724214354325,,,unresolved,23.35230091111216,21.848478409219947,0.9356028124330729,True
alphafold,SASDJA5,folded,172,6.003995017677175,6.003995017677175,,,unresolved,22.821354484439723,21.503854467292925,0.9422689824109647,True
alphafold,SASDJB2,folded,278,1.4573921245137034,1.4573921245137034,,1.0,fits,21.7493830991841,20.36524582612848,0.936359699640973,True
alphafold,SASDJB9,partly disordered,82,1.0294216267343743,1.0294216267343743,,1.0,fits,20.1044359700569,20.72130586205065,1.0306832727320727,True
alphafold,SASDJC4,folded,290,2.318325995292412,2.318325995292412,,,unresolved,24.327093149238344,25.343845267091343,1.0417950517809742,True
alphafold,SASDJD6,folded,419,47.387275627557706,47.387275627557706,,,unresolved,35.91730479767933,31.282847921309617,0.8709686903715239,True
alphafold,SASDJE2,partly disordered,34,5.817706383713587,5.817706383713587,,,unresolved,15.554020967405588,14.399459539916265,0.9257708710880114,True
alphafold,SASDJE4,folded,249,1.6405968878044896,1.6405968878044896,,1.0,fits,25.909675879746903,22.223840871190028,0.8577429132782776,True
alphafold,SASDJF5,folded,203,4.910809902613484,4.910809902613484,,,unresolved,20.867592073543776,20.7007231122214,0.9920034395566926,True
alphafold,SASDJF6,partly disordered,78,2.258772641714365,2.258772641714365,,,unresolved,23.063329812643,19.8862481881614,0.8622453197222212,True
alphafold,SASDJG2,partly disordered,20,7.434456364781867,7.434456364781867,,,unresolved,12.209201840057158,10.779691323553044,0.8829153178699991,True
alphafold,SASDJG4,folded,261,1.6242448022331484,1.6242448022331484,,1.0,fits,28.54921955880945,27.868470056855305,0.9761552325256441,True
alphafold,SASDJG6,disordered,40,9.42151875906766,9.42151875906766,,,unresolved,9.424330958943306,27.2958345897722,2.8963153680282803,True
alphafold,SASDJH6,disordered,51,11.217986548188586,11.217986548188586,,,unresolved,18.877000305256832,19.241731257816987,1.0193214465573,True
alphafold,SASDJJ4,folded,200,1.0144212551344198,1.0144212551344198,,1.0,fits,18.021652342435598,18.115664365813377,1.005216615080095,True
alphafold,SASDJJ6,disordered,191,30.21483990189535,30.21483990189535,,,unresolved,33.94387746943146,32.341953089440025,0.9528066768024935,True
alphafold,SASDJK6,disordered,209,273.27824922486855,273.27824922486855,,,unresolved,38.21268048362726,36.56827306191506,0.9569669701025875,True
alphafold,SASDJL9,folded,87,28.739234321617037,28.739234321617037,,,unresolved,15.300948556562718,18.70658476482958,1.2225768027176427,True
alphafold,SASDJM2,folded,381,53.20480631411813,53.20480631411813,,,unresolved,33.30094974103696,33.902888405782434,1.0180757206453996,True
alphafold,SASDJM5,partly disordered,379,38.18128408510731,38.18128408510731,,,unresolved,31.649923348728528,38.37090875833271,1.2123539237536316,True
alphafold,SASDJN5,folded,405,3.535144991573574,3.535144991573574,,,unresolved,30.364891463260168,28.19143222002924,0.9284219656816264,True
alphafold,SASDJP5,folded,301,0.95921774373661,0.95921774373661,1.0,1.0,fits,29.43403816447536,29.44675289962208,1.0004319738622227,True
alphafold,SASDJR3,folded,271,1.0270360572077564,1.0270360572077564,,1.0,fits,24.42216965471741,25.21475279324749,1.0324534285747615,True
alphafold,SASDJT3,disordered,439,4.301156337601552,4.301156337601552,,,unresolved,33.476669963690235,31.67316141155816,0.9461264052222573,True
alphafold,SASDJT7,disordered,180,209.65448750516975,209.65448750516975,,,unresolved,35.034740281753216,45.31961488131439,1.2935621761956586,True
alphafold,SASDJV9,partly disordered,138,1.392881459757114,1.392881459757114,,1.0,fits,,21.13947234390653,,False
alphafold,SASDJX3,partly disordered,190,2.090748876186755,2.090748876186755,,,unresolved,29.754457105952124,28.244322133575803,0.9492467643755386,True
alphafold,SASDJX7,folded,302,16.228169937249184,16.228169937249184,,,unresolved,26.146451397669374,26.19849678610943,1.001990533539274,True
alphafold,SASDJY2,folded,182,1.6790553861166555,1.6790553861166555,,1.0,fits,20.52939705686798,20.068684236020804,0.9775583851989921,True
alphafold,SASDJZ6,folded,211,3.314894543043636,3.314894543043636,,,unresolved,24.451750623018825,24.578503019066453,1.0051837759186169,True
alphafold,SASDK42,folded,364,2.8068788600870525,2.8068788600870525,,,unresolved,31.48987735994072,30.618339092241847,0.9723232244528337,True
alphafold,SASDK52,folded,265,1.1858614445583573,1.1858614445583573,,1.0,fits,25.17459867980943,26.28794415926476,1.0442249544318756,False
alphafold,SASDK56,folded,223,1.3836375165387742,1.3836375165387742,,1.0,fits,29.59217888512532,20.35638276505214,0.6878973949189119,True
alphafold,SASDK68,disordered,150,186.44285570733095,186.44285570733095,,,unresolved,35.81531059549425,35.21768476072602,0.9833136771723706,True
alphafold,SASDK76,folded,320,1.031226837452789,1.031226837452789,,1.0,fits,22.84806480713285,21.890882161068117,0.9581066206637372,True
alphafold,SASDK92,folded,412,43.33466869522336,43.33466869522336,,,unresolved,30.38288423898635,27.00017712490671,0.8886640554770288,True
alphafold,SASDKD6,disordered,70,30.811130336290976,30.811130336290976,,,unresolved,23.98431280548197,25.82749882684951,1.0768496490316892,True
alphafold,SASDKH8,disordered,173,36.172220762099634,36.172220762099634,,,unresolved,37.30106760782824,40.24126805272778,1.078823493091723,True
alphafold,SASDKK2,partly disordered,360,36.14331653964038,36.14331653964038,,,unresolved,31.910224522436064,30.42544598441401,0.9534701319015131,True
alphafold,SASDKK9,folded,289,9.300923721213096,9.300923721213096,,,unresolved,28.50130674916844,24.319582602439077,0.8532795642132665,True
alphafold,SASDKQ3,partly disordered,492,41.98734772384875,41.98734772384875,,,unresolved,44.32816638984295,33.3590687749325,0.7525479055812282,True
alphafold,SASDKQ4,folded,253,86.04004458386352,86.04004458386352,,,unresolved,7.145788682210825,19.73315573126342,2.7615084364848874,True
alphafold,SASDKU8,partly disordered,103,25.677312531015925,25.677312531015925,,,unresolved,29.677099235126654,18.870736389866902,0.6358686285461136,True
alphafold,SASDKV7,folded,336,1.034191896054331,1.034191896054331,,1.0,fits,24.16936180892453,24.75967664562235,1.0244240969771838,True
alphafold,SASDKW7,folded,148,1.0811126963595603,1.0811126963595603,,1.0,fits,21.35132996744245,20.77117099867968,0.9728279704520784,False
alphafold,SASDKX6,partly disordered,91,6.6149460077118,6.6149460077118,,,unresolved,15.989334174188226,27.74481035999812,1.73520736121626,True
alphafold,SASDL26,folded,273,6.325029348860262,6.325029348860262,,,unresolved,25.44953543642256,30.43642336035181,1.1959520218507476,True
alphafold,SASDL49,partly disordered,459,5.664223997899463,5.664223997899463,,,unresolved,44.155490807125325,52.193488732530696,1.1820384685681784,True
alphafold,SASDL62,partly disordered,284,3.0173797423865865,3.0173797423865865,,,unresolved,23.250628262362174,22.21686966920054,0.9555384662514661,True
alphafold,SASDLA5,folded,133,1.3266302793834062,1.3266302793834062,,1.0,fits,14.712126400542216,14.927398152131156,1.014632266317465,True
alphafold,SASDLB7,folded,424,7.352407974109034,7.352407974109034,,,unresolved,40.35786960231569,26.53461852383888,0.6574831324177813,True
alphafold,SASDLF3,partly disordered,252,65.61885771632794,65.61885771632794,,,unresolved,44.83394987044664,33.006998593092845,0.7362054578833839,True
alphafold,SASDLF9,disordered,133,41.40617709970029,41.40617709970029,,,unresolved,33.05699054942868,38.93312033198937,1.177757553996767,True
alphafold,SASDLH5,partly disordered,361,340.8935793881081,340.8935793881081,,,unresolved,60.98743235823829,34.20203154024145,0.560804582480859,True
alphafold,SASDLH9,partly disordered,122,640.9253091512766,640.9253091512766,,,unresolved,28.04100093582992,31.930280683063422,1.1386997474210665,True
alphafold,SASDLJ9,disordered,62,753.2223312306891,753.2223312306891,,,unresolved,24.26268893160696,17.260799091024754,0.7114132790343425,True
alphafold,SASDLK9,disordered,475,115.55288840074232,115.55288840074232,,,unresolved,71.66806527509094,43.59583528723015,0.6083021094526796,True
alphafold,SASDLM8,folded,364,3.9537724633730114,3.9537724633730114,,,unresolved,27.9970236443302,24.79050030367809,0.885469134812783,False
alphafold,SASDLM9,folded,170,13.755854770267812,13.755854770267812,,,unresolved,22.12672289167008,20.67277727074937,0.9342900605734042,True
alphafold,SASDLQ3,folded,169,0.7822871915527607,0.7822871915527607,1.0,1.0,fits,17.217254134718086,17.323131471266382,1.0061494902566837,True
alphafold,SASDLR9,folded,78,1.523668414252607,1.523668414252607,,1.0,fits,17.954227642777084,17.30562847797247,0.963874850107209,True
alphafold,SASDLS4,disordered,255,54.56734926369291,54.56734926369291,,,unresolved,46.96046974149995,52.172517050520746,1.1109879721755593,True
alphafold,SASDLT4,disordered,410,11.62875980086932,11.62875980086932,,,unresolved,62.843037652504194,51.59260292538671,0.8209756379166822,True
alphafold,SASDM43,folded,119,6.68117874257959,6.68117874257959,,,unresolved,16.597264852235362,18.895608695155413,1.1384772649820374,True
alphafold,SASDM53,folded,226,3.9247756907305806,3.9247756907305806,,,unresolved,23.63943417193286,20.7314840257606,0.8769873202115441,True
alphafold,SASDM55,folded,168,4.181510802809199,4.181510802809199,,,unresolved,16.071404143587927,16.60996510004585,1.0335105104473896,True
alphafold,SASDM65,partly disordered,292,28.91742262704262,28.91742262704262,,,unresolved,35.862684366923666,31.722758986222125,0.8845617539851586,True
alphafold,SASDM75,folded,476,20.90639006955086,20.90639006955086,,,unresolved,31.683341944875067,29.65435461809405,0.9359604384439244,True
alphafold,SASDM82,folded,83,1.0498978394315626,1.0498978394315626,,1.0,fits,13.650494989494929,13.955532592845612,1.0223462668266192,True
alphafold,SASDM97,folded,274,1.3723585419867177,1.3723585419867177,,1.0,fits,23.610050873932096,23.413421280515905,0.9916717844249421,True
alphafold,SASDMA5,folded,60,1.0278206330514557,1.0278206330514557,,1.0,fits,11.624823382481823,12.148085095327106,1.0450124441145332,True
alphafold,SASDMC9,partly disordered,444,12.763314052060323,12.763314052060323,,,unresolved,32.32706504222345,27.917981989448077,0.8636101654444496,True
alphafold,SASDMQ2,folded,484,1.4991496217790912,1.4991496217790912,,1.0,fits,53.4452888036859,57.32269840166639,1.072549137347221,True
alphafold,SASDMQ3,partly disordered,309,1.3715119449648758,1.3715119449648758,,1.0,fits,33.400806704950185,32.092370688484785,0.9608262151263705,True
alphafold,SASDMQ9,folded,285,31.70992273744236,31.70992273744236,,,unresolved,36.92427935771512,35.275995040124855,0.9553604201283926,True
alphafold,SASDMR3,folded,74,1.3704081649220483,1.3704081649220483,,1.0,fits,14.425685321559758,13.85428848602278,0.9603903161062994,True
alphafold,SASDMS3,folded,267,1.2197122479406626,1.2197122479406626,,1.0,fits,24.47108297670429,24.453517927148,0.9992822120061865,True
alphafold,SASDMS4,folded,320,1.9321073585937183,1.9321073585937183,,1.0,fits,28.20149969944565,30.16622444495888,1.0696673852969545,True
alphafold,SASDMT5,partly disordered,379,11.380488764299065,11.380488764299065,,,unresolved,50.73332902560244,32.704190537642425,0.6446293031773717,True
alphafold,SASDMT7,folded,438,1.4104991864528111,1.4104991864528111,,1.0,fits,23.43518668768269,22.82784342341551,0.9740841294604922,True
alphafold,SASDMU6,partly disordered,155,1.1167656750770731,1.1167656750770731,,1.0,fits,19.99741569871532,19.490375384420343,0.9746447079995667,True
alphafold,SASDMV6,folded,206,22.672613397759232,22.672613397759232,,,unresolved,21.91470894288421,24.43609669107276,1.1150545852450051,True
alphafold,SASDMX9,folded,239,6.009300413704058,6.009300413704058,,,unresolved,20.9964756963414,20.492139268089858,0.9759799484663314,True
alphafold,SASDMY9,folded,247,9.789584925216325,9.789584925216325,,,unresolved,22.8870202401529,21.730556450839963,0.9494707577841854,True
alphafold,SASDN65,folded,197,1.528123877445405,1.528123877445405,,1.0,fits,18.998194594497605,18.563714752528583,0.9771304668026266,True
alphafold,SASDN68,folded,201,1.4654655649629074,1.4654655649629074,,1.0,fits,21.21289085795956,21.14102111643104,0.9966119779708595,True
alphafold,SASDN73,folded,313,1.324183092813889,1.324183092813889,,1.0,fits,22.656286829466115,22.29587189961548,0.9840920565420328,True
alphafold,SASDNB2,folded,105,5.245609705135766,5.245609705135766,,,unresolved,19.69670281019105,14.545521002338742,0.7384749184931048,True
alphafold,SASDNB7,folded,269,1.033009629632989,1.033009629632989,,1.0,fits,21.893309421628903,22.340617362085617,1.0204312619824762,True
alphafold,SASDNB8,partly disordered,209,7.71422779563505,7.71422779563505,,,unresolved,27.127106450979987,30.043711021021387,1.1075162430357932,True
alphafold,SASDNC7,folded,394,12.508208908389957,12.508208908389957,,,unresolved,26.431468391559505,27.49420019285453,1.0402070662723526,True
alphafold,SASDND2,folded,105,3.728116038118451,3.728116038118451,,,unresolved,13.994978063716884,13.553269228562955,0.9684380473379166,True
alphafold,SASDNG9,folded,197,109.77246941339205,109.77246941339205,,,unresolved,18.47181282473149,21.88361007098418,1.1847028918398692,True
alphafold,SASDNK8,folded,354,1.9999257562145123,1.9999257562145123,,1.0,fits,33.811977035241966,26.31094769918034,0.7781546660745877,True
alphafold,SASDNL5,folded,311,1.9240266818980776,1.9240266818980776,,1.0,fits,23.257996074718505,25.158789956018715,1.0817264684022532,True
alphafold,SASDNL8,folded,377,1.093431462953424,1.093431462953424,,1.0,fits,31.008131950532103,31.442544754601933,1.0140096412374295,True
alphafold,SASDNM3,folded,224,2.8713815740972315,2.8713815740972315,,,unresolved,29.43887111604568,27.24973937765483,0.9256380541984282,True
alphafold,SASDNM8,partly disordered,94,1.0560804649586384,1.0560804649586384,,1.0,fits,15.354238275873108,14.966681543393628,0.9747589736777456,True
alphafold,SASDNM9,folded,299,4.508361695088818,4.508361695088818,,,unresolved,19.45174666035898,20.45783631198418,1.051722329577504,True
alphafold,SASDNQ9,folded,475,6.90506132811947,6.90506132811947,,,unresolved,27.72866190061496,27.416095811655225,0.9887276894182622,True
alphafold,SASDNS3,partly disordered,393,60.45682367706618,60.45682367706618,,,unresolved,46.829469069215335,35.277849645749285,0.75332585115598,True
alphafold,SASDNS9,folded,478,2.936193068460885,2.936193068460885,,,unresolved,28.160007946854098,27.46804733041551,0.9754275418620437,True
alphafold,SASDNU3,folded,405,1.1272882464033067,1.1272882464033067,,1.0,fits,36.34430661545734,37.79180508193173,1.0398273787911188,False
alphafold,SASDNW2,folded,427,114.92869841702624,114.92869841702624,,,unresolved,30.11673738468709,31.915721030139224,1.0597336830505029,True
alphafold,SASDNW9,folded,381,0.9937134600997268,0.9937134600997268,1.0,1.0,fits,22.260011411343136,22.79682106020765,1.0241154255918743,True
alphafold,SASDNY9,folded,320,1.965160453851952,1.965160453851952,,1.0,fits,24.416581191012437,21.72270817089908,0.8896703433196064,True
alphafold,SASDP28,folded,240,7.180386141552499,7.180386141552499,,,unresolved,24.662468494373517,25.57394657073892,1.036958104034612,True
alphafold,SASDP35,folded,190,1.1056509075923129,1.1056509075923129,,1.0,fits,,15.489093277015794,,False
alphafold,SASDP64,partly disordered,76,0.9733086381401912,0.9733086381401912,1.0,1.0,fits,20.23475008941292,20.495144675239256,1.012868683066295,True
alphafold,SASDP79,partly disordered,144,1.550505773171391,1.550505773171391,,1.0,fits,40.769709785313154,52.364706633503005,1.284402241498585,True
alphafold,SASDP89,folded,269,1.3693078682951394,1.3693078682951394,,1.0,fits,29.856835907208463,25.06450867936563,0.8394897824157649,True
alphafold,SASDP98,partly disordered,129,2.0769762145700232,2.0769762145700232,,,unresolved,18.537762519826856,19.26750280540044,1.0393650681840971,True
alphafold,SASDPA8,folded,200,84.1362021726636,84.1362021726636,,,unresolved,23.76856535732245,19.73400165062669,0.8302563219091041,True
alphafold,SASDPB6,folded,215,11.39734059924461,11.39734059924461,,,unresolved,28.280849700507098,30.94220056475888,1.0941043459597348,True
alphafold,SASDPC7,folded,275,1.0648954415198213,1.0648954415198213,,1.0,fits,22.834156289893933,23.032855427610933,1.0087018383860735,True
alphafold,SASDPD7,partly disordered,351,6.334479920639115,6.334479920639115,,,unresolved,28.30538820526228,27.977697729956173,0.9884230354683783,True
alphafold,SASDPJ4,folded,281,1.799342752131552,1.799342752131552,,1.0,fits,26.030085853016423,25.065758775276496,0.9629533654562196,True
alphafold,SASDPK4,partly disordered,115,13.480357235051557,13.480357235051557,,,unresolved,22.187049998278656,28.221568735332244,1.2719838255884295,True
alphafold,SASDPL2,folded,483,1.4015619945483675,1.4015619945483675,,1.0,fits,24.953665515345055,24.929681969857715,0.9990388768546813,True
alphafold,SASDPW6,folded,79,3.500874985941526,3.500874985941526,,,unresolved,16.213247803097953,15.162481784631334,0.9351908987497345,True
alphafold,SASDPW7,folded,364,1.1275382161617604,1.1275382161617604,,1.0,fits,22.904290252175127,22.607273846554055,0.987032280749548,True
alphafold,SASDPY2,folded,283,18.63265018662056,18.63265018662056,,,unresolved,24.515063971600608,35.7919961127719,1.4600001107170275,True
alphafold,SASDQ26,disordered,64,84.52331678472852,84.52331678472852,,,unresolved,22.85731108078961,38.26947139241052,1.6742770510995948,True
alphafold,SASDQ28,folded,405,1.1037446461111466,1.1037446461111466,,1.0,fits,25.580964783121185,25.5438665258652,0.998549770989073,True
alphafold,SASDQ46,disordered,167,64.15784112402666,64.15784112402666,,,unresolved,40.64408934240888,45.83707772594664,1.1277673695623753,True
alphafold,SASDQ59,folded,437,0.8633740605087905,0.8633740605087905,1.0,1.0,fits,25.98260465903292,26.299795258786272,1.0122078061039612,True
alphafold,SASDQ85,folded,303,1.1182373167275144,1.1182373167275144,,1.0,fits,20.734591821986616,20.5865437357748,0.9928598504623164,False
alphafold,SASDQ97,folded,340,9.737060546972977,9.737060546972977,,,unresolved,29.100302367256603,26.24219465088604,0.9017842605104173,True
alphafold,SASDQ98,folded,203,4.370195798797685,4.370195798797685,,,unresolved,21.241458635343182,19.50080082076873,0.9180537530657988,True
alphafold,SASDQB5,folded,396,1.8535456574841904,1.8535456574841904,,1.0,fits,31.365510122053152,24.788606121343385,0.7903141388385858,True
alphafold,SASDQC5,folded,271,33.84224264497201,33.84224264497201,,,unresolved,26.196195073028512,21.98232987767093,0.8391420897725655,True
alphafold,SASDQC9,folded,162,3.5938643117312816,3.5938643117312816,,,unresolved,23.729502310347907,25.9815294125789,1.0949041017707706,True
alphafold,SASDQD9,folded,117,3.192742784300494,3.192742784300494,,,unresolved,17.23434011170905,18.29978491334348,1.0618210383878037,True
alphafold,SASDQF5,partly disordered,478,5.84829282116834,5.84829282116834,,,unresolved,35.48851408067526,37.970088649201,1.0699261333648524,True
alphafold,SASDQF8,partly disordered,381,1.7983395992932287,1.7983395992932287,,1.0,fits,35.54039422471895,31.413110954571582,0.8838706390241228,True
alphafold,SASDQG6,partly disordered,478,1.3392320352477074,1.3392320352477074,,1.0,fits,40.79395085815503,41.59252553313922,1.0195758110745614,True
alphafold,SASDQJ8,folded,287,3.607094666083774,3.607094666083774,,,unresolved,24.654485974188507,27.92811109035548,1.1327801001243434,True
alphafold,SASDQK7,disordered,140,1.3214509783567323,1.3214509783567323,,1.0,fits,51.87611231532393,43.52447371192426,0.8390080090690867,True
alphafold,SASDQN5,partly disordered,412,412.92563051641787,412.92563051641787,,,unresolved,18.75510322293321,28.398537305862053,1.5141765400222977,True
alphafold,SASDQN6,folded,126,8.156251664299047,8.156251664299047,,,unresolved,18.766244163069427,16.804654134390454,0.8954724231639681,True
alphafold,SASDQN8,disordered,133,32.62278186186741,32.62278186186741,,,unresolved,32.42441892679268,38.988930640642,1.2024558012487616,True
alphafold,SASDQP4,folded,496,1.5950326363409222,1.5950326363409222,,1.0,fits,32.097080183909334,31.206081840256925,0.9722405172511898,True
alphafold,SASDQU5,folded,161,2.081665095177527,2.081665095177527,,,unresolved,19.190921297957686,20.16681925933157,1.0508520641725387,True
alphafold,SASDR22,partly disordered,156,2.755807963976832,2.755807963976832,,,unresolved,27.064681138367387,25.048317112963694,0.9254983269488715,True
alphafold,SASDR25,partly disordered,106,2.699644444275393,2.699644444275393,,,unresolved,16.312992745065422,18.575273098758,1.138679664059613,True
alphafold,SASDR33,folded,138,1.0868783401001318,1.0868783401001318,,1.0,fits,15.895374007630393,15.920801773096516,1.0015996959526663,True
alphafold,SASDR36,folded,278,2.127728364740518,2.127728364740518,,,unresolved,27.964598241991062,24.832372293093933,0.8879931718742219,True
alphafold,SASDRA6,disordered,102,72.58627531290165,72.58627531290165,,,unresolved,26.117669783313424,29.08525912965591,1.1136238175519961,True
alphafold,SASDRD9,folded,452,1.0995418195185156,1.0995418195185156,,1.0,fits,23.65522145696537,24.806294783873504,1.0486604333424743,True
alphafold,SASDRF8,disordered,89,165.4553181052897,165.4553181052897,,,unresolved,22.58955470205852,37.43961675601178,1.6573862234035104,True
alphafold,SASDRG9,folded,78,9.809443793264892,9.809443793264892,,,unresolved,15.302929755611393,16.640070137201644,1.0873780643931883,True
alphafold,SASDRH2,folded,424,1.1255002360392774,1.1255002360392774,,1.0,fits,23.9592121039684,23.428094658561584,0.9778324327568833,True
alphafold,SASDRH9,partly disordered,214,58.21262122237533,58.21262122237533,,,unresolved,25.72386639661517,31.18056850055126,1.212126047453508,True
alphafold,SASDRJ2,folded,443,1.20023588471483,1.20023588471483,,1.0,fits,38.41965841904686,37.29317274228131,0.9706794458066528,False
alphafold,SASDRJ6,folded,271,1.8642981385739896,1.8642981385739896,,1.0,fits,24.95230724951242,23.204477195295947,0.9299531687896067,True
alphafold,SASDRK5,folded,103,2.534428611664175,2.534428611664175,,,unresolved,15.55480963881323,15.357709206301474,0.9873286502960511,True
alphafold,SASDRK7,folded,292,1.362275419601093,1.362275419601093,,1.0,fits,31.872589807498382,32.632655673370195,1.0238470067999619,True
alphafold,SASDRN5,partly disordered,222,29.115251393164165,29.115251393164165,,,unresolved,34.49980598363521,33.22212860138565,0.9629656647096617,True
alphafold,SASDRQ5,folded,114,14.484756224780227,14.484756224780227,,,unresolved,16.849223602078606,15.009968909163796,0.8908403890676654,True
alphafold,SASDRQ7,folded,394,2.433155122281797,2.433155122281797,,,unresolved,50.24172414771824,35.097704793185706,0.6985768380478578,True
alphafold,SASDRW6,partly disordered,109,36.540647003571294,36.540647003571294,,,unresolved,20.46919693312436,24.88079500806977,1.2155237496301736,True
alphafold,SASDRW9,partly disordered,259,4.802858085989632,4.802858085989632,,,unresolved,33.26849226349496,26.47703046931888,0.7958590446364094,True
alphafold,SASDRX9,partly disordered,465,23.591185567212875,23.591185567212875,,,unresolved,48.94188573932439,40.226719874383306,0.8219282781346016,True
alphafold,SASDRZ9,folded,86,0.9820828846279678,0.9820828846279678,1.0,1.0,fits,14.587874826061986,14.215820202653472,0.9744956254530084,True
alphafold,SASDS28,folded,270,131.04567251760295,131.04567251760295,,,unresolved,41.43007754776005,20.240071992517485,0.4885357013678045,True
alphafold,SASDS37,partly disordered,362,10.35519556971673,10.35519556971673,,,unresolved,31.866460871017274,29.331874882838907,0.9204622691412968,True
alphafold,SASDS75,folded,457,10.312713300596716,10.312713300596716,,,unresolved,27.79104648939525,27.85259848986674,1.0022148140587286,True
alphafold,SASDS89,folded,123,1.1957278976212775,1.1957278976212775,,1.0,fits,15.019545710122287,15.228221432096104,1.0138936107656826,False
alphafold,SASDSB9,folded,281,7.851345236697647,7.851345236697647,,,unresolved,20.682620208733027,21.06589211032432,1.018531109584919,True
alphafold,SASDSG5,partly disordered,150,84.80758762103544,84.80758762103544,,,unresolved,24.58172062202605,31.96186001653109,1.3002287556670133,True
alphafold,SASDSG7,partly disordered,225,10.587651919071964,10.587651919071964,,,unresolved,40.3574174868092,28.29925230885044,0.7012156394323308,True
alphafold,SASDSJ9,folded,299,1.7038031894923258,1.7038031894923258,,1.0,fits,25.779832818133983,23.08403223952356,0.8954298657548255,True
alphafold,SASDSL2,folded,181,1.2146444794199156,1.2146444794199156,,1.0,fits,18.70756279369023,20.20041785836363,1.079799548510772,True
alphafold,SASDSN2,partly disordered,78,3.2978822098681206,3.2978822098681206,,,unresolved,23.52238608393864,20.5708120250667,0.8745206354347144,True
alphafold,SASDSP6,partly disordered,332,10.912934553815775,10.912934553815775,,,unresolved,45.32003508637248,33.61554569969466,0.7417369742902669,True
alphafold,SASDSQ7,partly disordered,425,14.161828012220372,14.161828012220372,,,unresolved,30.68807705963309,28.4519336604191,0.9271331535413994,True
alphafold,SASDSQ9,folded,181,6.509058174014784,6.509058174014784,,,unresolved,18.036771357038045,19.845835442341897,1.1002986648493465,True
alphafold,SASDSS6,partly disordered,376,13.238025610085106,13.238025610085106,,,unresolved,45.78468967287291,35.947996908013494,0.7851532284014239,True
alphafold,SASDSU5,partly disordered,173,31.42782512593298,31.42782512593298,,,unresolved,21.406196975446143,21.41987293518641,1.0006388785339104,False
alphafold,SASDSV2,partly disordered,70,35.59884984224701,35.59884984224701,,,unresolved,18.0222942114448,14.916688681547967,0.8276797896283002,True
alphafold,SASDSV6,partly disordered,187,1.3646863476658464,1.3646863476658464,,1.0,fits,25.263349986622327,28.52626915563408,1.1291562350495703,True
alphafold,SASDSV9,partly disordered,255,2.102745100118917,2.102745100118917,,,unresolved,31.767099566376483,30.25630155826456,0.9524414243435995,True
alphafold,SASDSX6,folded,184,1.517777954192357,1.517777954192357,,1.0,fits,22.509096576227357,21.306040086073143,0.9465524310991316,True
alphafold,SASDSZ8,partly disordered,198,9.16290572216782,9.16290572216782,,,unresolved,26.42961129668143,20.069915438138956,0.7593723272297609,True
alphafold,SASDSZ9,disordered,80,26.62322669223588,26.62322669223588,,,unresolved,26.355636594609223,25.041180784089704,0.9501261976427321,True
alphafold,SASDT25,folded,377,1.2190185726712073,1.2190185726712073,,1.0,fits,39.57807578328492,25.622395156654868,0.6473886021380559,True
alphafold,SASDT45,partly disordered,218,40.8356178936194,40.8356178936194,,,unresolved,33.589216805493976,29.79938416080724,0.8871711517826502,True
alphafold,SASDT75,partly disordered,349,19.23503335940194,19.23503335940194,,,unresolved,31.300107262558324,29.032565765877138,0.9275548330342736,True
alphafold,SASDT85,partly disordered,369,53.9661427225897,53.9661427225897,,,unresolved,30.568120068067515,31.56381053684591,1.032572839499493,True
alphafold,SASDTA2,disordered,80,157.18112108384693,157.18112108384693,,,unresolved,22.53150109032888,25.940753702858707,1.1513104963074638,True
alphafold,SASDTE2,partly disordered,449,18.81070758823864,18.81070758823864,,,unresolved,48.74204099460493,54.784609094113335,1.1239703544662243,True
alphafold,SASDTH2,partly disordered,305,4.621093051092955,4.621093051092955,,,unresolved,23.42879596042196,22.456210795517435,0.9584876164124053,True
alphafold,SASDTP5,partly disordered,440,330.374566621492,330.374566621492,,,unresolved,36.39055865597784,49.6104485227238,1.3632780137211316,True
alphafold,SASDTQ2,folded,231,4.919794756858975,4.919794756858975,,,unresolved,18.832074139431395,19.100065111535017,1.0142305605914375,True
alphafold,SASDTQ5,partly disordered,327,1.3571367419475409,1.3571367419475409,,1.0,fits,27.247743965286617,27.70460303976101,1.0167668587555883,True
alphafold,SASDTR5,partly disordered,168,1.7781128874832766,1.7781128874832766,,1.0,fits,30.47208928230184,33.04437248223057,1.0844144021795943,True
alphafold,SASDTS5,partly disordered,177,44.44207609431709,44.44207609431709,,,unresolved,22.123223122068904,33.80887647850361,1.5282075442604812,True
alphafold,SASDTU2,partly disordered,400,3.234542401480634,3.234542401480634,,,unresolved,31.65433596798184,30.087599873637213,0.9505048503961868,True
alphafold,SASDTU7,partly disordered,281,2.103665934341225,2.103665934341225,,,unresolved,33.431462555760696,31.25084391033299,0.9347734595281127,True
alphafold,SASDTX8,folded,120,1.1845450208140622,1.1845450208140622,,1.0,fits,14.86711228909389,15.435152206701831,1.038207817803639,True
alphafold,SASDTY8,folded,274,0.9989773286812984,0.9989773286812984,1.0,1.0,fits,20.538675937569227,20.317928231199424,0.9892520965304286,True
alphafold,SASDU37,disordered,114,38.9624284490714,38.9624284490714,,,unresolved,34.32186712621504,25.907374516131004,0.7548358141723285,True
alphafold,SASDU52,folded,329,4.14239899972125,4.14239899972125,,,unresolved,26.575514957447503,23.425623235248768,0.8814739158491448,False
alphafold,SASDU63,partly disordered,113,8.155389651440201,8.155389651440201,,,unresolved,26.724696513501627,32.102959689086305,1.2012469317609469,True
alphafold,SASDU67,disordered,138,64.37166261731592,64.37166261731592,,,unresolved,33.7676215019629,35.66745676665401,1.0562620397939688,True
alphafold,SASDU78,folded,388,15.74996241347656,15.74996241347656,,,unresolved,22.704915920206776,23.73110304237549,1.045196693340557,True
alphafold,SASDUA2,partly disordered,165,91.0228078379878,91.0228078379878,,,unresolved,21.538223153890417,25.962389777244027,1.2054100095324938,True
alphafold,SASDUG3,partly disordered,283,11.539160608703948,11.539160608703948,,,unresolved,29.15323482319129,28.94188587661309,0.9927504118201637,True
alphafold,SASDUH4,partly disordered,99,1.4498656250317403,1.4498656250317403,,1.0,fits,20.384643855307846,18.82459031520989,0.9234691785065579,True
alphafold,SASDUK2,folded,388,5.579703017598868,5.579703017598868,,,unresolved,29.20039733438655,24.530078598424662,0.8400597538971809,True
alphafold,SASDUL2,folded,287,4.638898725764686,4.638898725764686,,,unresolved,23.386662922140715,21.21621897214838,0.9071930887609654,True
alphafold,SASDUL9,disordered,76,50.18292666358076,50.18292666358076,,,unresolved,25.490139065991244,24.46599614958744,0.9598219957234283,True
alphafold,SASDUR3,disordered,51,41.69216297729873,41.69216297729873,,,unresolved,20.82789397547116,16.03577521144898,0.7699182274662133,True
alphafold,SASDUS9,partly disordered,159,50.46198464133981,50.46198464133981,,,unresolved,30.681734540791947,36.756627072355926,1.1979970370803936,True
alphafold,SASDUV3,folded,453,1.0832932245265656,1.0832932245265656,,1.0,fits,34.6364194493831,34.144676269145485,0.9858027132118481,True
alphafold,SASDUW6,folded,239,1.394254633351433,1.394254633351433,,1.0,fits,26.026228222674646,25.425278503818276,0.9769098421133182,True
alphafold,SASDUX6,folded,172,1.1105788168564612,1.1105788168564612,,1.0,fits,22.211930808762325,21.55089586518247,0.9702396451136482,True
alphafold,SASDV46,disordered,130,19.649277350006805,19.649277350006805,,,unresolved,33.81936850990636,33.66541765087659,0.9954478493888886,True
alphafold,SASDV64,folded,249,1.6804773915027411,1.6804773915027411,,1.0,fits,20.66752056167986,19.790771851489943,0.9575784280667164,True
alphafold,SASDV74,folded,80,2.3470028728004952,2.3470028728004952,,,unresolved,14.08041935723002,13.45284618031755,0.9554293688994268,True
alphafold,SASDVA8,partly disordered,221,2.6800519205332707,2.6800519205332707,,,unresolved,22.12293278099644,31.687218643982657,1.4323245004478755,True
alphafold,SASDVK2,folded,223,1.4065191975392208,1.4065191975392208,,1.0,fits,18.663984889649686,17.557584810127636,0.9407200506181498,True
alphafold,SASDVL5,disordered,62,6.375795697506597,6.375795697506597,,,unresolved,22.515081103785832,25.059372446604307,1.1130038719865265,True
alphafold,SASDVL7,partly disordered,114,8.813726595741338,8.813726595741338,,,unresolved,19.753090206209997,18.029183394937743,0.9127272344086046,True
alphafold,SASDVN2,folded,211,0.8623055863881527,0.8623055863881527,1.0,1.0,fits,24.693000068151267,25.426926487624605,1.0297220433907481,True
alphafold,SASDVQ7,disordered,203,9.189079548937691,9.189079548937691,,,unresolved,47.21996125949661,37.8048789863074,0.8006122406274593,True
alphafold,SASDVR6,folded,297,1.1279902784661373,1.1279902784661373,,1.0,fits,26.60592993883429,26.01085298543804,0.9776336720887298,True
alphafold,SASDVT4,partly disordered,365,2.7616235259971136,2.7616235259971136,,,unresolved,38.40668108786685,32.1278478043136,0.8365171604078852,True
alphafold,SASDVT5,partly disordered,427,3.8969469072300895,3.8969469072300895,,,unresolved,25.31770607776811,26.088334698279404,1.030438327159031,True
alphafold,SASDVV6,partly disordered,74,3.2121604026072963,3.2121604026072963,,,unresolved,28.341010059830506,29.28152671456029,1.033185714014577,True
alphafold,SASDVX5,folded,464,1.8528962034741856,1.8528962034741856,,1.0,fits,24.40596585354083,25.54837556630471,1.0468086253836226,True
alphafold,SASDVX6,partly disordered,215,4.060516585352114,4.060516585352114,,,unresolved,23.64694306192277,21.64575939443645,0.9153724156967797,True
alphafold,SASDVZ8,partly disordered,150,2.421016790063588,2.421016790063588,,,unresolved,17.5317001270869,16.942980517775943,0.9664197080121527,True
alphafold,SASDWA3,folded,385,34.187285345061014,34.187285345061014,,,unresolved,19.81080023035202,22.059626763932425,1.113515178964603,True
alphafold,SASDWG9,folded,111,0.8990046291640913,0.8990046291640913,1.0,1.0,fits,16.041263311539243,16.43630036768641,1.0246263058261127,True
alphafold,SASDXK3,folded,357,21.10900024598952,21.10900024598952,,,unresolved,19.30717223931749,19.09181080958908,0.9888455219097365,True
esmfold,SASDA25,folded,119,1.4860484377652232,1.4860484377652232,,1.0,fits,20.00630079579755,18.61846911448339,0.9306302701594048,True
esmfold,SASDA37,partly disordered,215,2.411514734844556,2.411514734844556,,,unresolved,45.28185502700023,47.500370230088805,1.0489934699399073,True
esmfold,SASDA46,partly disordered,231,18.54928064816403,18.54928064816403,,,unresolved,29.81601980228154,23.32692990516851,0.7823623025425921,True
esmfold,SASDA47,partly disordered,351,2.993322110541348,2.993322110541348,,,unresolved,71.9161936187573,75.42142371119893,1.0487404841115977,True
esmfold,SASDA57,partly disordered,479,1.9415123724460144,1.9415123724460144,,1.0,fits,84.70568984559452,88.81034070667417,1.0484577939045394,False
esmfold,SASDA96,folded,129,0.9432597429869916,0.9432597429869916,1.0,1.0,fits,15.170752563999155,15.159061061149002,0.9992293392960677,True
esmfold,SASDAB4,folded,413,7.1578016969333405,7.1578016969333405,,,unresolved,35.68399313363872,32.88034963359798,0.9214313406702852,True
esmfold,SASDAB5,partly disordered,321,16.214767604923573,16.214767604923573,,,unresolved,31.660333642537942,28.340145371659904,0.895130976559984,True
esmfold,SASDAE6,partly disordered,282,9.486875935880764,9.486875935880764,,,unresolved,28.74186641745177,24.739122445681275,0.8607347235689583,True
esmfold,SASDAG6,folded,357,7.918632385820119,7.918632385820119,,,unresolved,25.724448891924634,27.606928391062876,1.0731786133513315,True
esmfold,SASDAG8,folded,189,24.43877629248841,24.43877629248841,,,unresolved,22.993548285443527,20.64070450121126,0.8976737406935242,True
esmfold,SASDAH4,folded,355,4.40192068748841,4.40192068748841,,,unresolved,29.33496653182824,26.065078191221406,0.888532740030263,True
esmfold,SASDAJ5,folded,321,2.9952510807894805,2.9952510807894805,,,unresolved,24.111438078093432,22.686909844913615,0.9409189850656781,True
esmfold,SASDAK2,folded,154,1.9061643762457647,1.9061643762457647,,1.0,fits,16.32860764335442,16.512861614438663,1.011284120183954,True
esmfold,SASDAN2,folded,150,9.23991568826298,9.23991568826298,,,unresolved,16.28254805251888,18.280685875437538,1.1227165316186216,True
esmfold,SASDAQ2,folded,76,1.084409113851075,1.084409113851075,,1.0,fits,13.127914861296814,13.06178194266664,0.9949624202069481,True
esmfold,SASDAR3,partly disordered,205,25.81666173995377,25.81666173995377,,,unresolved,22.07366086293452,17.910466662852425,0.8113953899204451,True
esmfold,SASDAS6,folded,376,5.864632565536197,5.864632565536197,,,unresolved,37.62818641749734,36.26387427665258,0.9637422828273662,True
esmfold,SASDAT3,folded,194,30.961153679815173,30.961153679815173,,,unresolved,20.742034504696942,22.863905936731918,1.1022981343298068,True
esmfold,SASDAT4,partly disordered,335,43.93891378499215,43.93891378499215,,,unresolved,27.5847850061949,23.78910541938069,0.8623995225642763,True
esmfold,SASDAW6,folded,134,3.621645835405532,3.621645835405532,,,unresolved,17.948798426541245,17.011315747215463,0.9477690563430972,True
esmfold,SASDAX6,folded,106,2.290933559255244,2.290933559255244,,,unresolved,15.405752795665975,14.954804546636057,0.9707285807444098,True
esmfold,SASDAY4,folded,362,285.552482893036,285.552482893036,,,unresolved,29.480506902127026,31.64695080076401,1.0734873354053718,True
esmfold,SASDAZ4,folded,243,9.057624866585924,9.057624866585924,,,unresolved,29.6991358606513,22.42934314988641,0.7552187125957185,True
esmfold,SASDB26,folded,489,16.390711244483914,16.390711244483914,,,unresolved,57.84096333986231,55.3694308656917,0.9572702055522767,True
esmfold,SASDB43,folded,228,2.282480078414862,2.282480078414862,,,unresolved,29.216061897427977,29.62963264455829,1.0141555952538122,True
esmfold,SASDB53,folded,333,178.42045181880286,178.42045181880286,,,unresolved,40.02064760007719,38.682337615852255,0.9665595120399213,True
esmfold,SASDB64,folded,380,3.923522988730556,3.923522988730556,,,unresolved,37.89283164232851,34.40200190739488,0.9078762503714775,True
esmfold,SASDB76,folded,317,4.456370467891153,4.456370467891153,,,unresolved,36.58720342695236,34.30962341737673,0.9377492730724036,True
esmfold,SASDB84,disordered,153,5.483909222857019,5.483909222857019,,,unresolved,17.42062469296394,16.10043051021093,0.9242165992310123,True
esmfold,SASDB85,partly disordered,179,1.7039089905598206,1.7039089905598206,,1.0,fits,16.98135065294012,16.279433961983326,0.9586654380265527,True
esmfold,SASDB93,folded,429,17.487666445868065,17.487666445868065,,,unresolved,45.12678608267552,55.17057759362208,1.2225682877691668,True
esmfold,SASDBB3,folded,140,6.77871066218226,6.77871066218226,,,unresolved,21.075252027461502,21.23360840418632,1.0075138544734115,True
esmfold,SASDBB9,folded,400,31.45026635328465,31.45026635328465,,,unresolved,34.69894772572521,32.6646728876878,0.9413735870575339,True
esmfold,SASDBC7,partly disordered,398,1.7621436482916524,1.7621436482916524,,1.0,fits,33.368447910686264,28.605453393677312,0.8572605315728934,True
esmfold,SASDBD4,folded,360,4.726302988260644,4.726302988260644,,,unresolved,43.41604271047099,41.630922478570106,0.9588833960799852,True
esmfold,SASDBD9,folded,274,1.7806815491167816,1.7806815491167816,,1.0,fits,24.36362591441428,23.74604504831423,0.9746515207436891,True
esmfold,SASDBG3,folded,357,13.38606480481416,13.38606480481416,,,unresolved,31.08052827402674,29.565994087149072,0.9512706420713148,True
esmfold,SASDBG6,folded,140,2.592723321253632,2.592723321253632,,,unresolved,23.58809657263261,26.693015652465743,1.1316307600434161,True
esmfold,SASDBK6,folded,133,14.524471881002407,14.524471881002407,,,unresolved,18.99073112008637,17.329504983410082,0.9125243716962945,True
esmfold,SASDBM9,folded,161,1.3827275475840572,1.3827275475840572,,1.0,fits,19.88910293174276,19.132428886140502,0.9619553456885874,True
esmfold,SASDBN2,folded,152,3.812770407585859,3.812770407585859,,,unresolved,19.47797849942821,18.59699373401681,0.9547702157368505,True
esmfold,SASDBN3,folded,400,4.9826136097827805,4.9826136097827805,,,unresolved,33.56704210669868,30.778797209512625,0.9169350433582103,True
esmfold,SASDBP2,folded,228,24.820295742152943,24.820295742152943,,,unresolved,24.623705434894923,21.134771315226555,0.8583099473435015,True
esmfold,SASDBP4,folded,229,3.598998212981124,3.598998212981124,,,unresolved,20.67929229890567,21.11933009533637,1.021279151630058,True
esmfold,SASDBP9,partly disordered,378,5.746539814216942,5.746539814216942,,,unresolved,39.56569269567406,40.24837360042776,1.0172543650380306,True
esmfold,SASDBQ3,partly disordered,164,16.009686904873572,16.009686904873572,,,unresolved,19.58249808868201,19.297853124437623,0.9854643180377022,True
esmfold,SASDBR4,folded,351,269.10031420561137,269.10031420561137,,,unresolved,35.13067418255108,27.569668050117524,0.7847748069637387,True
esmfold,SASDBT2,folded,162,2.799133431059094,2.799133431059094,,,unresolved,17.89105911617694,17.67695513912732,0.9880329065116089,True
esmfold,SASDBU7,partly disordered,276,3.3435492902526307,3.3435492902526307,,,unresolved,26.04951407052525,25.63219779452952,0.9839798825089057,True
esmfold,SASDBV9,folded,111,3.560278938166645,3.560278938166645,,,unresolved,17.559892250862447,17.943783924937943,1.0218618467921774,True
esmfold,SASDBW2,folded,210,3.908143531299668,3.908143531299668,,,unresolved,22.081653813163623,21.69245842612773,0.9823747174768277,True
esmfold,SASDBW3,folded,248,1.1170840854554078,1.1170840854554078,,1.0,fits,23.21429075330823,23.62561744782245,1.0177186845329573,True
esmfold,SASDBW9,folded,211,2.393041314839612,2.393041314839612,,,unresolved,26.370021531790638,26.5467633380143,1.0067023762574707,True
esmfold,SASDBX2,partly disordered,388,2111.688353770025,2111.688353770025,,,unresolved,31.30721062717448,25.696990764192645,0.8208010311173427,True
esmfold,SASDBX9,folded,110,20.33752921612604,20.33752921612604,,,unresolved,27.485297787609426,18.37781117468703,0.6686415157914672,True
esmfold,SASDBY5,disordered,217,65.93803258823735,65.93803258823735,,,unresolved,50.84005024313629,32.68978507192116,0.6429927766708782,True
esmfold,SASDBY9,folded,226,5.362534595849883,5.362534595849883,,,unresolved,28.006876077328062,28.9682175293322,1.0343251939041627,True
esmfold,SASDBZ6,disordered,404,7.078912149582665,7.078912149582665,,,unresolved,38.39719079004445,30.683783850501108,0.7991153315949546,True
esmfold,SASDBZ9,folded,439,13.44144594032596,13.44144594032596,,,unresolved,43.00111612764496,48.00090790396925,1.1162712093677487,True
esmfold,SASDC23,partly disordered,395,4.67788200453675,4.67788200453675,,,unresolved,32.09262245439571,26.486535240200205,0.8253153907206595,True
esmfold,SASDC26,folded,410,74.92910420810679,74.92910420810679,,,unresolved,31.60524213430056,27.12952341726916,0.8583868239954412,True
esmfold,SASDC35,folded,311,48.024336355179074,48.024336355179074,,,unresolved,29.626938869776883,36.82991077321408,1.2431223804490013,True
esmfold,SASDC36,folded,219,1.082331397646614,1.082331397646614,,1.0,fits,21.21498197914088,21.34242729349239,1.0060073260715854,True
esmfold,SASDC45,partly disordered,466,1.7203233134727065,1.7203233134727065,,1.0,fits,28.801695123654184,29.01670270395052,1.0074651015981262,True
esmfold,SASDC46,folded,193,1.00845531346357,1.00845531346357,,1.0,fits,20.314017426953896,20.327972352313672,1.0006869603912647,True
esmfold,SASDC53,disordered,98,138.60691545205708,138.60691545205708,,,unresolved,26.86851677293757,17.924328833644566,0.6671127023914567,True
esmfold,SASDC55,folded,159,4.800986585548591,4.800986585548591,,,unresolved,24.980177461519016,19.813479309572063,0.7931680765716718,True
esmfold,SASDC62,disordered,49,8.608818442455654,8.608818442455654,,,unresolved,16.48168929049662,28.55264141614161,1.7323856136885876,True
esmfold,SASDC65,partly disordered,279,6.740714544372056,6.740714544372056,,,unresolved,35.33617454900705,30.55635200249217,0.8647328804682625,True
esmfold,SASDC88,folded,155,1.3618578630452869,1.3618578630452869,,1.0,fits,17.006544687603014,17.63140106651879,1.0367421125451348,True
esmfold,SASDCA6,folded,87,6.136561030871743,6.136561030871743,,,unresolved,15.292585504608953,14.008323794599995,0.9160206291067067,True
esmfold,SASDCD3,folded,275,35.152486241169406,35.152486241169406,,,unresolved,26.98146096984308,32.5380974142847,1.2059427564227236,True
esmfold,SASDCD6,folded,131,3.782227862611151,3.782227862611151,,,unresolved,22.96770400298687,25.69656759111607,1.1188130771702005,True
esmfold,SASDCG6,folded,171,3.0434433067916573,3.0434433067916573,,,unresolved,18.510789645644085,17.47081625314454,0.9438179887293858,True
esmfold,SASDCH7,folded,126,1.6629654285382076,1.6629654285382076,,1.0,fits,17.1827902985935,16.579481261667464,0.9648887621601586,False
esmfold,SASDCJ6,folded,288,6.020557287395133,6.020557287395133,,,unresolved,22.62082201980893,21.049757537276783,0.9305478606764875,True
esmfold,SASDCK3,folded,451,4.0123414860342255,4.0123414860342255,,,unresolved,26.64172846186229,25.67862623821875,0.9638498596282061,True
esmfold,SASDCK6,folded,446,4.799182609859521,4.799182609859521,,,unresolved,28.119619492090045,29.711366211146707,1.05660626807217,True
esmfold,SASDCK7,folded,347,10.108319598841817,10.108319598841817,,,unresolved,27.56099874662891,26.556409516437316,0.9635503328661313,True
esmfold,SASDCK9,folded,364,111.44785831323732,111.44785831323732,,,unresolved,25.5762977090285,24.869736297657983,0.9723743671031364,True
esmfold,SASDCL2,folded,243,6.661862001060444,6.661862001060444,,,unresolved,24.00465763504737,22.09817080918828,0.9205784621116373,True
esmfold,SASDCM6,folded,291,1.520059915733621,1.520059915733621,,1.0,fits,23.664835098146547,24.44186020603975,1.0328345878883416,True
esmfold,SASDCN9,folded,267,1.548981162869295,1.548981162869295,,1.0,fits,24.79501819170556,26.39740494870847,1.0646253511335975,True
esmfold,SASDCP5,partly disordered,148,6.750316516370543,6.750316516370543,,,unresolved,20.956718479288742,19.8287110907932,0.9461744266111921,True
esmfold,SASDCP8,folded,211,16.84111690057884,16.84111690057884,,,unresolved,22.93091321979196,21.49754878159268,0.9374920473310184,True
esmfold,SASDCU2,partly disordered,373,40.95690416042627,40.95690416042627,,,unresolved,49.36273264837064,31.428030063711116,0.6366752482603593,True
esmfold,SASDCU8,folded,326,1.0276821377973886,1.0276821377973886,,1.0,fits,25.888863921300747,21.21088282431069,0.8193052769248355,True
esmfold,SASDCV7,partly disordered,489,55.85136562868185,55.85136562868185,,,unresolved,34.5051689106723,33.33656640109107,0.9661325376320709,True
esmfold,SASDCY4,disordered,254,4972.998368206688,4972.998368206688,,,unresolved,51.313714114923606,36.83332121126394,0.7178065717241013,True
esmfold,SASDCY9,partly disordered,100,8.334847560936009,8.334847560936009,,,unresolved,22.587071094653734,20.11002421448182,0.8903334181846083,True
esmfold,SASDD32,folded,430,5.982480444305292,5.982480444305292,,,unresolved,28.95180421854238,25.62420965484029,0.8850643456074868,True
esmfold,SASDD43,folded,187,2.281763335624858,2.281763335624858,,,unresolved,17.47467396485706,17.231459529832076,0.9860818899674977,True
esmfold,SASDD76,folded,285,3.78753962393737,3.78753962393737,,,unresolved,25.69069346151649,23.601728724264326,0.9186878804816484,True
esmfold,SASDD85,partly disordered,483,53.829077784279534,53.829077784279534,,,unresolved,38.81275981879835,30.16965747008077,0.7773128633709931,True
esmfold,SASDD88,folded,91,3.617336517885623,3.617336517885623,,,unresolved,16.107537299224845,14.058728669069255,0.8728043528879995,True
esmfold,SASDD95,folded,409,27.351547657204332,27.351547657204332,,,unresolved,29.70416960620056,27.23447780765871,0.9168570664898736,True
esmfold,SASDDD8,folded,291,35.399949417967875,35.399949417967875,,,unresolved,23.349134782667196,20.924617011644685,0.8961624148564893,True
esmfold,SASDDD9,folded,137,25.48121846004244,25.48121846004244,,,unresolved,18.9559063984566,20.711031238723,1.0925898663653086,True
esmfold,SASDDE3,partly disordered,122,124.06692753435824,124.06692753435824,,,unresolved,20.050288437478446,16.284828628125734,0.8121992199217328,True
esmfold,SASDDE7,folded,307,3.1915160673588505,3.1915160673588505,,,unresolved,23.719090750310876,20.90161201347134,0.8812147241857233,True
esmfold,SASDDE8,partly disordered,235,3.804221886012247,3.804221886012247,,,unresolved,23.67302564056997,21.63875706821736,0.9140680788658313,True
esmfold,SASDDF5,folded,246,1.6503822853562329,1.6503822853562329,,1.0,fits,21.159297294326983,21.17428746784872,1.0007084438255782,True
esmfold,SASDDF6,disordered,169,459.6695056201034,459.6695056201034,,,unresolved,33.0817807556,31.143906063616143,0.9414216935206603,True
esmfold,SASDDH6,folded,205,7.935430586785919,7.935430586785919,,,unresolved,23.994398950281724,20.09773442615309,0.8376010779764549,False
esmfold,SASDDJ2,folded,77,1.928352679435472,1.928352679435472,,1.0,fits,12.912102146071629,12.892830260688182,0.9985074556284153,True
esmfold,SASDDK7,partly disordered,170,10.113634178654335,10.113634178654335,,,unresolved,25.925220018303506,22.896982843046175,0.8831933857024411,True
esmfold,SASDDL7,folded,128,15.065472545938452,15.065472545938452,,,unresolved,17.262606206058717,16.685119324197306,0.9665469469112533,True
esmfold,SASDDM6,folded,264,16.081035025966717,16.081035025966717,,,unresolved,21.37655988307354,22.585364655534708,1.0565481433436035,True
esmfold,SASDDR2,folded,279,1.2457101105654311,1.2457101105654311,,1.0,fits,27.280455698611856,24.503510768444816,0.898207531397346,True
esmfold,SASDDU2,folded,295,1.3251822001419389,1.3251822001419389,,1.0,fits,25.46205310952465,25.783255537920244,1.0126149461323464,True
esmfold,SASDDV2,folded,300,1.2401140172831024,1.2401140172831024,,1.0,fits,24.00400703736039,22.966928138295344,0.9567955926087293,True
esmfold,SASDDX4,folded,176,1.3440537479697072,1.3440537479697072,,1.0,fits,19.3097639183258,18.38910067354965,0.9523213619456837,True
esmfold,SASDE27,folded,178,1.3647975311826253,1.3647975311826253,,1.0,fits,18.133308154127636,17.707763944058104,0.9765324558292102,True
esmfold,SASDE34,folded,144,1.1080694873019368,1.1080694873019368,,1.0,fits,15.856130142325917,15.644589289832425,0.9866587338401814,True
esmfold,SASDE48,folded,97,6.050511276154007,6.050511276154007,,,unresolved,15.032904410734933,14.199384849725485,0.9445536578803604,True
esmfold,SASDE53,folded,41,5.734354514450211,5.734354514450211,,,unresolved,20.25713490851255,11.363159424037155,0.5609460308852499,True
esmfold,SASDE59,folded,320,4.28070298183787,4.28070298183787,,,unresolved,30.44913345514281,33.31477757479733,1.0941125015552953,True
esmfold,SASDE73,folded,60,31.830488874307918,31.830488874307918,,,unresolved,24.65670447026993,13.117321440233008,0.5319981612323476,True
esmfold,SASDE79,folded,314,39.4292907556811,39.4292907556811,,,unresolved,31.500343110147075,34.194396039888275,1.0855245582665853,True
esmfold,SASDE93,folded,109,47.447072896419705,47.447072896419705,,,unresolved,35.365598779422015,15.391320136181648,0.43520598172756825,True
esmfold,SASDEA9,folded,356,2.5366605199182097,2.5366605199182097,,,unresolved,30.75823648732613,28.354697478511724,0.921857060634644,True
esmfold,SASDEB3,disordered,153,1.9175340309462392,1.9175340309462392,,1.0,fits,28.51132254398601,28.949803951457653,1.015379202658704,True
esmfold,SASDEC3,disordered,178,4.2510976647992464,4.2510976647992464,,,unresolved,39.78520287110585,30.37387239605229,0.7634464626071172,True
esmfold,SASDEC6,folded,334,3.7202453855741378,3.7202453855741378,,,unresolved,25.934930423058976,23.021777938485023,0.8876745594819934,True
esmfold,SASDEC9,folded,257,56.64198358523828,56.64198358523828,,,unresolved,21.970055854390587,23.083071975812715,1.050660595894648,True
esmfold,SASDED2,disordered,267,331.554128062206,331.554128062206,,,unresolved,36.30915034712512,32.32560300562502,0.8902880595272451,True
esmfold,SASDED9,folded,407,2.5568863771957946,2.5568863771957946,,,unresolved,26.43372130722642,27.07376106359682,1.024213002359052,True
esmfold,SASDEE2,disordered,187,31.1061165634746,31.1061165634746,,,unresolved,30.247748697212263,24.153790109388957,0.7985318296305157,True
esmfold,SASDEE9,partly disordered,186,5.429376781478826,5.429376781478826,,,unresolved,22.078610169930293,24.601390736309774,1.11426355857378,True
esmfold,SASDEJ3,partly disordered,352,14.029645812563745,14.029645812563745,,,unresolved,25.64205940159557,24.68245411159047,0.9625769024641839,True
esmfold,SASDEK2,disordered,38,2.20896389679198,2.20896389679198,,,unresolved,16.12422647527856,17.607842631376332,1.0920116173245538,True
esmfold,SASDEK4,folded,182,1.10891837429359,1.10891837429359,,1.0,fits,17.159021117375257,17.10569166514206,0.9968920457718188,True
esmfold,SASDEK7,partly disordered,171,2.285811300136066,2.285811300136066,,,unresolved,20.75218114517911,20.15519370209814,0.9712325447188158,True
esmfold,SASDEL4,folded,411,5.480591318677086,5.480591318677086,,,unresolved,38.621723931746494,29.481831146798253,0.7633483994370489,True
esmfold,SASDEL6,folded,452,29.74827160126251,29.74827160126251,,,unresolved,25.650369306279146,24.684621601707548,0.9623495594531193,True
esmfold,SASDEP2,disordered,46,1.0937449831274006,1.0937449831274006,,1.0,fits,22.634801619670057,25.78842158719922,1.139326158917541,True
esmfold,SASDEQ7,folded,289,4.298068643107516,4.298068643107516,,,unresolved,21.93259398057169,21.565857533495706,0.9832789296423011,True
esmfold,SASDES5,folded,121,1.5219903401690278,1.5219903401690278,,1.0,fits,15.427782572257197,15.028485191060952,0.9741182908609124,False
esmfold,SASDET2,disordered,99,4.62009458356002,4.62009458356002,,,unresolved,29.979239477627683,27.53868505096192,0.9185918499204407,True
esmfold,SASDET5,folded,389,109.50477223822338,109.50477223822338,,,unresolved,26.54816128092102,22.86780365239951,0.8613705262079141,True
esmfold,SASDEW7,partly disordered,142,4.839375099090159,4.839375099090159,,,unresolved,22.05470139221025,19.32394433441698,0.8761825422511601,True
esmfold,SASDEX2,disordered,82,3.658502562787894,3.658502562787894,,,unresolved,32.14352574493883,25.908477730006595,0.806024763294239,True
esmfold,SASDEX4,disordered,104,4.057382466976427,4.057382466976427,,,unresolved,24.028155036690915,25.70031369342677,1.0695916375677814,True
esmfold,SASDEX6,partly disordered,476,11.999565565112595,11.999565565112595,,,unresolved,29.40594008682406,24.59206935660527,0.8362959757108481,True
esmfold,SASDEY9,folded,403,8.29467717898821,8.29467717898821,,,unresolved,28.2175774377076,25.270961315261165,0.8955751559838434,True
esmfold,SASDEZ2,disordered,114,6.231384580167926,6.231384580167926,,,unresolved,30.429286463023903,34.857925964985206,1.1455387232738026,True
esmfold,SASDF27,disordered,98,11.534629865075816,11.534629865075816,,,unresolved,27.47333873499298,25.509203365359088,0.9285075837130724,True
esmfold,SASDF34,disordered,271,27.230201431628267,27.230201431628267,,,unresolved,46.21389424619515,32.54586988342654,0.7042442627761473,True
esmfold,SASDF37,folded,89,7.778672010274144,7.778672010274144,,,unresolved,18.744939526615312,16.944721639498187,0.9039624595981729,True
esmfold,SASDF38,folded,199,63.16777346836342,63.16777346836342,,,unresolved,27.52787754026244,28.76904629864797,1.0450877026959375,True
esmfold,SASDF52,partly disordered,259,54.70756623613365,54.70756623613365,,,unresolved,30.30809201467102,25.85200357910045,0.8529736403923566,True
esmfold,SASDF53,folded,274,2.2796400014461278,2.2796400014461278,,,unresolved,20.845797879662864,20.212594753737733,0.9696244236089958,True
esmfold,SASDF65,folded,495,3.4504145325773483,3.4504145325773483,,,unresolved,33.159641949400594,31.759718590508328,0.9577823137828673,True
esmfold,SASDFD3,folded,298,1.073470918803355,1.073470918803355,,1.0,fits,26.893577801955573,26.913933372205783,1.0007568933520155,True
esmfold,SASDFG8,folded,232,1.4516145739607635,1.4516145739607635,,1.0,fits,20.239881279939794,20.402396241553475,1.0080294424342673,True
esmfold,SASDFJ8,folded,286,1.436551318567738,1.436551318567738,,1.0,fits,20.52035990349926,20.189534526313537,0.9838781883582214,True
esmfold,SASDFK8,partly disordered,114,135.1349159289281,135.1349159289281,,,unresolved,29.595169813517817,35.01478449440675,1.1831249732655185,True
esmfold,SASDFP4,folded,451,1.0826087794430397,1.0826087794430397,,1.0,fits,26.80443025463942,26.211986466125985,0.9778975422015959,True
esmfold,SASDFP8,folded,260,1.1094301835749971,1.1094301835749971,,1.0,fits,18.188052616508777,18.290362521243026,1.0056251159423952,True
esmfold,SASDFU7,folded,409,1.1264956665092123,1.1264956665092123,,1.0,fits,29.43605195361957,29.198085890823688,0.9919158295014959,True
esmfold,SASDFY7,folded,485,2.4932779021460205,2.4932779021460205,,,unresolved,23.12039899666981,23.297099102908778,1.0076426062657664,True
esmfold,SASDG45,partly disordered,139,13.059205401899057,13.059205401899057,,,unresolved,16.849766656756046,15.748124479386512,0.9346197368894825,True
esmfold,SASDGA5,folded,219,2.424023229256859,2.424023229256859,,,unresolved,22.16437642566953,20.807271133350596,0.9387708787174716,True
esmfold,SASDGB5,folded,196,345.0981363867934,345.0981363867934,,,unresolved,27.275360520121342,20.09223008796152,0.7366439784779107,True
esmfold,SASDGD2,folded,309,1.238943308914167,1.238943308914167,,1.0,fits,21.519191296420303,21.00863141292321,0.9762742067550642,True
esmfold,SASDGD6,folded,401,1.1321708712151402,1.1321708712151402,,1.0,fits,20.333541320980963,20.47732449007114,1.0070712310669572,True
esmfold,SASDGG2,folded,298,1.1733679518625817,1.1733679518625817,,1.0,fits,30.22116755529928,30.74061235591667,1.0171881115998216,True
esmfold,SASDGP5,partly disordered,163,8.841628144314619,8.841628144314619,,,unresolved,26.669651342587773,27.65613479597518,1.0369889894965416,True
esmfold,SASDGQ9,partly disordered,195,2.147153973527444,2.147153973527444,,,unresolved,23.066039451520123,24.116663300171652,1.045548515203909,True
esmfold,SASDGR2,folded,183,1.3841956881634805,1.3841956881634805,,1.0,fits,21.391062863054877,20.11676144638601,0.9404283263142689,True
esmfold,SASDGX4,folded,318,1.8817543475313772,1.8817543475313772,,1.0,fits,25.851810447339968,26.37409543036652,1.020203033133422,True
esmfold,SASDGZ5,partly disordered,454,21.896942776340225,21.896942776340225,,,unresolved,31.355147364740468,27.26587598298305,0.8695821348186075,True
esmfold,SASDH24,folded,187,24.739799087455516,24.739799087455516,,,unresolved,18.05573254910537,16.852712545414835,0.9333718529326497,True
esmfold,SASDH25,partly disordered,422,1.3886754299676531,1.3886754299676531,,1.0,fits,24.00004473845676,23.910200788472327,0.9962565090622322,True
esmfold,SASDH33,partly disordered,424,27.705128460703477,27.705128460703477,,,unresolved,30.847612746052288,27.80200347738215,0.9012692069969045,True
esmfold,SASDH34,folded,468,11.834975991046097,11.834975991046097,,,unresolved,31.860389251974897,28.053345975528813,0.8805085761401957,True
esmfold,SASDH64,folded,76,1.1779327727264288,1.1779327727264288,,1.0,fits,13.681804641474075,13.466163009619912,0.984238802007121,True
esmfold,SASDH65,partly disordered,373,10.276719171290186,10.276719171290186,,,unresolved,32.3611270718829,27.13126527250889,0.8383906163788098,True
esmfold,SASDH69,folded,302,1.2397387229250516,1.2397387229250516,,1.0,fits,25.120791811277822,25.03304034411316,0.996506819218761,True
esmfold,SASDH84,folded,135,9.886605118440569,9.886605118440569,,,unresolved,21.196169696143176,18.475520176454246,0.8716442848547313,True
esmfold,SASDH95,partly disordered,259,15.842797427971451,15.842797427971451,,,unresolved,26.475632479482893,24.986628774564657,0.9437594661403413,True
esmfold,SASDHC9,partly disordered,75,3.286599928393061,3.286599928393061,,,unresolved,28.2032077935802,31.36930849030943,1.1122603045689687,True
esmfold,SASDHD5,disordered,220,79.99360399557487,79.99360399557487,,,unresolved,27.059185579063584,27.71303933859235,1.0241638373637774,True
esmfold,SASDHF8,partly disordered,24,21.249971336581424,21.249971336581424,,,unresolved,13.6809685461946,16.647497113838135,1.2168361514484063,True
esmfold,SASDHG4,folded,284,75.97794371387148,75.97794371387148,,,unresolved,23.771629673080227,20.62983336882732,0.8678342062592882,True
esmfold,SASDHG9,folded,412,1.3790481309049978,1.3790481309049978,,1.0,fits,24.535194673975763,24.38861519704685,0.9940257463257715,True
esmfold,SASDHN7,folded,113,1.8557982542882456,1.8557982542882456,,1.0,fits,16.081264925213397,14.640792501026857,0.910425427919662,True
esmfold,SASDHP4,folded,279,1.6097819586292288,1.6097819586292288,,1.0,fits,23.012086684198103,20.774730517450926,0.902774737578078,True
esmfold,SASDHP7,folded,299,1.6031960043140474,1.6031960043140474,,1.0,fits,19.339871528062048,18.968638328602037,0.9808047742757053,True
esmfold,SASDHS8,folded,467,1.571379731969609,1.571379731969609,,1.0,fits,18.213340415659975,32.518723238278334,1.7854343297904034,True
esmfold,SASDHT5,partly disordered,377,1.2395103123741722,1.2395103123741722,,1.0,fits,24.59557685922055,27.64223189620518,1.1238700378699382,False
esmfold,SASDHV4,partly disordered,305,2.292874930406819,2.292874930406819,,,unresolved,31.978546678312444,26.01279785487516,0.8134452799419055,True
esmfold,SASDHW9,folded,465,17.460402016402238,17.460402016402238,,,unresolved,29.670990921861083,32.83399069283126,1.1066024312871778,False
esmfold,SASDJ28,folded,245,4.756003408571635,4.756003408571635,,,unresolved,21.42812517432333,20.3517611399295,0.9497686323167646,False
esmfold,SASDJ29,folded,318,8.080134538812686,8.080134538812686,,,unresolved,24.7145917019278,23.114410951643706,0.9352536036369447,True
esmfold,SASDJ63,folded,404,3.916353545696856,3.916353545696856,,,unresolved,29.987729124099957,28.125637331822887,0.9379048748716161,True
esmfold,SASDJ83,partly disordered,179,1.788492416856605,1.788492416856605,,1.0,fits,20.498015278706884,19.801338042690897,0.9660124540574576,True
esmfold,SASDJ84,folded,215,7.080258553394592,7.080258553394592,,,unresolved,26.942580072956943,25.77184809380856,0.9565471467105899,True
esmfold,SASDJ86,partly disordered,208,5.431475367178256,5.431475367178256,,,unresolved,34.367166745239295,29.805230204679432,0.8672588702357373,True
esmfold,SASDJ93,folded,272,1.2977179374147076,1.2977179374147076,,1.0,fits,21.546828718851675,21.808492790164014,1.0121439713809672,True
esmfold,SASDJ94,folded,216,5.480646242715421,5.480646242715421,,,unresolved,21.07953022174192,19.87742513816562,0.9429728712674811,True
esmfold,SASDJA4,folded,270,4.058478871154459,4.058478871154459,,,unresolved,23.35230091111216,21.935983306893764,0.9393499762781644,True
esmfold,SASDJA5,folded,172,11.593532437230564,11.593532437230564,,,unresolved,22.821354484439723,20.473143423875413,0.8971046586141331,True
esmfold,SASDJB2,folded,278,1.8358987544873724,1.8358987544873724,,1.0,fits,21.7493830991841,20.118886748905684,0.9250325242402124,True
esmfold,SASDJB9,partly disordered,82,1.025537047276481,1.025537047276481,,1.0,fits,20.1044359700569,19.77100458342476,0.9834150340189226,True
esmfold,SASDJC4,folded,290,3.119455381140369,3.119455381140369,,,unresolved,24.327093149238344,24.7427575004048,1.0170864783809763,True
esmfold,SASDJD6,folded,419,71.63394447695275,71.63394447695275,,,unresolved,35.91730479767933,32.2873712192847,0.8989363595391723,True
esmfold,SASDJE2,partly disordered,34,9.958244782043836,9.958244782043836,,,unresolved,15.554020967405588,14.8233569250239,0.9530241058622179,True
esmfold,SASDJE4,folded,249,1.673828439689768,1.673828439689768,,1.0,fits,25.909675879746903,21.826585638282182,0.8424106013361443,True
esmfold,SASDJF5,folded,203,6.342013517479658,6.342013517479658,,,unresolved,20.867592073543776,21.098236413413463,1.0110527529509312,True
esmfold,SASDJF6,partly disordered,78,10.828618633208508,10.828618633208508,,,unresolved,23.063329812643,26.014252512886117,1.12794868408921,True
esmfold,SASDJG2,partly disordered,20,3.3991201717421893,3.3991201717421893,,,unresolved,12.209201840057158,11.69810551652739,0.9581384327800272,True
esmfold,SASDJG4,folded,261,13.694595012210014,13.694595012210014,,,unresolved,28.54921955880945,23.927927056662565,0.838128937548456,True
esmfold,SASDJG6,disordered,40,39.07685206764937,39.07685206764937,,,unresolved,9.424330958943306,17.03548958109403,1.807607315077156,True
esmfold,SASDJH6,disordered,51,18.014465817490358,18.014465817490358,,,unresolved,18.877000305256832,18.050131451270573,0.9561970206804524,True
esmfold,SASDJJ4,folded,200,1.041144866927719,1.041144866927719,,1.0,fits,18.021652342435598,17.807494392121818,0.9881166306926529,True
esmfold,SASDJJ6,disordered,191,25.86262492963035,25.86262492963035,,,unresolved,33.94387746943146,27.920783555369898,0.8225572809268555,True
esmfold,SASDJK6,disordered,209,250.6849559253565,250.6849559253565,,,unresolved,38.21268048362726,27.86502134205792,0.7292087597465733,True
esmfold,SASDJL9,folded,87,3.359187798188027,3.359187798188027,,,unresolved,15.300948556562718,14.086750969680686,0.9206456003434342,True
esmfold,SASDJM2,folded,381,44.953441108839975,44.953441108839975,,,unresolved,33.30094974103696,39.12169049056436,1.1747920343050897,True
esmfold,SASDJM5,partly disordered,379,30.785117784613863,30.785117784613863,,,unresolved,31.649923348728528,34.72030725602865,1.0970107849383928,True
esmfold,SASDJN5,folded,405,11.628053114409944,11.628053114409944,,,unresolved,30.364891463260168,28.44837758058018,0.9368838882563152,True
esmfold,SASDJP5,folded,301,1.085352999914039,1.085352999914039,,1.0,fits,29.43403816447536,28.688168801839577,0.9746596318701526,True
esmfold,SASDJR3,folded,271,1.1638183268554876,1.1638183268554876,,1.0,fits,24.42216965471741,22.81651781513092,0.9342543327522769,True
esmfold,SASDJT3,disordered,439,4.544397591265665,4.544397591265665,,,unresolved,33.476669963690235,31.485176019833737,0.9405109903100718,True
esmfold,SASDJT7,disordered,180,291.1700065149537,291.1700065149537,,,unresolved,35.034740281753216,40.88835256604227,1.1670802248629122,True
esmfold,SASDJV9,partly disordered,138,1.919107029805508,1.919107029805508,,1.0,fits,,22.047082392713047,,False
esmfold,SASDJX3,partly disordered,190,8.632511590343332,8.632511590343332,,,unresolved,29.754457105952124,26.701413393869185,0.8973920545345052,True
esmfold,SASDJX7,folded,302,8.801173799967472,8.801173799967472,,,unresolved,26.146451397669374,25.36729427869041,0.9702002727969266,True
esmfold,SASDJY2,folded,182,3.6733385396120815,3.6733385396120815,,,unresolved,20.52939705686798,18.284386888512,0.8906441254880924,True
esmfold,SASDJZ6,folded,211,4.441778030156987,4.441778030156987,,,unresolved,24.451750623018825,24.72571299198408,1.0112042026433619,True
esmfold,SASDK42,folded,364,16.241476207771427,16.241476207771427,,,unresolved,31.48987735994072,27.577855732436824,0.875768915109193,True
esmfold,SASDK52,folded,265,1.378721837875243,1.378721837875243,,1.0,fits,25.17459867980943,23.8116866666139,0.9458616190657048,False
esmfold,SASDK56,folded,223,1.3587413941672353,1.3587413941672353,,1.0,fits,29.59217888512532,20.493538348517,0.6925322541497001,True
esmfold,SASDK68,disordered,150,62.32332957190172,62.32332957190172,,,unresolved,35.81531059549425,27.079298260043192,0.7560816257014369,True
esmfold,SASDK76,folded,320,1.0570393405632907,1.0570393405632907,,1.0,fits,22.84806480713285,22.024751262480468,0.9639657208782358,True
esmfold,SASDK92,folded,412,65.24803312731096,65.24803312731096,,,unresolved,30.38288423898635,26.945773034175375,0.8868734390792108,True
esmfold,SASDKD6,disordered,70,26.64676463232852,26.64676463232852,,,unresolved,23.98431280548197,22.498758082314925,0.9380614014161999,True
esmfold,SASDKH8,disordered,173,56.82333709132504,56.82333709132504,,,unresolved,37.30106760782824,24.10980402696653,0.6463569429285368,True
esmfold,SASDKK2,partly disordered,360,89.71864678373642,89.71864678373642,,,unresolved,31.910224522436064,27.140935431691585,0.850540409473108,True
esmfold,SASDKK9,folded,289,16.857424063528608,16.857424063528608,,,unresolved,28.50130674916844,23.232236003746905,0.815128801223289,True
esmfold,SASDKQ3,partly disordered,492,42.544113706273386,42.544113706273386,,,unresolved,44.32816638984295,33.361074242613604,0.7525931469671105,True
esmfold,SASDKQ4,folded,253,84.6273830454255,84.6273830454255,,,unresolved,7.145788682210825,19.817131988280178,2.7732602893245626,True
esmfold,SASDKU8,partly disordered,103,30.412346747156715,30.412346747156715,,,unresolved,29.677099235126654,18.28643854219976,0.6161801191322437,True
esmfold,SASDKV7,folded,336,1.042120933400532,1.042120933400532,,1.0,fits,24.16936180892453,24.629267613231256,1.0190284628920945,True
esmfold,SASDKW7,folded,148,1.091130049368516,1.091130049368516,,1.0,fits,21.35132996744245,20.69087549289164,0.9690672910981234,False
esmfold,SASDKX6,partly disordered,91,5.8556498175958,5.8556498175958,,,unresolved,15.989334174188226,27.125827029509296,1.6964950969189727,True
esmfold,SASDL26,folded,273,3.004070457480254,3.004070457480254,,,unresolved,25.44953543642256,27.558708729392254,1.082876691334456,True
esmfold,SASDL49,partly disordered,459,2.329110475846857,2.329110475846857,,,unresolved,44.155490807125325,47.702684008847,1.0803341359564114,True
esmfold,SASDL62,partly disordered,284,3.5019627082260056,3.5019627082260056,,,unresolved,23.250628262362174,22.070610884051487,0.9492479357978948,True
esmfold,SASDLA5,folded,133,1.4473179503127025,1.4473179503127025,,1.0,fits,14.712126400542216,14.953936785137609,1.0164361274510585,True
esmfold,SASDLB7,folded,424,7.707024054042648,7.707024054042648,,,unresolved,40.35786960231569,26.244674821718995,0.6502988160755915,True
esmfold,SASDLF3,partly disordered,252,155.18771812111936,155.18771812111936,,,unresolved,44.83394987044664,30.908254009921563,0.6893939547872732,True
esmfold,SASDLF9,disordered,133,17.46693112960544,17.46693112960544,,,unresolved,33.05699054942868,25.72194313183246,0.7781090384913156,True
esmfold,SASDLH5,partly disordered,361,552.4566839879234,552.4566839879234,,,unresolved,60.98743235823829,31.21022602918868,0.5117484836197198,True
esmfold,SASDLH9,partly disordered,122,6145.187258942261,6145.187258942261,,,unresolved,28.04100093582992,23.07015049056429,0.8227292079679641,True
esmfold,SASDLJ9,disordered,62,425.2397865861231,425.2397865861231,,,unresolved,24.26268893160696,18.41901460513411,0.7591497651828563,True
esmfold,SASDLK9,disordered,475,296.879830973057,296.879830973057,,,unresolved,71.66806527509094,33.38428650659862,0.46581816292174577,True
esmfold,SASDLM8,folded,364,6.356231714227222,6.356231714227222,,,unresolved,27.9970236443302,23.71077344335053,0.8469033617490374,False
esmfold,SASDLM9,folded,170,22.322185004183517,22.322185004183517,,,unresolved,22.12672289167008,23.48516770333174,1.0613938547661328,True
esmfold,SASDLQ3,folded,169,0.7848290106766938,0.7848290106766938,1.0,1.0,fits,17.217254134718086,17.3073589195343,1.0052334004081707,True
esmfold,SASDLR9,folded,78,1.1795702930112713,1.1795702930112713,,1.0,fits,17.954227642777084,18.239843559656,1.0159080035388666,True
esmfold,SASDLS4,disordered,255,81.60190012145527,81.60190012145527,,,unresolved,46.96046974149995,31.31902329609037,0.6669231263760783,True
esmfold,SASDLT4,disordered,410,28.393960914722744,28.393960914722744,,,unresolved,62.843037652504194,35.89121222771845,0.5711247191165694,True
esmfold,SASDM43,folded,119,9.847609566837724,9.847609566837724,,,unresolved,16.597264852235362,19.93402084575441,1.201042522561761,True
esmfold,SASDM53,folded,226,4.2198629522355935,4.2198629522355935,,,unresolved,23.63943417193286,24.114192317922075,1.0200833125926887,True
esmfold,SASDM55,folded,168,3.590479263736054,3.590479263736054,,,unresolved,16.071404143587927,16.571227794910737,1.0311001855753983,True
esmfold,SASDM65,partly disordered,292,31.784860829731954,31.784860829731954,,,unresolved,35.862684366923666,31.30185330831392,0.8728251624461156,True
esmfold,SASDM75,folded,476,11.123177997081156,11.123177997081156,,,unresolved,31.683341944875067,29.91191216285775,0.9440895539018777,True
esmfold,SASDM82,folded,83,1.0942663536986814,1.0942663536986814,,1.0,fits,13.650494989494929,13.641917741475911,0.9993716529674844,True
esmfold,SASDM97,folded,274,12.695989503052171,12.695989503052171,,,unresolved,23.610050873932096,20.607870251824675,0.8728431108370828,True
esmfold,SASDMA5,folded,60,1.0440788604429492,1.0440788604429492,,1.0,fits,11.624823382481823,12.396889116493698,1.0664152657300023,True
esmfold,SASDMC9,partly disordered,444,21.981687414241,21.981687414241,,,unresolved,32.32706504222345,27.084679658122244,0.8378329310980148,True
esmfold,SASDMQ2,folded,484,1.7447493455919325,1.7447493455919325,,1.0,fits,53.4452888036859,58.28122236204396,1.0904838137580528,True
esmfold,SASDMQ3,partly disordered,309,1.2128964571795315,1.2128964571795315,,1.0,fits,33.400806704950185,32.45343717426189,0.9716363278570788,True
esmfold,SASDMQ9,folded,285,31.65780110187952,31.65780110187952,,,unresolved,36.92427935771512,36.1171255253208,0.9781402955877683,True
esmfold,SASDMR3,folded,74,1.4146014155699744,1.4146014155699744,,1.0,fits,14.425685321559758,13.701601651722257,0.9498059431009958,True
esmfold,SASDMS3,folded,267,1.2115346207988202,1.2115346207988202,,1.0,fits,24.47108297670429,24.34466402011024,0.9948339451623617,True
esmfold,SASDMS4,folded,320,1.416638566919118,1.416638566919118,,1.0,fits,28.20149969944565,29.200466799107254,1.0354224814392137,True
esmfold,SASDMT5,partly disordered,379,12.632101067818144,12.632101067818144,,,unresolved,50.73332902560244,30.750277397773463,0.6061159003040273,True
esmfold,SASDMT7,folded,438,1.3487794933296842,1.3487794933296842,,1.0,fits,23.43518668768269,22.807028245937083,0.9731959275547072,True
esmfold,SASDMU6,partly disordered,155,2.114762909103735,2.114762909103735,,,unresolved,19.99741569871532,18.15147093933522,0.9076908342962192,True
esmfold,SASDMV6,folded,206,11.294742775264783,11.294742775264783,,,unresolved,21.91470894288421,23.524762751326858,1.073469093869277,True
esmfold,SASDMX9,folded,239,4.963251529951402,4.963251529951402,,,unresolved,20.9964756963414,20.690383871363668,0.9854217522309676,True
esmfold,SASDMY9,folded,247,5.976944281627352,5.976944281627352,,,unresolved,22.8870202401529,21.99599032742576,0.9610683302860055,True
esmfold,SASDN65,folded,197,3.6683618831110354,3.6683618831110354,,,unresolved,18.998194594497605,18.78223615784409,0.9886326863545201,True
esmfold,SASDN68,folded,201,8.47802781505472,8.47802781505472,,,unresolved,21.21289085795956,19.77582909993469,0.9322552608389227,True
esmfold,SASDN73,folded,313,1.2886472735433236,1.2886472735433236,,1.0,fits,22.656286829466115,22.327698095128493,0.9854967966811636,True
esmfold,SASDNB2,folded,105,5.313964276630865,5.313964276630865,,,unresolved,19.69670281019105,14.441099179433175,0.7331734310354405,True
esmfold,SASDNB7,folded,269,1.4122957002578644,1.4122957002578644,,1.0,fits,21.893309421628903,22.982697971565077,1.0497589710608093,True
esmfold,SASDNB8,partly disordered,209,18.94341794364544,18.94341794364544,,,unresolved,27.127106450979987,27.09821565959586,0.9989349844062309,True
esmfold,SASDNC7,folded,394,3.5240371708860647,3.5240371708860647,,,unresolved,26.431468391559505,27.5355462234605,1.04177133920617,True
esmfold,SASDND2,folded,105,4.036283277824734,4.036283277824734,,,unresolved,13.994978063716884,13.54703313978822,0.9679924525862604,True
esmfold,SASDNG9,folded,197,109.16509482240936,109.16509482240936,,,unresolved,18.47181282473149,21.782606357193345,1.1792349004332217,True
esmfold,SASDNK8,folded,354,2.22347158794654,2.22347158794654,,,unresolved,33.811977035241966,25.81942202768464,0.7636176376428168,True
esmfold,SASDNL5,folded,311,2.032330109929076,2.032330109929076,,,unresolved,23.257996074718505,24.578917126652176,1.0567942761573303,True
esmfold,SASDNL8,folded,377,1.137319621588828,1.137319621588828,,1.0,fits,31.008131950532103,32.30555892191396,1.0418415070424645,True
esmfold,SASDNM3,folded,224,11.432765620571626,11.432765620571626,,,unresolved,29.43887111604568,24.360431429838247,0.8274920371033038,True
esmfold,SASDNM8,partly disordered,94,2.420053344804893,2.420053344804893,,,unresolved,15.354238275873108,16.520648482710197,1.0759666605324165,True
esmfold,SASDNM9,folded,299,3.6831829159361695,3.6831829159361695,,,unresolved,19.45174666035898,20.36672996592958,1.047038619284265,True
esmfold,SASDNQ9,folded,475,76.05961691112748,76.05961691112748,,,unresolved,27.72866190061496,25.988613471507023,0.9372472990097893,True
esmfold,SASDNS3,partly disordered,393,70.47236220156148,70.47236220156148,,,unresolved,46.829469069215335,34.31149206936106,0.7326901788838918,True
esmfold,SASDNS9,folded,478,2.915548243384785,2.915548243384785,,,unresolved,28.160007946854098,27.340673450065328,0.9709043229556226,True
esmfold,SASDNU3,folded,405,1.3626083606570654,1.3626083606570654,,1.0,fits,36.34430661545734,38.58922859311223,1.0617681883824994,False
esmfold,SASDNW2,folded,427,205.34298080452336,205.34298080452336,,,unresolved,30.11673738468709,34.182144884103494,1.1349883105692407,True
esmfold,SASDNW9,folded,381,0.9900691861109464,0.9900691861109464,1.0,1.0,fits,22.260011411343136,22.790023169629308,1.0238100398284653,True
esmfold,SASDNY9,folded,320,2.072346511999587,2.072346511999587,,,unresolved,24.416581191012437,21.58923721563692,0.8842039369370746,True
esmfold,SASDP28,folded,240,2.306187103056674,2.306187103056674,,,unresolved,24.662468494373517,24.262542776535724,0.9837840353276465,True
esmfold,SASDP35,folded,190,1.1010290639973508,1.1010290639973508,,1.0,fits,,15.49121427561016,,False
esmfold,SASDP64,partly disordered,76,0.9876743456266976,0.9876743456266976,1.0,1.0,fits,20.23475008941292,21.224829249991128,1.0489296460891915,True
esmfold,SASDP79,partly disordered,144,1.33249710235365,1.33249710235365,,1.0,fits,40.769709785313154,49.17815084558042,1.2062423574890473,True
esmfold,SASDP89,folded,269,1.3789858297364097,1.3789858297364097,,1.0,fits,29.856835907208463,24.894643498066337,0.8338004594805679,True
esmfold,SASDP98,partly disordered,129,5.258931967231938,5.258931967231938,,,unresolved,18.537762519826856,16.659862277917565,0.8986986568686052,True
esmfold,SASDPA8,folded,200,116.42133426743334,116.42133426743334,,,unresolved,23.76856535732245,19.364577399476616,0.81471376620175,True
esmfold,SASDPB6,folded,215,10.957653042843727,10.957653042843727,,,unresolved,28.280849700507098,30.607974201780365,1.0822862299371274,True
esmfold,SASDPC7,folded,275,0.9309924478326586,0.9309924478326586,1.0,1.0,fits,22.834156289893933,22.8812105265334,1.002060695216503,True
esmfold,SASDPD7,partly disordered,351,27.171751932240383,27.171751932240383,,,unresolved,28.30538820526228,25.353503440966005,0.8957129736963831,True
esmfold,SASDPJ4,folded,281,2.4109546150751195,2.4109546150751195,,,unresolved,26.030085853016423,24.772243848471486,0.9516773777986147,True
esmfold,SASDPK4,partly disordered,115,1.67071281778223,1.67071281778223,,1.0,fits,22.187049998278656,21.32230784455878,0.961024915264221,True
esmfold,SASDPL2,folded,483,2.2310570522120803,2.2310570522120803,,,unresolved,24.953665515345055,24.100726515038065,0.965819089793342,True
esmfold,SASDPW6,folded,79,4.12931787727973,4.12931787727973,,,unresolved,16.213247803097953,15.069597707588926,0.9294619986446822,True
esmfold,SASDPW7,folded,364,1.1311108392977378,1.1311108392977378,,1.0,fits,22.904290252175127,22.56851852714929,0.9853402257250059,True
esmfold,SASDPY2,folded,283,1.3735258871547529,1.3735258871547529,,1.0,fits,24.515063971600608,23.860349196977158,0.9732933687066082,True
esmfold,SASDQ26,disordered,64,95.076696386668,95.076696386668,,,unresolved,22.85731108078961,14.52550488072714,0.6354861614905822,True
esmfold,SASDQ28,folded,405,1.068028838008969,1.068028838008969,,1.0,fits,25.580964783121185,25.51922563400185,0.9975865199126471,True
esmfold,SASDQ46,disordered,167,56.03542460308047,56.03542460308047,,,unresolved,40.64408934240888,31.18264562923597,0.7672123089420373,True
esmfold,SASDQ59,folded,437,0.8864723604408928,0.8864723604408928,1.0,1.0,fits,25.98260465903292,25.38532994396148,0.9770125157616254,True
esmfold,SASDQ85,folded,303,1.1443608331156874,1.1443608331156874,,1.0,fits,20.734591821986616,20.52771241021784,0.9900224989454867,False
esmfold,SASDQ97,folded,340,11.90690000437264,11.90690000437264,,,unresolved,29.100302367256603,25.68141638869069,0.8825137300836842,True
esmfold,SASDQ98,folded,203,2.519043109120984,2.519043109120984,,,unresolved,21.241458635343182,19.799794912022595,0.9321297210295231,True
esmfold,SASDQB5,folded,396,1.8817887561446047,1.8817887561446047,,1.0,fits,31.365510122053152,24.70960308260084,0.7877953518513786,True
esmfold,SASDQC5,folded,271,7.217966575229111,7.217966575229111,,,unresolved,26.196195073028512,25.492776352295937,0.9731480576178481,True
esmfold,SASDQC9,folded,162,3.872158204756994,3.872158204756994,,,unresolved,23.729502310347907,26.07557718381432,1.09886742851928,True
esmfold,SASDQD9,folded,117,1.1987009518283225,1.1987009518283225,,1.0,fits,17.23434011170905,17.304294366421928,1.004059003957184,True
esmfold,SASDQF5,partly disordered,478,2.3523122441438047,2.3523122441438047,,,unresolved,35.48851408067526,30.35802912233033,0.8554325225710518,True
esmfold,SASDQF8,partly disordered,381,5.982555046903246,5.982555046903246,,,unresolved,35.54039422471895,26.361413253346267,0.7417310310815701,True
esmfold,SASDQG6,partly disordered,478,5.117273265183588,5.117273265183588,,,unresolved,40.79395085815503,35.69825430797743,0.8750869566937538,True
esmfold,SASDQJ8,folded,287,3.735940506891911,3.735940506891911,,,unresolved,24.654485974188507,22.31115493882625,0.9049531579033706,True
esmfold,SASDQK7,disordered,140,2.876359650563829,2.876359650563829,,,unresolved,51.87611231532393,23.409530852788677,0.45125838864902035,True
esmfold,SASDQN5,partly disordered,412,276.0381022892621,276.0381022892621,,,unresolved,18.75510322293321,24.338913723936027,1.297722195107681,True
esmfold,SASDQN6,folded,126,24.924868483327224,24.924868483327224,,,unresolved,18.766244163069427,15.48379965327069,0.8250878289083362,True
esmfold,SASDQN8,disordered,133,51.68648083016763,51.68648083016763,,,unresolved,32.42441892679268,23.352687964942884,0.7202191662298775,True
esmfold,SASDQP4,folded,496,1.5763293135663614,1.5763293135663614,,1.0,fits,32.097080183909334,31.21729047654943,0.9725897277160758,True
esmfold,SASDQU5,folded,161,3.6308416665269863,3.6308416665269863,,,unresolved,19.190921297957686,21.115550508612955,1.1002885260573754,True
esmfold,SASDR22,partly disordered,156,8.416437223814794,8.416437223814794,,,unresolved,27.064681138367387,23.53200187205826,0.8694727180324642,True
esmfold,SASDR25,partly disordered,106,1.1475939635111796,1.1475939635111796,,1.0,fits,16.312992745065422,16.89864114208412,1.0359007330028913,True
esmfold,SASDR33,folded,138,32.43458918779234,32.43458918779234,,,unresolved,15.895374007630393,17.686225256168665,1.1126649330603102,True
esmfold,SASDR36,folded,278,1.731344900322433,1.731344900322433,,1.0,fits,27.964598241991062,25.244753409645988,0.9027397136619323,True
esmfold,SASDRA6,disordered,102,24.98712750853323,24.98712750853323,,,unresolved,26.117669783313424,30.579420789206768,1.1708326601458128,True
esmfold,SASDRD9,folded,452,1.2293509587586873,1.2293509587586873,,1.0,fits,23.65522145696537,24.39454264750035,1.0312540380093242,True
esmfold,SASDRF8,disordered,89,68.82259859821045,68.82259859821045,,,unresolved,22.58955470205852,23.1017268858172,1.022672965028036,True
esmfold,SASDRG9,folded,78,8.043047044118037,8.043047044118037,,,unresolved,15.302929755611393,16.48191842042926,1.0770433298490145,True
esmfold,SASDRH2,folded,424,1.1737850356741937,1.1737850356741937,,1.0,fits,23.9592121039684,23.31388894817411,0.9730657605519756,True
esmfold,SASDRH9,partly disordered,214,64.09188706615468,64.09188706615468,,,unresolved,25.72386639661517,32.08622796997616,1.247333020443543,True
esmfold,SASDRJ2,folded,443,1.1843283479133286,1.1843283479133286,,1.0,fits,38.41965841904686,36.87697792897051,0.9598465849630887,False
esmfold,SASDRJ6,folded,271,1.3777291317875509,1.3777291317875509,,1.0,fits,24.95230724951242,23.921492045855967,0.9586885816470301,True
esmfold,SASDRK5,folded,103,5.705736374069549,5.705736374069549,,,unresolved,15.55480963881323,15.1710891843835,0.9753310735817525,True
esmfold,SASDRK7,folded,292,1.026182320501163,1.026182320501163,,1.0,fits,31.872589807498382,31.93303944632136,1.0018966026666825,True
esmfold,SASDRN5,partly disordered,222,19.27382962013663,19.27382962013663,,,unresolved,34.49980598363521,30.46785420234187,0.8831311751954235,True
esmfold,SASDRQ5,folded,114,8.730297182992341,8.730297182992341,,,unresolved,16.849223602078606,15.376607095926776,0.9126003345358797,True
esmfold,SASDRQ7,folded,394,2.073991000941576,2.073991000941576,,,unresolved,50.24172414771824,36.82107528503703,0.7328784174837935,True
esmfold,SASDRW6,partly disordered,109,18.74728579490722,18.74728579490722,,,unresolved,20.46919693312436,21.78689705278707,1.064374783435218,True
esmfold,SASDRW9,partly disordered,259,6.5196322645292994,6.5196322645292994,,,unresolved,33.26849226349496,27.973781052432997,0.8408490781870576,True
esmfold,SASDRX9,partly disordered,465,45.545907969348846,45.545907969348846,,,unresolved,48.94188573932439,34.025828597261835,0.6952292107927989,True
esmfold,SASDRZ9,folded,86,0.985978578547022,0.985978578547022,1.0,1.0,fits,14.587874826061986,14.098162830055388,0.9664302030387797,True
esmfold,SASDS28,folded,270,129.53479526545132,129.53479526545132,,,unresolved,41.43007754776005,20.33741567309741,0.4908852909978917,True
esmfold,SASDS37,partly disordered,362,20.55219527538338,20.55219527538338,,,unresolved,31.866460871017274,25.789581974802463,0.8093017319742034,True
esmfold,SASDS75,folded,457,13.021908050047394,13.021908050047394,,,unresolved,27.79104648939525,26.943339658012672,0.9694971244891388,True
esmfold,SASDS89,folded,123,1.4202971224550232,1.4202971224550232,,1.0,fits,15.019545710122287,16.102260137718194,1.0720870290281963,False
esmfold,SASDSB9,folded,281,8.98125118986192,8.98125118986192,,,unresolved,20.682620208733027,20.82128493390087,1.0067044080376863,True
esmfold,SASDSG5,partly disordered,150,35.22995527159004,35.22995527159004,,,unresolved,24.58172062202605,28.76420196313592,1.1701459961009493,True
esmfold,SASDSG7,partly disordered,225,12.13248573695932,12.13248573695932,,,unresolved,40.3574174868092,26.685426186003955,0.6612272996587573,True
esmfold,SASDSJ9,folded,299,0.99936679400135,0.99936679400135,1.0,1.0,fits,25.779832818133983,25.22093362547854,0.9783202941385135,True
esmfold,SASDSL2,folded,181,1.1415479256553849,1.1415479256553849,,1.0,fits,18.70756279369023,19.6887526862872,1.052448835982414,True
esmfold,SASDSN2,partly disordered,78,3.771712688944528,3.771712688944528,,,unresolved,23.52238608393864,21.020640068484983,0.8936440373639698,True
esmfold,SASDSP6,partly disordered,332,9.36994169751531,9.36994169751531,,,unresolved,45.32003508637248,33.312040229009085,0.7350400361677094,True
esmfold,SASDSQ7,partly disordered,425,27.047964408075536,27.047964408075536,,,unresolved,30.68807705963309,28.051367462384334,0.9140803253287881,True
esmfold,SASDSQ9,folded,181,1.266793501401431,1.266793501401431,,1.0,fits,18.036771357038045,18.990853158848708,1.0528964847934592,True
esmfold,SASDSS6,partly disordered,376,11.02092533834888,11.02092533834888,,,unresolved,45.78468967287291,34.29387738731391,0.7490250044794512,True
esmfold,SASDSU5,partly disordered,173,57.67809883678993,57.67809883678993,,,unresolved,21.406196975446143,19.046410192433456,0.8897615122518274,False
esmfold,SASDSV2,partly disordered,70,75.0942307538468,75.0942307538468,,,unresolved,18.0222942114448,14.084803054874046,0.781521092133192,True
esmfold,SASDSV6,partly disordered,187,0.9768611536744678,0.9768611536744678,1.0,1.0,fits,25.263349986622327,24.84468554697704,0.9834279919382433,True
esmfold,SASDSV9,partly disordered,255,9.990128852309436,9.990128852309436,,,unresolved,31.767099566376483,25.720355629195783,0.8096538865770168,True
esmfold,SASDSX6,folded,184,2.456342454826019,2.456342454826019,,,unresolved,22.509096576227357,20.89640457454129,0.9283537659441522,True
esmfold,SASDSZ8,partly disordered,198,2.2580670020064986,2.2580670020064986,,,unresolved,26.42961129668143,23.898225416157416,0.9042216000792316,True
esmfold,SASDSZ9,disordered,80,29.716993041949827,29.716993041949827,,,unresolved,26.355636594609223,29.309928767379176,1.1120933718358457,True
esmfold,SASDT25,folded,377,1.2114956050092152,1.2114956050092152,,1.0,fits,39.57807578328492,25.675336144861536,0.6487262363498997,True
esmfold,SASDT45,partly disordered,218,40.95987329203568,40.95987329203568,,,unresolved,33.589216805493976,29.876517860040927,0.8894675345676477,True
esmfold,SASDT75,partly disordered,349,3.23127246173368,3.23127246173368,,,unresolved,31.300107262558324,30.39644373439217,0.9711290596998328,True
esmfold,SASDT85,partly disordered,369,9.849121976499536,9.849121976499536,,,unresolved,30.568120068067515,29.337542491288367,0.959743105757274,True
esmfold,SASDTA2,disordered,80,103.53715938307548,103.53715938307548,,,unresolved,22.53150109032888,43.03636275363063,1.910053066642017,True
esmfold,SASDTE2,partly disordered,449,19.526704370673,19.526704370673,,,unresolved,48.74204099460493,54.54449943799135,1.1190442239386051,True
esmfold,SASDTH2,partly disordered,305,2.8256711410638937,2.8256711410638937,,,unresolved,23.42879596042196,22.72086723117429,0.9697838194312858,True
esmfold,SASDTP5,partly disordered,440,355.2512697217816,355.2512697217816,,,unresolved,36.39055865597784,49.43855651892046,1.35855448074577,True
esmfold,SASDTQ2,folded,231,5.653155374932502,5.653155374932502,,,unresolved,18.832074139431395,19.09590505363897,1.0140096577920301,True
esmfold,SASDTQ5,partly disordered,327,6.811916903003626,6.811916903003626,,,unresolved,27.247743965286617,25.040521844553663,0.9189943166103978,True
esmfold,SASDTR5,partly disordered,168,1.912400110012032,1.912400110012032,,1.0,fits,30.47208928230184,28.47534125995402,0.9344728875053694,True
esmfold,SASDTS5,partly disordered,177,47.09421619052584,47.09421619052584,,,unresolved,22.123223122068904,28.61463177498055,1.2934205661215872,True
esmfold,SASDTU2,partly disordered,400,3.1881138000327245,3.1881138000327245,,,unresolved,31.65433596798184,28.14619336805449,0.8891733946503944,True
esmfold,SASDTU7,partly disordered,281,6.95316606571196,6.95316606571196,,,unresolved,33.431462555760696,27.408512893741204,0.8198418734455979,True
esmfold,SASDTX8,folded,120,1.435439989803745,1.435439989803745,,1.0,fits,14.86711228909389,15.616839852903633,1.0504285936119364,True
esmfold,SASDTY8,folded,274,1.01145205601626,1.01145205601626,,1.0,fits,20.538675937569227,20.155810258450398,0.9813587944869175,True
esmfold,SASDU37,disordered,114,61.30342847444568,61.30342847444568,,,unresolved,34.32186712621504,23.403552846063988,0.681884606102573,True
esmfold,SASDU52,folded,329,3.294610921175474,3.294610921175474,,,unresolved,26.575514957447503,23.80557993595852,0.8957711628194531,False
esmfold,SASDU63,partly disordered,113,7.062154362214492,7.062154362214492,,,unresolved,26.724696513501627,26.84323121508352,1.004435399351383,True
esmfold,SASDU67,disordered,138,46.87295513945937,46.87295513945937,,,unresolved,33.7676215019629,30.788766720399984,0.9117836954731989,True
esmfold,SASDU78,folded,388,2.803526199867443,2.803526199867443,,,unresolved,22.704915920206776,22.521729880913743,0.9919318776631099,True
esmfold,SASDUA2,partly disordered,165,51.54089999868636,51.54089999868636,,,unresolved,21.538223153890417,23.72377176877898,1.1014730230656837,True
esmfold,SASDUG3,partly disordered,283,143.48281076918778,143.48281076918778,,,unresolved,29.15323482319129,23.09891757399547,0.7923277713120318,True
esmfold,SASDUH4,partly disordered,99,2.1584107542965967,2.1584107542965967,,,unresolved,20.384643855307846,17.366184764435754,0.8519248551852363,True
esmfold,SASDUK2,folded,388,12.41983148526348,12.41983148526348,,,unresolved,29.20039733438655,23.32631459934467,0.7988355203603846,True
esmfold,SASDUL2,folded,287,19.368603565629144,19.368603565629144,,,unresolved,23.386662922140715,22.13211221571596,0.9463561470654694,True
esmfold,SASDUL9,disordered,76,5.017576489340405,5.017576489340405,,,unresolved,25.490139065991244,25.241275002431426,0.990236849515982,True
esmfold,SASDUR3,disordered,51,49.79714230936203,49.79714230936203,,,unresolved,20.82789397547116,18.375329764478103,0.8822461736226705,True
esmfold,SASDUS9,partly disordered,159,4.039349435425407,4.039349435425407,,,unresolved,30.681734540791947,27.12626769942565,0.8841178018589778,True
esmfold,SASDUV3,folded,453,1.1115063876547546,1.1115063876547546,,1.0,fits,34.6364194493831,33.848475404102615,0.9772509959803447,True
esmfold,SASDUW6,folded,239,1.079101191187868,1.079101191187868,,1.0,fits,26.026228222674646,26.291109969768225,1.010177492674978,True
esmfold,SASDUX6,folded,172,1.1586484469289304,1.1586484469289304,,1.0,fits,22.211930808762325,21.41182355656378,0.9639784916004279,True
esmfold,SASDV46,disordered,130,16.748262437046264,16.748262437046264,,,unresolved,33.81936850990636,31.657890283994288,0.9360875639863313,True
esmfold,SASDV64,folded,249,1.6912659190122885,1.6912659190122885,,1.0,fits,20.66752056167986,19.789100853993897,0.9574975766897427,True
esmfold,SASDV74,folded,80,2.4851752866928964,2.4851752866928964,,,unresolved,14.08041935723002,13.433947593827437,0.9540871797209198,True
esmfold,SASDVA8,partly disordered,221,3.1884302938463134,3.1884302938463134,,,unresolved,22.12293278099644,20.36167806172052,0.9203878284714208,True
esmfold,SASDVK2,folded,223,1.41522536502342,1.41522536502342,,1.0,fits,18.663984889649686,17.547744113510724,0.9401927946931641,True
esmfold,SASDVL5,disordered,62,4.000388363784166,4.000388363784166,,,unresolved,22.515081103785832,24.28305577555984,1.0785240196837103,True
esmfold,SASDVL7,partly disordered,114,2.66034862108446,2.66034862108446,,,unresolved,19.753090206209997,20.693912660820555,1.0476291276346614,True
esmfold,SASDVN2,folded,211,1.0104994330953232,1.0104994330953232,,1.0,fits,24.693000068151267,24.01966635856367,0.9727317981723874,True
esmfold,SASDVQ7,disordered,203,9.87418445032088,9.87418445032088,,,unresolved,47.21996125949661,29.76947183921328,0.6304425299210981,True
esmfold,SASDVR6,folded,297,1.146384296220773,1.146384296220773,,1.0,fits,26.60592993883429,26.397715734223205,0.992174142941451,True
esmfold,SASDVT4,partly disordered,365,3.6340596424577023,3.6340596424577023,,,unresolved,38.40668108786685,32.316639703520565,0.8414327608674782,True
esmfold,SASDVT5,partly disordered,427,3.546555290035739,3.546555290035739,,,unresolved,25.31770607776811,26.44515783175585,1.0445321448366829,True
esmfold,SASDVV6,partly disordered,74,2.7466958527045984,2.7466958527045984,,,unresolved,28.341010059830506,29.35485768952344,1.0357731650196167,True
esmfold,SASDVX5,folded,464,1.4224682192128646,1.4224682192128646,,1.0,fits,24.40596585354083,25.210232605426004,1.0329536948757343,True
esmfold,SASDVX6,partly disordered,215,2.3412471403658057,2.3412471403658057,,,unresolved,23.64694306192277,22.46879212631982,0.950177452852244,True
esmfold,SASDVZ8,partly disordered,150,5.0547311115610745,5.0547311115610745,,,unresolved,17.5317001270869,16.764597462321316,0.9562448217112502,True
esmfold,SASDWA3,folded,385,32.25749372056799,32.25749372056799,,,unresolved,19.81080023035202,21.958749421473044,1.1084231412232488,True
esmfold,SASDWG9,folded,111,1.2307113538656198,1.2307113538656198,,1.0,fits,16.041263311539243,15.484136946192956,0.965269171478189,True
esmfold,SASDXK3,folded,357,20.614246128645146,20.614246128645146,,,unresolved,19.30717223931749,19.08701108623299,0.9885969239640303,True
boltz2,SASDA25,folded,119,1.287395558697615,1.159531653108012,,0.99999709597919,fits,20.00630079579755,18.93562523999361,0.9464830821683515,True
boltz2,SASDA37,partly disordered,215,2.9803738739190133,2.6992047700594948,,,unresolved,45.28185502700023,47.69262351994008,1.0532391725449934,True
boltz2,SASDA46,partly disordered,231,41.16788026489728,7.089350679566858,,,unresolved,29.81601980228154,19.662669968326007,0.659466625616522,True
boltz2,SASDA47,partly disordered,351,4.019610427236234,3.4913056115811614,,,unresolved,71.9161936187573,76.03987110224564,1.0573400409002292,True
boltz2,SASDA57,partly disordered,479,2.8157738609456784,2.254115485261865,,,unresolved,84.70568984559452,89.430434269175,1.0557783595434138,False
boltz2,SASDA96,folded,129,0.9449153337775884,0.9449153337775856,1.0000000000000002,1.0000000000000002,fits,15.170752563999155,15.126549606214756,0.9970863042160943,True
boltz2,SASDAB4,folded,413,55.02272820389784,4.542521325020961,,,unresolved,35.68399313363872,27.87085000471292,0.7810462775377994,True
boltz2,SASDAB5,partly disordered,321,38.91987692432584,21.807638645757493,,,unresolved,31.660333642537942,26.795087878011344,0.8463299275535812,True
boltz2,SASDAE6,partly disordered,282,14.480622569850476,1.1398418400651693,,0.2677616196338925,population,28.74186641745177,24.245625380768104,0.8435647507583712,True
boltz2,SASDAG6,folded,357,7.144179112706143,6.1671723474938815,,,unresolved,25.724448891924634,27.04606708972227,1.0513759576871835,True
boltz2,SASDAG8,folded,189,336.5688742230566,271.5268682412202,,,unresolved,22.993548285443527,17.84046229808282,0.7758899181896619,True
boltz2,SASDAH4,folded,355,4.468181201230342,4.250539048208431,,,unresolved,29.33496653182824,25.82891877093392,0.8804822989284723,True
boltz2,SASDAJ5,folded,321,2.703526764180361,2.3443930681550014,,,unresolved,24.111438078093432,22.774718232659534,0.9445607582134066,True
boltz2,SASDAK2,folded,154,1.7923754915137609,1.6609193531092623,,0.9999496777020672,fits,16.32860764335442,16.537025888435952,1.0127639936995092,True
boltz2,SASDAN2,folded,150,8.086693074648192,1.878398004735116,,0.0808271881535749,population,16.28254805251888,17.91521509251919,1.1002709793783008,True
boltz2,SASDAQ2,folded,76,1.1026403746326496,1.0629997841581178,,0.9999981937596154,fits,13.127914861296814,12.998194624912427,0.9901187478929482,True
boltz2,SASDAR3,partly disordered,205,31.458257571907403,27.16695413543897,,,unresolved,22.07366086293452,17.447839060131578,0.7904370357265706,True
boltz2,SASDAS6,folded,376,5.39082152232018,3.661068958028272,,,unresolved,37.62818641749734,36.091619624875065,0.9591644737917063,True
boltz2,SASDAT3,folded,194,37.38677707422566,19.981517805295105,,,unresolved,20.742034504696942,23.736007496307995,1.1443432654078884,True
boltz2,SASDAT4,partly disordered,335,26.99366911042121,15.0138239002333,,,unresolved,27.5847850061949,23.75425800955584,0.861136238844029,True
boltz2,SASDAW6,folded,134,9.678208123894215,1.616736493458226,,0.0147375438989704,population,17.948798426541245,16.29823620508914,0.9080405171294705,True
boltz2,SASDAX6,folded,106,2.254317626561668,1.8284761447649676,,0.0572175151010896,population,15.405752795665975,14.983788942976684,0.9726099815902537,True
boltz2,SASDAY4,folded,362,487.0550597061971,345.1235342515398,,,unresolved,29.480506902127026,27.602801085209784,0.9363068680212631,True
boltz2,SASDAZ4,folded,243,1.3486001854271936,1.027394860435051,,0.9998349041239024,fits,29.6991358606513,29.26069960844785,0.9852374070996343,True
boltz2,SASDB26,folded,489,24.03712570106554,14.279066901530566,,,unresolved,57.84096333986231,54.4044349869848,0.9405865989353405,True
boltz2,SASDB43,folded,228,3.727032025101425,1.709034143039406,,0.0387200134990149,population,29.216061897427977,29.866480801526343,1.0222623742509125,True
boltz2,SASDB53,folded,333,160.36872934940618,95.87372871504036,,,unresolved,40.02064760007719,38.98183966929391,0.9740432003708687,True
boltz2,SASDB64,folded,380,17.418069235901964,10.748979085592994,,,unresolved,37.89283164232851,33.820357436798695,0.8925265273397879,True
boltz2,SASDB76,folded,317,3.14342126202734,2.2982399889160985,,,unresolved,36.58720342695236,34.63233860498641,0.9465697118428604,True
boltz2,SASDB84,disordered,153,6.014334087148574,4.978982337092691,,,unresolved,17.42062469296394,16.030933268282126,0.9202272335708431,True
boltz2,SASDB85,partly disordered,179,1.7179332995511372,1.6946937569764728,,0.9999998859676612,fits,16.98135065294012,16.257755384028883,0.957388827090385,True
boltz2,SASDB93,folded,429,17.814899899739707,17.16307853591266,,,unresolved,45.12678608267552,55.40023294439327,1.2276574015906219,True
boltz2,SASDBB3,folded,140,11.531375230325896,7.148863518866449,,,unresolved,21.075252027461502,21.31172380906289,1.0112203536780136,True
boltz2,SASDBB9,folded,400,23.348641675514205,18.465316023052665,,,unresolved,34.69894772572521,32.58355410634642,0.9390357991227937,True
boltz2,SASDBC7,partly disordered,398,4.653189464432359,3.695243831977982,,,unresolved,33.368447910686264,24.18006503322496,0.7246385896624602,True
boltz2,SASDBD4,folded,360,4.393753797465883,3.852877444663563,,,unresolved,43.41604271047099,41.58510192378245,0.9578280130481134,True
boltz2,SASDBD9,folded,274,3.757256670074584,1.0345319930686856,,0.4716324321364846,population,24.36362591441428,24.341100826568056,0.9990754624157607,True
boltz2,SASDBG3,folded,357,39.00789163032141,27.17217998041955,,,unresolved,31.08052827402674,26.92756668453066,0.8663805983965012,True
boltz2,SASDBG6,folded,140,7.666193277538203,1.3551628616168538,,0.0432214823456131,population,23.58809657263261,17.48654762098451,0.7413293212167342,True
boltz2,SASDBK6,folded,133,17.688293312634134,1.863855366876766,,0.1187696098282853,population,18.99073112008637,16.978636610007126,0.8940486020598193,True
boltz2,SASDBM9,folded,161,1.402270272609672,1.402270272609672,,1.0,fits,19.88910293174276,19.091645575394924,0.9599048102327882,True
boltz2,SASDBN2,folded,152,6.394415409698723,1.0872856325951636,,0.1000493307257559,population,19.47797849942821,18.091357623778983,0.9288108426811369,True
boltz2,SASDBN3,folded,400,17.26621757913682,6.899347624413602,,,unresolved,33.56704210669868,29.69557680242071,0.8846646871067209,True
boltz2,SASDBP2,folded,228,6.5494744236568,1.206693666215345,,0.2555797026731393,population,24.623705434894923,22.64379635419504,0.9195933737131984,True
boltz2,SASDBP4,folded,229,2.9052162353129707,1.7831073644345268,,0.0480270023654916,population,20.67929229890567,20.75837168847348,1.0038240858741572,True
boltz2,SASDBP9,partly disordered,378,7.177159785671573,7.177159785671572,,,unresolved,39.56569269567406,35.12748587649764,0.8878268894894976,True
boltz2,SASDBQ3,partly disordered,164,1.7706711851536772,1.011363501253529,,0.996542344482338,fits,19.58249808868201,18.96735892285127,0.9685872985640035,True
boltz2,SASDBR4,folded,351,357.53117448508107,148.92241579968055,,,unresolved,35.13067418255108,25.182557989252,0.7168253549133374,True
boltz2,SASDBT2,folded,162,3.694902514716901,3.105450510365462,,,unresolved,17.89105911617694,17.58537980958213,0.9829144096719004,True
boltz2,SASDBU7,partly disordered,276,8.731000353352488,1.540426503407171,,0.0997682691865748,population,26.04951407052525,24.635038073890577,0.9457004843620043,True
boltz2,SASDBV9,folded,111,2.533457704820419,1.1779992331010318,,0.7496621647640817,calibration,17.559892250862447,17.297035920551433,0.9850308688370167,True
boltz2,SASDBW2,folded,210,62.25651900168454,29.3820034450848,,,unresolved,22.081653813163623,20.255170714758773,0.9172850406106801,True
boltz2,SASDBW3,folded,248,1.0763702377938522,1.0099272105842965,,0.9998976749277227,fits,23.21429075330823,23.6310343288111,1.0179520270479718,True
boltz2,SASDBW9,folded,211,2.1051887695051485,1.3328790521610074,,0.9251276298234972,calibration,26.370021531790638,26.728699924722125,1.0136017482010427,True
boltz2,SASDBX2,partly disordered,388,2043.1935705103904,128.01497767552632,,,unresolved,31.30721062717448,24.96284689652762,0.7973513576089724,True
boltz2,SASDBX9,folded,110,34.102219601511095,23.055794717093544,,,unresolved,27.485297787609426,16.32596708218842,0.5939890922174503,True
boltz2,SASDBY5,disordered,217,222.55091916254204,210.7900948668532,,,unresolved,50.84005024313629,26.83958675309886,0.5279221130730957,True
boltz2,SASDBY9,folded,226,14.57131444382486,3.062424827498056,,,unresolved,28.006876077328062,26.909063921210187,0.9608020490008677,True
boltz2,SASDBZ6,disordered,404,4.329715857490325,3.724503463143009,,,unresolved,38.39719079004445,21.097017313248465,0.5494416877684307,True
boltz2,SASDBZ9,folded,439,17.1583391814546,12.496300420315196,,,unresolved,43.00111612764496,47.68581306156496,1.108943612533542,True
boltz2,SASDC23,partly disordered,395,2.4833536319456413,1.874624539427345,,0.1514041190810721,population,32.09262245439571,27.58334301699991,0.8594917120343287,True
boltz2,SASDC26,folded,410,269.2609593952889,269.2609593952889,,,unresolved,31.60524213430056,24.22817733173205,0.7665873031055717,True
boltz2,SASDC35,folded,311,25.659082124078985,2.957784035704728,,,unresolved,29.626938869776883,34.27317119237754,1.1568245826213381,True
boltz2,SASDC36,folded,219,1.1993428812480833,1.0678009924938834,,0.9999399203433456,fits,21.21498197914088,21.17472967024984,0.9981026470382761,True
boltz2,SASDC45,partly disordered,466,1.1602689764632177,1.044507093125956,,0.9998802488505704,fits,28.801695123654184,29.10175071255259,1.010417983650274,True
boltz2,SASDC46,folded,193,0.9807446007793046,0.9622747530081228,0.9999930632757732,0.9999930632757732,fits,20.314017426953896,20.4059161966347,1.0045239091682017,True
boltz2,SASDC53,disordered,98,411.5994515327843,334.49116852421656,,,unresolved,26.86851677293757,13.130118928225324,0.4886804522626349,True
boltz2,SASDC55,folded,159,6.135062356357582,5.636468395720105,,,unresolved,24.980177461519016,19.23010215886204,0.7698144734353972,True
boltz2,SASDC62,disordered,49,7.776821358860245,1.0990051764285151,,0.0289689988053822,population,16.48168929049662,11.13543871839611,0.6756248417337188,True
boltz2,SASDC65,partly disordered,279,10.14282998268426,7.274644646477016,,,unresolved,35.33617454900705,19.562070830938755,0.5535989982109836,True
boltz2,SASDC88,folded,155,1.1041134517317055,1.1041134517317055,,1.0,fits,17.006544687603014,17.782563180579594,1.0456305797110133,True
boltz2,SASDCA6,folded,87,4.660620278885244,1.2224628416423953,,0.368647504324375,population,15.292585504608953,14.127546839635048,0.9238167630566604,True
boltz2,SASDCD3,folded,275,204.69217450241212,19.49760855005401,,,unresolved,26.98146096984308,20.04822557217998,0.7430370651384552,True
boltz2,SASDCD6,folded,131,2.6590926693899504,1.2719681090293269,,0.4195207641602158,population,22.96770400298687,25.208105129813674,1.0975457157814055,True
boltz2,SASDCG6,folded,171,4.367204919846304,2.3505417010564944,,,unresolved,18.510789645644085,17.336088255630454,0.9365396391779506,True
boltz2,SASDCH7,folded,126,1.6016697577796215,1.5726359648989865,,0.999838589884712,fits,17.1827902985935,16.591997656287248,0.9656171883588307,False
boltz2,SASDCJ6,folded,288,6.425544365237706,4.645821046771908,,,unresolved,22.62082201980893,21.045149294639334,0.93034414382511,True
boltz2,SASDCK3,folded,451,3.775909111169293,2.844481035992974,,,unresolved,26.64172846186229,25.64164827887816,0.9624618881460433,True
boltz2,SASDCK6,folded,446,3.2325249464341232,1.2505329529978744,,0.4034575780514057,population,28.119619492090045,29.35017413193718,1.0437614257260233,True
boltz2,SASDCK7,folded,347,3.941528598750129,1.7597969862918983,,0.1730249248587686,population,27.56099874662891,27.02021198699276,0.9803785499717315,True
boltz2,SASDCK9,folded,364,5.811633431893437,2.946024508499772,,,unresolved,25.5762977090285,25.32193972223289,0.990054933294516,True
boltz2,SASDCL2,folded,243,18.282467712857443,10.705966719054988,,,unresolved,24.00465763504737,20.666425132590845,0.8609339673487938,True
boltz2,SASDCM6,folded,291,2.5128741148370217,1.8885185965327105,,0.0142955449029994,population,23.664835098146547,22.67000610173462,0.9579617186307864,True
boltz2,SASDCN9,folded,267,1.6669639602016744,1.6669639602016493,,1.0000000000000002,fits,24.79501819170556,26.31367247931577,1.061248363516758,True
boltz2,SASDCP5,partly disordered,148,72.85131642165754,42.29014028329978,,,unresolved,20.956718479288742,17.54400871032933,0.8371543821456517,True
boltz2,SASDCP8,folded,211,155.35427604317007,3.38038824485797,,,unresolved,22.93091321979196,19.26535023490827,0.8401475357850162,True
boltz2,SASDCU2,partly disordered,373,44.27441769100128,23.246840649295887,,,unresolved,49.36273264837064,23.890154234769927,0.48397146902195437,True
boltz2,SASDCU8,folded,326,1.0288962949128386,1.0288962949128386,,1.0000000000000002,fits,25.888863921300747,21.19942097988363,0.8188625443096885,True
boltz2,SASDCV7,partly disordered,489,592.6624687408328,592.6624687408327,,,unresolved,34.5051689106723,43.53752061462208,1.2617680767578017,True
boltz2,SASDCY4,disordered,254,8798.879377269162,3465.6784668637424,,,unresolved,51.313714114923606,48.3879508130076,0.942982819459075,True
boltz2,SASDCY9,partly disordered,100,36.248437844057705,1.9962625909331295,,0.0137530958783459,population,22.587071094653734,15.621860070241125,0.691628410110187,True
boltz2,SASDD32,folded,430,7.354033505651443,7.354033505651444,,,unresolved,28.95180421854238,25.314088908497773,0.874352724873885,True
boltz2,SASDD43,folded,187,2.520255871481361,2.520255871481361,,,unresolved,17.47467396485706,17.198349695588117,0.9841871573784636,True
boltz2,SASDD76,folded,285,3.325839868419933,0.9934720667281391,0.0427864546267188,0.6094681129774608,calibration,25.69069346151649,23.59068405328756,0.9182579710674355,True
boltz2,SASDD85,partly disordered,483,66.2151897045261,19.40051064909364,,,unresolved,38.81275981879835,29.00708029015597,0.7473593845317551,True
boltz2,SASDD88,folded,91,5.105727814074865,4.751594026927051,,,unresolved,16.107537299224845,13.730267300499207,0.8524125721664453,True
boltz2,SASDD95,folded,409,32.97217208682421,32.97217208682421,,,unresolved,29.70416960620056,27.383179772434055,0.921863163840742,True
boltz2,SASDDD8,folded,291,40.01464721200514,6.23885845830876,,,unresolved,23.349134782667196,20.59796904297147,0.8821726901102133,True
boltz2,SASDDD9,folded,137,11.87234000242562,0.9964749434852244,0.0325844308508699,0.475787221962028,population,18.9559063984566,17.091863962531434,0.9016642941391112,True
boltz2,SASDDE3,partly disordered,122,32.627823174753416,3.363684507507561,,,unresolved,20.050288437478446,17.734036200348807,0.8844778595404119,True
boltz2,SASDDE7,folded,307,4.486669984700352,2.3237297832869377,,,unresolved,23.719090750310876,19.79298408030509,0.8344748240421346,True
boltz2,SASDDE8,partly disordered,235,11.03792718558682,3.703392086899301,,,unresolved,23.67302564056997,20.66035876306578,0.8727384102376339,True
boltz2,SASDDF5,folded,246,1.4498231114925666,1.242424680350989,,0.9997071091486288,fits,21.159297294326983,20.982247925020147,0.9916325496615473,True
boltz2,SASDDF6,disordered,169,1855.7186924275547,1593.194806067657,,,unresolved,33.0817807556,16.623426965415383,0.5024949257787887,True
boltz2,SASDDH6,folded,205,14.286114332470206,10.396760514479764,,,unresolved,23.994398950281724,17.694321561816004,0.7374354989462343,False
boltz2,SASDDJ2,folded,77,2.0684248718706004,1.128765855219138,,0.9855033980594085,calibration,12.912102146071629,12.901225507246805,0.9991576399642925,True
boltz2,SASDDK7,partly disordered,170,24.69802771838358,6.398198738774881,,,unresolved,25.925220018303506,21.46726351129733,0.8280455670633149,True
boltz2,SASDDL7,folded,128,19.805435726258217,11.649469555710084,,,unresolved,17.262606206058717,16.266519260789078,0.9422979975688701,True
boltz2,SASDDM6,folded,264,1.3522062578263394,1.0645547283379997,,0.999952489107506,fits,21.37655988307354,21.368342790041417,0.9996156026471487,True
boltz2,SASDDR2,folded,279,1.3883417279328505,1.388341727932849,,1.0000000000000002,fits,27.280455698611856,24.085990186557712,0.8829027803880604,True
boltz2,SASDDU2,folded,295,5.027348057735843,1.2290763263823563,,0.118695776549683,population,25.46205310952465,23.70356269694667,0.9309368178200768,True
boltz2,SASDDV2,folded,300,1.222097442995424,1.0674574008351296,,0.9999927186601458,fits,24.00400703736039,23.05877859866527,0.9606220562581929,True
boltz2,SASDDX4,folded,176,1.46165014893914,1.4616501489391402,,1.0000000000000009,fits,19.3097639183258,17.905989725988675,0.9273023638054486,True
boltz2,SASDE27,folded,178,1.4480996033927078,1.3369396369601725,,0.9999994129928476,fits,18.133308154127636,17.638485395028038,0.9727119423056315,True
boltz2,SASDE34,folded,144,1.1467787427977725,1.1164783041245068,,0.9999979080355372,fits,15.856130142325917,15.568435455069372,0.981855933025639,True
boltz2,SASDE48,folded,97,6.782541789889076,5.723090527809527,,,unresolved,15.032904410734933,14.144872142125696,0.9409274319621764,True
boltz2,SASDE53,folded,41,6.050895194804704,6.050895194804704,,,unresolved,20.25713490851255,11.102839385208089,0.5480952481854875,True
boltz2,SASDE59,folded,320,24.626230689110923,1.1023638119698254,,0.1067318401174296,population,30.44913345514281,27.50951560123854,0.903458078429888,True
boltz2,SASDE73,folded,60,30.39341219086956,28.904643295749587,,,unresolved,24.65670447026993,13.275382704474575,0.5384086393411375,True
boltz2,SASDE79,folded,314,34.44632005707233,1.3965447505401485,,0.1195008635063166,population,31.500343110147075,33.80286514449476,1.0730951414178718,True
boltz2,SASDE93,folded,109,46.12434587019384,46.12434587019381,,,unresolved,35.365598779422015,15.543713421720696,0.4395150643049491,True
boltz2,SASDEA9,folded,356,2.7196033553842964,1.2560740669826291,,0.5393938189061999,calibration,30.75823648732613,29.199051165481382,0.9493083642006847,True
boltz2,SASDEB3,disordered,153,100.92181607289746,100.92181607289746,,,unresolved,28.51132254398601,15.626641967057662,0.5480854822833829,True
boltz2,SASDEC3,disordered,178,32.79520339637821,32.79520339637821,,,unresolved,39.78520287110585,14.468776421492002,0.36367230471005096,True
boltz2,SASDEC6,folded,334,7.913515955594244,7.913515955594244,,,unresolved,25.934930423058976,24.54341670183897,0.946345962818439,True
boltz2,SASDEC9,folded,257,7.065278958973459,1.3524996616821887,,0.6385397455238807,calibration,21.970055854390587,21.79507363375902,0.9920354221313189,True
boltz2,SASDED2,disordered,267,141.45416797913455,34.30893229348624,,,unresolved,36.30915034712512,37.12959818041436,1.0225961727400819,True
boltz2,SASDED9,folded,407,8.27101338624182,1.2886639637454538,,0.198659594503396,population,26.43372130722642,26.39594471508241,0.9985708939083926,True
boltz2,SASDEE2,disordered,187,226.49749695573647,178.29838084581132,,,unresolved,30.247748697212263,16.82445220660492,0.5562216340469505,True
boltz2,SASDEE9,partly disordered,186,28.43656241708697,2.479327258479232,,,unresolved,22.078610169930293,18.572677454479688,0.8412068201545825,True
boltz2,SASDEJ3,partly disordered,352,2.0048165847327226,0.8781088558499145,0.112666629609752,0.9998281472833226,calibration,25.64205940159557,24.07604016978728,0.9389277121902757,True
boltz2,SASDEK2,disordered,38,5.372803668682496,2.3321349107286684,,,unresolved,16.12422647527856,10.054490000675592,0.6235641763089222,True
boltz2,SASDEK4,folded,182,1.1045591168575994,1.0909235698523854,,0.999999978636855,fits,17.159021117375257,17.065547082410465,0.994552484414735,True
boltz2,SASDEK7,partly disordered,171,4.114821036667182,4.114821036667184,,,unresolved,20.75218114517911,19.152794029261912,0.9229292041772318,True
boltz2,SASDEL4,folded,411,1.2371045211951344,1.1541811429143098,,0.9999988802401962,fits,38.621723931746494,37.4175658263528,0.968821741165109,True
boltz2,SASDEL6,folded,452,14.058234485973248,2.99948826237877,,,unresolved,25.650369306279146,25.1381213176862,0.9800296057153629,True
boltz2,SASDEP2,disordered,46,2.443580025536221,1.060293212283632,,0.8043028611446098,calibration,22.634801619670057,15.188724359082778,0.6710341276365992,True
boltz2,SASDEQ7,folded,289,4.421498666784679,1.5195398362420292,,0.0479157405408777,population,21.93259398057169,21.60817727405368,0.9852084661392363,True
boltz2,SASDES5,folded,121,1.7784195711846211,1.4800345094080376,,0.9996988393532468,fits,15.427782572257197,14.921733564219782,0.9671988501479525,False
boltz2,SASDET2,disordered,99,92.20705412299444,5.530084051146047,,,unresolved,29.979239477627683,17.02999325587468,0.5680595489616569,True
boltz2,SASDET5,folded,389,118.50963821323124,27.918037225764905,,,unresolved,26.54816128092102,22.672202676975747,0.854002747575187,True
boltz2,SASDEW7,partly disordered,142,11.756129750291583,2.7419788203357665,,,unresolved,22.05470139221025,17.5410928368562,0.7953448348682579,True
boltz2,SASDEX2,disordered,82,18.10612662797401,14.917049668114036,,,unresolved,32.14352574493883,13.396894167574144,0.41678359349498423,True
boltz2,SASDEX4,disordered,104,8.38463549373651,6.4020572702168685,,,unresolved,24.028155036690915,14.47901246463756,0.6025852772519635,True
boltz2,SASDEX6,partly disordered,476,11.646007900957253,10.962031008604049,,,unresolved,29.40594008682406,24.70847807852485,0.8402546562215161,True
boltz2,SASDEY9,folded,403,15.71088531444868,5.324200730616563,,,unresolved,28.2175774377076,24.41531626000901,0.865252033556305,True
boltz2,SASDEZ2,disordered,114,57.0938477517912,47.434127775000825,,,unresolved,30.429286463023903,15.130974392541445,0.49725038445866365,True
boltz2,SASDF27,disordered,98,76.56513988723668,76.56513988723667,,,unresolved,27.47333873499298,13.91203047702768,0.5063829558985429,True
boltz2,SASDF34,disordered,271,178.74034017685605,149.02902611062584,,,unresolved,46.21389424619515,19.27657470669691,0.4171164326469625,True
boltz2,SASDF37,folded,89,9.886833718768052,9.886833718768052,,,unresolved,18.744939526615312,16.696368778041723,0.8907133978391932,True
boltz2,SASDF38,folded,199,98.0784262750978,10.971756879610693,,,unresolved,27.52787754026244,29.65791789320886,1.0773775729651154,True
boltz2,SASDF52,partly disordered,259,477.37236616121527,257.6528949620695,,,unresolved,30.30809201467102,17.31176858995737,0.5711929534058887,True
boltz2,SASDF53,folded,274,1.3976500341875853,1.235370100256608,,0.999980978525025,fits,20.845797879662864,20.52671631267489,0.9846932427902282,True
boltz2,SASDF65,folded,495,4.1123228762459,1.3359306894719338,,0.5446424766754885,calibration,33.159641949400594,31.409319415983767,0.9472152764469621,True
boltz2,SASDFD3,folded,298,3.526596147591691,0.9801631370498388,0.05114979318461,0.4559577868417965,population,26.893577801955573,26.99574442794409,1.0037989228038333,True
boltz2,SASDFG8,folded,232,1.659766916559965,1.0181908430648747,,0.9997963915699092,fits,20.239881279939794,19.64316760697221,0.9705179262311681,True
boltz2,SASDFJ8,folded,286,2.862278087804237,1.7883123688770373,,0.1043663669049922,population,20.52035990349926,19.865763118596085,0.9681001313826105,True
boltz2,SASDFK8,partly disordered,114,1524.8475961740753,255.21524151205136,,,unresolved,29.595169813517817,16.259891906561823,0.5494103263815365,True
boltz2,SASDFP4,folded,451,1.1113426263358694,1.0825048259476295,,0.9999996125894592,fits,26.80443025463942,26.122271092624533,0.9745505069298455,True
boltz2,SASDFP8,folded,260,1.2057305594443528,1.205730559444352,,1.0000000000000004,fits,18.188052616508777,18.345996069048788,1.0086839122290998,True
boltz2,SASDFU7,folded,409,1.809251065755052,1.809251065755052,,0.9999999999999996,fits,29.43605195361957,28.20940829071174,0.9583285263648612,True
boltz2,SASDFY7,folded,485,1.614012225397505,1.092879753517315,,0.9984451908344038,fits,23.12039899666981,22.944507253136837,0.9923923569157129,True
boltz2,SASDG45,partly disordered,139,11.716288735906907,2.667125387715247,,,unresolved,16.849766656756046,15.74205542549382,0.9342595506616064,True
boltz2,SASDGA5,folded,219,2.364606379947679,1.5755190488359236,,0.1066411982054999,population,22.16437642566953,20.760200287139867,0.9366471624753934,True
boltz2,SASDGB5,folded,196,402.0882639166088,402.0882639166088,,,unresolved,27.275360520121342,19.79798600682061,0.7258560704345379,True
boltz2,SASDGD2,folded,309,1.24948656945229,1.190400439626812,,0.9999979519569412,fits,21.519191296420303,21.034935112647148,0.9774965435688231,True
boltz2,SASDGD6,folded,401,1.1254147399755008,0.9911802112928176,0.0832490646096234,0.9999972298125016,fits,20.333541320980963,20.48536082895949,1.0074664568056266,True
boltz2,SASDGG2,folded,298,1.0982851588395637,1.023795635055481,,0.999999738161698,fits,30.22116755529928,30.546220606877952,1.0107558071998337,True
boltz2,SASDGP5,partly disordered,163,97.53745025087888,1.0612977545360511,,0.0379038665061314,population,26.669651342587773,19.787915649485488,0.7419637923007603,True
boltz2,SASDGQ9,partly disordered,195,2.374933527653706,1.618337972743796,,0.3204639856839824,population,23.066039451520123,23.56041429595318,1.0214330182462459,True
boltz2,SASDGR2,folded,183,3.1514654891296807,2.3281484032314523,,,unresolved,21.391062863054877,18.64048531495815,0.871414638641106,True
boltz2,SASDGX4,folded,318,1.8050197189393729,1.1605508495791952,,0.9992871773124798,fits,25.851810447339968,24.73116527114638,0.956651191665035,True
boltz2,SASDGZ5,partly disordered,454,43.36131361157445,19.737953185281256,,,unresolved,31.355147364740468,26.057222536398527,0.831034924929118,True
boltz2,SASDH24,folded,187,31.03107683038989,16.644237677668436,,,unresolved,18.05573254910537,16.657849168172028,0.9225795255256699,True
boltz2,SASDH25,partly disordered,422,3.040527594907375,1.392248301224256,,0.1541890917250518,population,24.00004473845676,22.98026990044023,0.9575094609560255,True
boltz2,SASDH33,partly disordered,424,94.51393588278292,30.674369229486725,,,unresolved,30.847612746052288,26.268672700017728,0.8515625801020681,True
boltz2,SASDH34,folded,468,27.99503095930101,9.779719911896397,,,unresolved,31.860389251974897,26.27700203699628,0.8247545825375462,True
boltz2,SASDH64,folded,76,1.2182859170164182,1.140608514585754,,0.9999776726239434,fits,13.681804641474075,13.432718016678985,0.9817943150540225,True
boltz2,SASDH65,partly disordered,373,22.13242661191057,13.626518528274568,,,unresolved,32.3611270718829,24.7012672741471,0.7633005865116762,True
boltz2,SASDH69,folded,302,1.339687251489006,1.1571719723309124,,0.9991384884506612,fits,25.120791811277822,24.755673378763092,0.9854654886972626,True
boltz2,SASDH84,folded,135,17.662430362668385,1.6484116059527858,,0.0176398829675151,population,21.196169696143176,17.575225888139443,0.8291698990944295,True
boltz2,SASDH95,partly disordered,259,64.05131623849526,24.382951021527983,,,unresolved,26.475632479482893,20.90454189730643,0.789576676345929,True
boltz2,SASDHC9,partly disordered,75,2.966241293218314,2.633916099479244,,,unresolved,28.2032077935802,31.448798623194502,1.1150787830011692,True
boltz2,SASDHD5,disordered,220,60.60801953117726,10.420644884458492,,,unresolved,27.059185579063584,18.408040070739684,0.6802880307300334,True
boltz2,SASDHF8,partly disordered,24,15.91714807683954,7.570201276604839,,,unresolved,13.6809685461946,11.439046605403316,0.8361284193278201,True
boltz2,SASDHG4,folded,284,191.4490247643932,41.40108053805571,,,unresolved,23.771629673080227,19.36121003105482,0.8144670894389748,True
boltz2,SASDHG9,folded,412,2.8072919918692385,2.807291991869238,,,unresolved,24.535194673975763,23.902346968717048,0.9742065341780243,True
boltz2,SASDHN7,folded,113,2.040862017955152,1.7379008686844064,,0.8245175296337264,calibration,16.081264925213397,14.397314636683465,0.8952849607066848,True
boltz2,SASDHP4,folded,279,2.196678264180924,1.835714300117012,,0.2000099306753301,population,23.012086684198103,20.27253005415896,0.880951403163263,True
boltz2,SASDHP7,folded,299,1.4813192901304693,1.4068822804884067,,0.999998078826538,fits,19.339871528062048,18.859525283062258,0.9751629040398324,True
boltz2,SASDHS8,folded,467,1.269454382468414,1.269454382468414,,1.0000000000000002,fits,18.213340415659975,28.43671511570783,1.5613124482787197,True
boltz2,SASDHT5,partly disordered,377,1.3325681628838784,1.2081575422706363,,0.9999986873371334,fits,24.59557685922055,22.855459545199157,0.9292508029398364,False
boltz2,SASDHV4,partly disordered,305,8.830454141738791,6.231571731743249,,,unresolved,31.978546678312444,22.50028660213689,0.7036056650253082,True
boltz2,SASDHW9,folded,465,1.608839202119951,1.1659282923809038,,0.9998005806295204,fits,29.670990921861083,28.72489859547004,0.9681138951886512,False
boltz2,SASDJ28,folded,245,4.510123329825241,2.888227606380997,,,unresolved,21.42812517432333,20.382908196117285,0.9512221918761937,False
boltz2,SASDJ29,folded,318,4.045022689834847,0.9975065336789376,0.1452576477502465,0.7084367460237857,calibration,24.7145917019278,23.6039956960399,0.9550631457204581,True
boltz2,SASDJ63,folded,404,7.216913370796945,4.209511620275537,,,unresolved,29.987729124099957,27.48263871764466,0.9164628173047604,True
boltz2,SASDJ83,partly disordered,179,1.0918037485274337,0.9755996433345324,0.0852462768112595,0.999958917039468,fits,20.498015278706884,20.23335604535476,0.9870885434636665,True
boltz2,SASDJ84,folded,215,2.6806113394366595,1.389593730070281,,0.5104428408292564,calibration,26.942580072956943,27.09263211159455,1.0055693269995407,True
boltz2,SASDJ86,partly disordered,208,13.884359053092798,4.303415071432301,,,unresolved,34.367166745239295,19.374141457019327,0.5637398509058977,True
boltz2,SASDJ93,folded,272,1.4294027181790852,1.2878887057221928,,0.9999791576579456,fits,21.546828718851675,21.93083822691081,1.0178220894160244,True
boltz2,SASDJ94,folded,216,1.8464886532049865,1.8464886532049232,,1.0000000000000002,fits,21.07953022174192,20.58605377182705,0.9765897795290577,True
boltz2,SASDJA4,folded,270,1.1972301379664203,0.8789636343142718,0.1419159544782176,0.999979511101492,fits,23.35230091111216,22.80496922466501,0.9765619804005394,True
boltz2,SASDJA5,folded,172,57.51022366349889,31.444918693394044,,,unresolved,22.821354484439723,18.331430206691305,0.8032577654052137,True
boltz2,SASDJB2,folded,278,1.4482739183968056,1.3593613919768062,,0.9999886353594656,fits,21.7493830991841,20.37032830542804,0.9365933834781827,True
boltz2,SASDJB9,partly disordered,82,1.1300449281926916,1.022016578274993,,0.9999771755431028,fits,20.1044359700569,16.235085019171873,0.8075374530950307,True
boltz2,SASDJC4,folded,290,3.1424160494647904,1.8648601864978076,,0.0473718791961121,population,24.327093149238344,23.46387115974612,0.964516023998566,True
boltz2,SASDJD6,folded,419,230.7303823869459,159.2093664604697,,,unresolved,35.91730479767933,29.7108942403925,0.8272027761479521,True
boltz2,SASDJE2,partly disordered,34,96.14673409060164,11.476009062244248,,,unresolved,15.554020967405588,12.005214424545343,0.7718399280612397,True
boltz2,SASDJE4,folded,249,1.754347380247114,1.7212885304237668,,0.9999999159224204,fits,25.909675879746903,21.012636941399183,0.8109957468755662,True
boltz2,SASDJF5,folded,203,23.97420129623832,1.5086438003153615,,0.0260867179243263,population,20.867592073543776,18.85981472627732,0.9037849053120056,True
boltz2,SASDJF6,partly disordered,78,53.60077329218356,5.468673509284549,,,unresolved,23.063329812643,12.217243748614855,0.5297259263021739,True
boltz2,SASDJG2,partly disordered,20,12.769660473614422,3.419416787582251,,,unresolved,12.209201840057158,10.17450307684346,0.8333471106573029,True
boltz2,SASDJG4,folded,261,2.68440678657358,2.6844067865735783,,,unresolved,28.54921955880945,26.40958929934058,0.9250546847677787,True
boltz2,SASDJG6,disordered,40,9.436797825333205,2.1991903237966657,,,unresolved,9.424330958943306,8.933086377329674,0.9478748588357393,True
boltz2,SASDJH6,disordered,51,817.8569163020895,501.5745732896922,,,unresolved,18.877000305256832,11.527216710615496,0.6106487537326266,True
boltz2,SASDJJ4,folded,200,1.0918795083796788,1.0226732577511493,,0.9999829637027966,fits,18.021652342435598,17.645490264773798,0.9791272148350099,True
boltz2,SASDJJ6,disordered,191,238.46626474267012,204.7704431548198,,,unresolved,33.94387746943146,16.197167083840803,0.47717492199962547,True
boltz2,SASDJK6,disordered,209,2027.7324979489076,1774.8758302932151,,,unresolved,38.21268048362726,16.683829229639997,0.4366045254739041,True
boltz2,SASDJL9,folded,87,4.092572961345435,2.862755123148769,,,unresolved,15.300948556562718,13.9886974031641,0.9142372678041727,True
boltz2,SASDJM2,folded,381,56.39480432819409,2.133179804955158,,,unresolved,33.30094974103696,39.45997296157032,1.1849503773444503,True
boltz2,SASDJM5,partly disordered,379,44.83741396322721,20.908185314976244,,,unresolved,31.649923348728528,23.97929810557698,0.7576415854586991,True
boltz2,SASDJN5,folded,405,3.759760231967714,2.9788211769220654,,,unresolved,30.364891463260168,28.28432687294228,0.9314812439611301,True
boltz2,SASDJP5,folded,301,0.9597376888402496,0.9290276338722272,0.9999995302060004,0.9999995302060004,fits,29.43403816447536,29.32520044228773,0.9963023176915293,True
boltz2,SASDJR3,folded,271,1.1744700861851929,1.10340114777188,,0.9999984788573636,fits,24.42216965471741,22.58033786170696,0.9245836132067536,True
boltz2,SASDJT3,disordered,439,4.417010063616444,4.417010063616446,,,unresolved,33.476669963690235,31.87432431269832,0.9521354527577006,True
boltz2,SASDJT7,disordered,180,362.9583914410888,307.76143954328364,,,unresolved,35.034740281753216,16.396731930440154,0.4680135145451584,True
boltz2,SASDJV9,partly disordered,138,5.22455913785068,1.0742195961860257,,0.4088723709129792,population,,17.948091823730834,,False
boltz2,SASDJX3,partly disordered,190,175.89796882347747,107.21050476394302,,,unresolved,29.754457105952124,19.017326464967088,0.6391421089367763,True
boltz2,SASDJX7,folded,302,4.384493002646529,3.0644290188455225,,,unresolved,26.146451397669374,25.859481514348538,0.9890245188933586,True
boltz2,SASDJY2,folded,182,3.6151872110910825,3.615187211091081,,,unresolved,20.52939705686798,18.36711998434097,0.8946741072552038,True
boltz2,SASDJZ6,folded,211,5.512349756838824,2.212667211894682,,,unresolved,24.451750623018825,25.447005849481467,1.0407028209066433,True
boltz2,SASDK42,folded,364,67.09481171833376,1.4446450488276104,,0.0511575568897644,population,31.48987735994072,24.31855224895285,0.7722657021170003,True
boltz2,SASDK52,folded,265,1.4343179332317637,1.150240089394116,,0.999839965953724,fits,25.17459867980943,23.570413359085855,0.9362776209016525,False
boltz2,SASDK56,folded,223,1.4168885904962476,1.4168885904962476,,1.0000000000000002,fits,29.59217888512532,20.00965356737974,0.6761804747482689,True
boltz2,SASDK68,disordered,150,175.809543738268,175.809543738268,,,unresolved,35.81531059549425,16.500149986479816,0.46070101618930587,True
boltz2,SASDK76,folded,320,1.1256490401496846,1.0804565679748532,,0.9999998591206528,fits,22.84806480713285,21.35122719858783,0.9344873353091274,True
boltz2,SASDK92,folded,412,53.49318743622286,25.23575164728304,,,unresolved,30.38288423898635,26.60311197632325,0.8755953439794563,True
boltz2,SASDKD6,disordered,70,161.53344669951824,161.53344669951824,,,unresolved,23.98431280548197,13.23301376170219,0.5517362064539781,True
boltz2,SASDKH8,disordered,173,239.4251480858668,58.08844785659797,,,unresolved,37.30106760782824,17.147417653281007,0.4597031332605167,True
boltz2,SASDKK2,partly disordered,360,111.82315127199207,111.82315127199202,,,unresolved,31.910224522436064,25.002779582074087,0.7835350567494329,True
boltz2,SASDKK9,folded,289,11.205706091265554,3.6147405907290686,,,unresolved,28.50130674916844,23.838344384686515,0.8363947868945352,True
boltz2,SASDKQ3,partly disordered,492,43.10631669566763,40.585718112455375,,,unresolved,44.32816638984295,33.274034961328894,0.7506296260644131,True
boltz2,SASDKQ4,folded,253,84.53184362676157,82.15888938313182,,,unresolved,7.145788682210825,19.853932317202748,2.778410221761577,True
boltz2,SASDKU8,partly disordered,103,58.63464939498889,36.3276668177457,,,unresolved,29.677099235126654,15.44126839867244,0.5203092214752484,True
boltz2,SASDKV7,folded,336,1.0358585195768473,1.018724479440483,,0.9999995723997056,fits,24.16936180892453,24.60749270789389,1.018127532800952,True
boltz2,SASDKW7,folded,148,1.0860338056807577,1.079640503192174,,0.9999998673710068,fits,21.35132996744245,20.688816322403856,0.9689708488394481,False
boltz2,SASDKX6,partly disordered,91,2.271328643449736,1.5478597484532326,,0.4582601662847739,population,15.989334174188226,16.084416887223995,1.0059466336746694,True
boltz2,SASDL26,folded,273,1.678746339821503,0.8284064694148711,0.3778451912829815,0.9996021684531816,fits,25.44953543642256,27.29563244532017,1.0725395170182765,True
boltz2,SASDL49,partly disordered,459,58.56831879286571,40.88904249836317,,,unresolved,44.155490807125325,52.15677963028981,1.1812071087175715,True
boltz2,SASDL62,partly disordered,284,3.3316525869857467,3.3316525869857454,,,unresolved,23.250628262362174,22.215678220638065,0.9554872225367143,True
boltz2,SASDLA5,folded,133,1.466317971072872,1.3173605333647775,,0.999878367747472,fits,14.712126400542216,14.958926695947993,1.0167752973762298,True
boltz2,SASDLB7,folded,424,22.259539708109468,8.984734173041579,,,unresolved,40.35786960231569,22.60842531586794,0.5601986809177533,True
boltz2,SASDLF3,partly disordered,252,447.71813723469546,447.71813723469546,,,unresolved,44.83394987044664,24.26219761147867,0.5411568171349469,True
boltz2,SASDLF9,disordered,133,70.12700122126691,62.66756959971179,,,unresolved,33.05699054942868,15.82984048522891,0.4788651423534528,True
boltz2,SASDLH5,partly disordered,361,1223.31148506225,702.009427959619,,,unresolved,60.98743235823829,26.54083541118413,0.4351853223674689,True
boltz2,SASDLH9,partly disordered,122,8225.048674952886,744.1068796002477,,,unresolved,28.04100093582992,15.793367618279069,0.5632241036766557,True
boltz2,SASDLJ9,disordered,62,2028.9558021366872,1815.3801700233096,,,unresolved,24.26268893160696,13.62546644888588,0.5615810550633574,True
boltz2,SASDLK9,disordered,475,584.7310927467596,555.2982688886402,,,unresolved,71.66806527509094,23.172645502277664,0.32333292957374676,True
boltz2,SASDLM8,folded,364,6.724583231917743,4.999120041123836,,,unresolved,27.9970236443302,23.51464271709879,0.8398979482899728,False
boltz2,SASDLM9,folded,170,53.3471699727251,2.4358172930791158,,,unresolved,22.12672289167008,19.964013007680997,0.9022580119714309,True
boltz2,SASDLQ3,folded,169,0.7859879819917616,0.7824605417922955,0.999999998220896,0.999999998220896,fits,17.217254134718086,17.3604455067216,1.0083167368549653,True
boltz2,SASDLR9,folded,78,1.1484337213988296,1.068410168217342,,0.999972924714478,fits,17.954227642777084,17.87329504121386,0.9954922816412111,True
boltz2,SASDLS4,disordered,255,315.26252892565327,134.17739377273597,,,unresolved,46.96046974149995,19.85933081179736,0.42289463715153713,True
boltz2,SASDLT4,disordered,410,105.12600627246437,93.55217150452503,,,unresolved,62.843037652504194,21.530694875701556,0.3426106642832469,True
boltz2,SASDM43,folded,119,1.4354135372903096,1.126937680602015,,0.999423855471893,fits,16.597264852235362,15.762096472984291,0.9496803607891702,True
boltz2,SASDM53,folded,226,4.353975592911263,1.389459592990434,,0.0326793042168336,population,23.63943417193286,19.759446131493814,0.8358679817706567,True
boltz2,SASDM55,folded,168,3.87791111582867,2.5508133349788635,,,unresolved,16.071404143587927,16.542071439384646,1.0292860095851988,True
boltz2,SASDM65,partly disordered,292,10.7511853753327,4.675757555256922,,,unresolved,35.862684366923666,34.7188234422086,0.9681044253962748,True
boltz2,SASDM75,folded,476,25.276548777004976,10.443181706056627,,,unresolved,31.683341944875067,29.551133764577752,0.9327025481084955,True
boltz2,SASDM82,folded,83,1.0477161254106977,1.0414829068495912,,0.9999999296009092,fits,13.650494989494929,13.976459451698242,1.0238793144464113,True
boltz2,SASDM97,folded,274,9.045075328018,9.045075328018005,,,unresolved,23.610050873932096,21.324172203527237,0.9031819676030981,True
boltz2,SASDMA5,folded,60,1.0251115750436537,1.001167604385175,,0.999998225118162,fits,11.624823382481823,11.98647063972306,1.0311099141330804,True
boltz2,SASDMC9,partly disordered,444,25.57755130386136,12.37222047175243,,,unresolved,32.32706504222345,26.319684565976917,0.8141687014147404,True
boltz2,SASDMQ2,folded,484,1.6103870694973,1.448854445431866,,0.9999765300790338,fits,53.4452888036859,57.49463779748773,1.0757662477730416,True
boltz2,SASDMQ3,partly disordered,309,2.75211842436314,1.892053576307681,,0.038542554862383,population,33.400806704950185,29.736876276895597,0.8903041336570001,True
boltz2,SASDMQ9,folded,285,31.564368501966445,21.659083869222187,,,unresolved,36.92427935771512,34.47636575161833,0.9337044988100679,True
boltz2,SASDMR3,folded,74,1.3858031018908907,1.3351854350999306,,0.9999979950225816,fits,14.425685321559758,13.800377513102683,0.9566531645104911,True
boltz2,SASDMS3,folded,267,1.4234509387671528,1.1603485527105184,,0.9999048863757692,fits,24.47108297670429,23.919743205080515,0.9774697436910073,True
boltz2,SASDMS4,folded,320,1.657439420332662,1.1220463600910813,,0.9997734538286968,fits,28.20149969944565,27.52262870835746,0.9759278407771507,True
boltz2,SASDMT5,partly disordered,379,21.27463165204457,13.62852957001431,,,unresolved,50.73332902560244,24.33027304834602,0.4795717828031315,True
boltz2,SASDMT7,folded,438,1.417589371932654,1.347041470279609,,0.9999975801360844,fits,23.43518668768269,22.817430084144508,0.9736397831273573,True
boltz2,SASDMU6,partly disordered,155,1.4777058199458233,1.0972525152379191,,0.9999173417171188,fits,19.99741569871532,18.67212809346358,0.9337270562747326,True
boltz2,SASDMV6,folded,206,40.41622836141393,10.451188501608591,,,unresolved,21.91470894288421,19.347796282437347,0.8828680468840837,True
boltz2,SASDMX9,folded,239,7.482207029004465,2.933940807121409,,,unresolved,20.9964756963414,20.4332335869494,0.9731744452003369,True
boltz2,SASDMY9,folded,247,7.318689866661366,2.683130954367528,,,unresolved,22.8870202401529,21.893813212946263,0.9566039171204926,True
boltz2,SASDN65,folded,197,1.6425972112243237,1.08688324114992,,0.9992929306179964,fits,18.998194594497605,18.57145993454638,0.977538146699749,True
boltz2,SASDN68,folded,201,35.8718681024669,1.663487615564047,,0.0222831698304762,population,21.21289085795956,18.629467420553688,0.8782144567327318,True
boltz2,SASDN73,folded,313,1.3756280273231745,1.2238916615262296,,0.9999978944995676,fits,22.656286829466115,22.303444126696885,0.984426278435426,True
boltz2,SASDNB2,folded,105,5.987591610332777,5.608205052312488,,,unresolved,19.69670281019105,14.257416694431774,0.7238478862083965,True
boltz2,SASDNB7,folded,269,1.0117511347460544,0.9885223218881236,0.8382859650212116,0.999996081046909,fits,21.893309421628903,21.494933184438143,0.9818037451753551,True
boltz2,SASDNB8,partly disordered,209,49.57304284454823,30.77567920992781,,,unresolved,27.127106450979987,18.68561727661553,0.6888171914089458,True
boltz2,SASDNC7,folded,394,8.207954547324348,1.943154827606908,,0.0277242362174502,population,26.431468391559505,25.826054947866083,0.9770949750227743,True
boltz2,SASDND2,folded,105,4.028536298500812,3.647140642752727,,,unresolved,13.994978063716884,13.536892680675573,0.967267874164881,True
boltz2,SASDNG9,folded,197,22.055022574405324,3.700389707482567,,,unresolved,18.47181282473149,18.02092866735761,0.9755906926054273,True
boltz2,SASDNK8,folded,354,1.7304932200214342,1.2013085174405944,,0.999843745208272,fits,33.811977035241966,26.81779171965129,0.7931447395607572,True
boltz2,SASDNL5,folded,311,1.9971286241368595,1.9971286241368584,,0.9999999999999996,fits,23.257996074718505,21.92804377960944,0.9428174168214463,True
boltz2,SASDNL8,folded,377,1.1050236480757083,1.0859060812857992,,0.9999990085981828,fits,31.008131950532103,28.754844209733672,0.9273323609305731,True
boltz2,SASDNM3,folded,224,2.760316262879631,2.217650570794411,,,unresolved,29.43887111604568,27.296582146717657,0.9272292418794427,True
boltz2,SASDNM8,partly disordered,94,1.2940730072893247,0.9833337947034406,0.2452414118425589,0.999799647532477,fits,15.354238275873108,14.71765722211252,0.9585403689637355,True
boltz2,SASDNM9,folded,299,6.374103306063885,6.374103306063859,,,unresolved,19.45174666035898,20.66108071273297,1.0621709748481616,True
boltz2,SASDNQ9,folded,475,50.185324507355546,3.840839235795016,,,unresolved,27.72866190061496,26.14264406221894,0.9428022223329556,True
boltz2,SASDNS3,partly disordered,393,71.38860468607515,21.468532602541483,,,unresolved,46.829469069215335,35.81166710682178,0.7647250293162855,True
boltz2,SASDNS9,folded,478,9.560407564025107,2.0951753031715654,,,unresolved,28.160007946854098,26.747626594609816,0.949844426361319,True
boltz2,SASDNU3,folded,405,2.232353517604204,1.8098018036871693,,0.1985621658127703,population,36.34430661545734,34.9387143115401,0.9613256535944082,False
boltz2,SASDNW2,folded,427,16.550996134503528,3.796133765240633,,,unresolved,30.11673738468709,27.817328239891054,0.9236501246657224,True
boltz2,SASDNW9,folded,381,0.9997115010180382,0.999711501018038,1.0000000000000004,1.0000000000000004,fits,22.260011411343136,22.74736685150341,1.0218937641654546,True
boltz2,SASDNY9,folded,320,2.0496110149567843,2.012427948060494,,,unresolved,24.416581191012437,21.582525930648504,0.8839290710606477,True
boltz2,SASDP28,folded,240,27.08166273457827,15.831352084592757,,,unresolved,24.662468494373517,21.31322018936723,0.8641965500829577,True
boltz2,SASDP35,folded,190,1.0746660217309678,1.0223376005091054,,0.9999999701852476,fits,,15.47209646082504,,False
boltz2,SASDP64,partly disordered,76,1.1594136139139617,0.9777120880517548,0.359166677256657,0.9989700400960264,fits,20.23475008941292,17.88394365134673,0.8838233026017869,True
boltz2,SASDP79,partly disordered,144,1.88272933273016,1.508390635325277,,0.9999962816435491,fits,40.769709785313154,48.57413638753272,1.1914270825894135,True
boltz2,SASDP89,folded,269,1.3790819907932377,1.3263948626956046,,0.9999994191802312,fits,29.856835907208463,24.969511750547127,0.8363080343861431,True
boltz2,SASDP98,partly disordered,129,8.214401320246802,8.214401320246802,,,unresolved,18.537762519826856,16.052455035992292,0.8659327153869605,True
boltz2,SASDPA8,folded,200,124.7803492215283,124.7803492215283,,,unresolved,23.76856535732245,19.322336945692065,0.8129366099809375,True
boltz2,SASDPB6,folded,215,21.66994049588779,21.669940495887783,,,unresolved,28.280849700507098,28.830640862769425,1.0194404046584382,True
boltz2,SASDPC7,folded,275,3.924906222423336,0.8377051574806165,0.1018290102455538,0.3960915847110573,population,22.834156289893933,22.043710328161147,0.9653831763390958,True
boltz2,SASDPD7,partly disordered,351,59.59787013515697,29.429918576932888,,,unresolved,28.30538820526228,24.28426205626611,0.8579377848543833,True
boltz2,SASDPJ4,folded,281,2.063377773296794,1.56176650059111,,0.922772623184454,calibration,26.030085853016423,24.849138235786267,0.954631435950746,True
boltz2,SASDPK4,partly disordered,115,15.196702498401535,3.5443670614324327,,,unresolved,22.187049998278656,18.706679880346925,0.843135066707753,True
boltz2,SASDPL2,folded,483,1.7049168299834685,1.394399648302203,,0.9999648502953308,fits,24.953665515345055,24.28557407285744,0.9732267212575733,True
boltz2,SASDPW6,folded,79,4.24683521219578,3.183578237307453,,,unresolved,16.213247803097953,15.066715334311809,0.9292842197497857,True
boltz2,SASDPW7,folded,364,1.1410691918673082,1.1132126251205956,,0.9999998945633892,fits,22.904290252175127,22.542941310031072,0.9842235258911924,True
boltz2,SASDPY2,folded,283,1.2067558264619886,1.0520723590325232,,0.9998103946505476,fits,24.515063971600608,23.56914925739756,0.9614149603974584,True
boltz2,SASDQ26,disordered,64,171.0739319536559,105.07794114160936,,,unresolved,22.85731108078961,12.649707789396144,0.5534206427293878,True
boltz2,SASDQ28,folded,405,1.315179846710553,1.3151798467105522,,1.0000000000000002,fits,25.580964783121185,25.491760579594537,0.9965128678967766,True
boltz2,SASDQ46,disordered,167,403.2601460080892,384.9400031673784,,,unresolved,40.64408934240888,16.203799516434206,0.39867542313284965,True
boltz2,SASDQ59,folded,437,1.0707094795279382,0.9262050141246744,0.2968602152708178,0.9999929285812604,fits,25.98260465903292,24.757988062574483,0.9528678278206147,True
boltz2,SASDQ85,folded,303,1.152069870784516,1.1133412075134306,,0.9999985675917016,fits,20.734591821986616,20.50348680830363,0.9888541324725802,False
boltz2,SASDQ97,folded,340,27.71856600261754,17.696380049947894,,,unresolved,29.100302367256603,24.149816896421715,0.8298819920027659,True
boltz2,SASDQ98,folded,203,6.545800290956244,3.6353757264780033,,,unresolved,21.241458635343182,19.248666261713616,0.9061838262691714,True
boltz2,SASDQB5,folded,396,2.0030802991831727,1.6530183543159185,,0.9969916619159288,calibration,31.365510122053152,24.36556142403698,0.7768265629738795,True
boltz2,SASDQC5,folded,271,9.799447121313596,2.2045600757253587,,,unresolved,26.196195073028512,24.491290631640958,0.9349178597641871,True
boltz2,SASDQC9,folded,162,11.85087481369004,1.0315562997478858,,0.5688317993536807,calibration,23.729502310347907,20.298771153771156,0.8554233834444692,True
boltz2,SASDQD9,folded,117,6.744950667033212,3.608731842141237,,,unresolved,17.23434011170905,15.272155016305826,0.8861467812121155,True
boltz2,SASDQF5,partly disordered,478,3.809413432507736,2.9266141616367136,,,unresolved,35.48851408067526,25.34588447897544,0.7141996540446072,True
boltz2,SASDQF8,partly disordered,381,6.7753476949274924,6.775347694927491,,,unresolved,35.54039422471895,25.878872195903455,0.7281537743299498,True
boltz2,SASDQG6,partly disordered,478,32.77906573133191,7.092143853705736,,,unresolved,40.79395085815503,30.03322730824211,0.7362176665033227,True
boltz2,SASDQJ8,folded,287,2.0501770600809794,2.050177060080961,,,unresolved,24.654485974188507,25.379813038276904,1.029419679033169,True
boltz2,SASDQK7,disordered,140,7.254616805557377,7.254616805557375,,,unresolved,51.87611231532393,15.940765374197824,0.3072852737557399,True
boltz2,SASDQN5,partly disordered,412,86.83151280157382,48.0174515325512,,,unresolved,18.75510322293321,21.168475000935505,1.1286781389212133,True
boltz2,SASDQN6,folded,126,31.68504724972846,19.982905548510168,,,unresolved,18.766244163069427,15.152472968252646,0.807432368277057,True
boltz2,SASDQN8,disordered,133,197.63236335492093,197.6323633549209,,,unresolved,32.42441892679268,15.506115898945552,0.4782234011334175,True
boltz2,SASDQP4,folded,496,1.7242683413756026,1.514055887059898,,0.9999709609440302,fits,32.097080183909334,31.063598614705825,0.9678013836996423,True
boltz2,SASDQU5,folded,161,1.936160907146561,0.9653993886382444,0.6353765050238354,0.9978135675505178,fits,19.190921297957686,18.164991172098222,0.9465408611743593,True
boltz2,SASDR22,partly disordered,156,87.83572004554456,63.95977919466085,,,unresolved,27.064681138367387,17.05195529006246,0.6300445663070937,True
boltz2,SASDR25,partly disordered,106,3.0796983424034208,1.0113031454178514,,0.2382725449675182,population,16.312992745065422,14.64867835452409,0.8979761459745161,True
boltz2,SASDR33,folded,138,1.0203115121348547,1.0098256529118843,,0.9999991127963248,fits,15.895374007630393,15.88135690328686,0.9991181645466912,True
boltz2,SASDR36,folded,278,1.4811699918615713,1.2896237707013216,,0.9998971640450414,fits,27.964598241991062,25.58400316328248,0.9148711146104029,True
boltz2,SASDRA6,disordered,102,20.449139535738023,7.223980585278354,,,unresolved,26.117669783313424,19.471886092482897,0.7455445395409465,True
boltz2,SASDRD9,folded,452,1.1152551307844674,1.1007174598197584,,0.9999997891630938,fits,23.65522145696537,24.66732827173821,1.042785767895435,True
boltz2,SASDRF8,disordered,89,114.73638492840593,75.57819653129113,,,unresolved,22.58955470205852,14.26223069565886,0.6313639593063418,True
boltz2,SASDRG9,folded,78,2.833024290060917,1.330378809093542,,0.6799070365274946,calibration,15.302929755611393,15.661415074442235,1.0234259272280453,True
boltz2,SASDRH2,folded,424,1.135860284010748,1.103147205882156,,0.999999716540555,fits,23.9592121039684,23.431236758085248,0.9779635764485051,True
boltz2,SASDRH9,partly disordered,214,7.574247940171242,1.0124670301780838,,0.0993622679383567,population,25.72386639661517,22.5852743949174,0.8779891034533301,True
boltz2,SASDRJ2,folded,443,1.1259262464154745,1.0719543472312272,,0.9999633370944276,fits,38.41965841904686,36.94793156289919,0.9616933903967754,False
boltz2,SASDRJ6,folded,271,2.298594067488598,1.6466648943622413,,0.3997743428024733,population,24.95230724951242,22.94752189742705,0.9196553115494142,True
boltz2,SASDRK5,folded,103,3.735995023556121,2.2731424186810094,,,unresolved,15.55480963881323,15.204937453755775,0.9775071381018746,True
boltz2,SASDRK7,folded,292,1.0485581827098729,1.0058590807180652,,0.999983879326999,fits,31.872589807498382,32.52518466881454,1.0204751124793325,True
boltz2,SASDRN5,partly disordered,222,159.4636330272181,66.63906332739774,,,unresolved,34.49980598363521,21.27062517476191,0.6165433273697687,True
boltz2,SASDRQ5,folded,114,15.387266935126569,6.783674595689998,,,unresolved,16.849223602078606,14.90161581196391,0.8844096418855508,True
boltz2,SASDRQ7,folded,394,1.2793435383993557,1.0310962240083958,,0.9996572081425914,fits,50.24172414771824,65.33524898441718,1.3004181304033615,True
boltz2,SASDRW6,partly disordered,109,49.48342850146032,1.1358196180080014,,0.2030449391080552,population,20.46919693312436,16.636732540418183,0.8127691865378326,True
boltz2,SASDRW9,partly disordered,259,13.42238908388222,9.23218845911394,,,unresolved,33.26849226349496,20.828458523307894,0.6260716102894348,True
boltz2,SASDRX9,partly disordered,465,153.15610592380477,112.74181189005796,,,unresolved,48.94188573932439,24.45173820883859,0.4996076027612444,True
boltz2,SASDRZ9,folded,86,0.9885486932551754,0.9839696629566136,0.9999998543042048,0.9999998543042048,fits,14.587874826061986,14.015202800506882,0.960743286298838,True
boltz2,SASDS28,folded,270,130.323984333996,126.5864011700966,,,unresolved,41.43007754776005,20.282382053758383,0.4895569415813214,True
boltz2,SASDS37,partly disordered,362,76.37786508687908,45.4516341898986,,,unresolved,31.866460871017274,21.624450229391783,0.6785959167828186,True
boltz2,SASDS75,folded,457,10.335073854712991,3.2438640862934816,,,unresolved,27.79104648939525,27.795256124072527,1.000151474493013,True
boltz2,SASDS89,folded,123,1.1949117672499625,1.1932141847433857,,0.9999999834594148,fits,15.019545710122287,15.25013710675892,1.0153527544099572,False
boltz2,SASDSB9,folded,281,4.225728150563552,1.470236325830693,,0.2620107630078181,population,20.682620208733027,20.24449895083238,0.9788169364674765,True
boltz2,SASDSG5,partly disordered,150,45.6403776976561,39.44276776526962,,,unresolved,24.58172062202605,37.12521436178445,1.5102772882594315,True
boltz2,SASDSG7,partly disordered,225,21.76079636084347,12.969049770855856,,,unresolved,40.3574174868092,22.1678899060159,0.5492891093257259,True
boltz2,SASDSJ9,folded,299,0.9305862146857772,0.92577025962906,0.9999999852857568,0.9999999852857568,fits,25.779832818133983,26.062861781166017,1.0109786966047718,True
boltz2,SASDSL2,folded,181,1.1947954735961637,1.0435560423592225,,0.9999280379056266,fits,18.70756279369023,17.45174542347716,0.9328711396528554,True
boltz2,SASDSN2,partly disordered,78,36.13436676546056,2.1698157595008443,,,unresolved,23.52238608393864,13.337605562338368,0.5670175429798527,True
boltz2,SASDSP6,partly disordered,332,34.967074142295175,10.548776770482377,,,unresolved,45.32003508637248,21.88634507420668,0.48292868777561476,True
boltz2,SASDSQ7,partly disordered,425,103.3439327877648,32.13588327110557,,,unresolved,30.68807705963309,25.402459533536916,0.8277631564915208,True
boltz2,SASDSQ9,folded,181,1.1446698314033554,1.0938035237045145,,0.9999982916057976,fits,18.036771357038045,18.230858327401748,1.0107606270835146,True
boltz2,SASDSS6,partly disordered,376,59.461443049619945,25.526156014349887,,,unresolved,45.78468967287291,22.9758186343332,0.5018231814716483,True
boltz2,SASDSU5,partly disordered,173,90.75048145626248,2.6063693556296417,,,unresolved,21.406196975446143,18.75004033749556,0.8759164628356305,False
boltz2,SASDSV2,partly disordered,70,11.670189787021124,1.368123469472906,,0.0595164371705817,population,18.0222942114448,15.971286980619672,0.8861961076230425,True
boltz2,SASDSV6,partly disordered,187,1.851463418928584,0.9403514300429642,0.1303070704247809,0.9959644343012354,fits,25.263349986622327,20.57025642908551,0.8142331258514035,True
boltz2,SASDSV9,partly disordered,255,28.310036188670264,19.681571009741837,,,unresolved,31.767099566376483,20.33054971281845,0.6399875969267613,True
boltz2,SASDSX6,folded,184,1.8115411700283577,1.333553784447474,,0.9996420769037864,fits,22.509096576227357,21.05786876031244,0.9355270518743249,True
boltz2,SASDSZ8,partly disordered,198,8.933112274919365,4.392226801932152,,,unresolved,26.42961129668143,20.016790970236485,0.7573622913156444,True
boltz2,SASDSZ9,disordered,80,153.05784085595397,47.965072910097945,,,unresolved,26.355636594609223,12.880284971822,0.4887108275903505,True
boltz2,SASDT25,folded,377,1.304474965639903,1.256462841159342,,0.99999987421392,fits,39.57807578328492,25.0252029947194,0.6322996381064169,True
boltz2,SASDT45,partly disordered,218,42.6098784723732,27.32412390114057,,,unresolved,33.589216805493976,29.936037281591567,0.8912395146020529,True
boltz2,SASDT75,partly disordered,349,15.649735874949844,1.3517735703829423,,0.0622750689304421,population,31.300107262558324,27.775153245220967,0.8873820467205248,True
boltz2,SASDT85,partly disordered,369,27.33415417188928,6.351155458949238,,,unresolved,30.568120068067515,28.73854849446892,0.94014772352619,True
boltz2,SASDTA2,disordered,80,267.49124098365286,202.59042836162456,,,unresolved,22.53150109032888,11.625976552895592,0.5159876612875016,True
boltz2,SASDTE2,partly disordered,449,18.907453123979412,14.969417576573871,,,unresolved,48.74204099460493,54.45911172954056,1.1172923951947034,True
boltz2,SASDTH2,partly disordered,305,9.687859266301931,2.938726667652966,,,unresolved,23.42879596042196,22.040315112517572,0.9407361415307071,True
boltz2,SASDTP5,partly disordered,440,902.4414118828508,842.6265448949348,,,unresolved,36.39055865597784,47.70575715941061,1.3109377520252503,True
boltz2,SASDTQ2,folded,231,6.191359442983423,1.2946749084128453,,0.329851576071463,population,18.832074139431395,18.589601573398028,0.9871244896213706,True
boltz2,SASDTQ5,partly disordered,327,7.640839831121386,7.640839831121371,,,unresolved,27.247743965286617,22.821281303553786,0.8375475537581348,True
boltz2,SASDTR5,partly disordered,168,1.622218625626014,1.6222186256260145,,0.9999999999999996,fits,30.47208928230184,17.84252513771527,0.5855366519970848,True
boltz2,SASDTS5,partly disordered,177,27.363585426413835,15.731696897522628,,,unresolved,22.123223122068904,16.59124517278863,0.7499470163657175,True
boltz2,SASDTU2,partly disordered,400,3.2119693364786004,2.4903965621450896,,,unresolved,31.65433596798184,29.78763755356512,0.9410286661421401,True
boltz2,SASDTU7,partly disordered,281,3.69402902257161,1.3655585360299396,,0.4847152343602433,population,33.431462555760696,30.51600361202245,0.9127929584631387,True
boltz2,SASDTX8,folded,120,1.0407184617467826,1.0038964275917712,,0.9999683564910212,fits,14.86711228909389,14.95872076810542,1.006161820616552,True
boltz2,SASDTY8,folded,274,1.0061010418618892,0.9983947266052714,0.1654357119049996,0.9999997319299524,fits,20.538675937569227,20.175063487612388,0.9822962078440645,True
boltz2,SASDU37,disordered,114,238.8663345597634,200.98239411814325,,,unresolved,34.32186712621504,15.287616965042616,0.44541915242617836,True
boltz2,SASDU52,folded,329,4.22887122200986,4.021567094938265,,,unresolved,26.575514957447503,23.429067947773728,0.8816035356337651,False
boltz2,SASDU63,partly disordered,113,25.54461218478681,1.3087862768811271,,0.2110747446124989,population,26.724696513501627,22.192149777270224,0.8303985703283288,True
boltz2,SASDU67,disordered,138,334.92150425440906,30.49614562175282,,,unresolved,33.7676215019629,15.872105874078006,0.4700392022919164,True
boltz2,SASDU78,folded,388,6.063670483270768,2.529688995348576,,,unresolved,22.704915920206776,22.337126875921623,0.9838013474448575,True
boltz2,SASDUA2,partly disordered,165,44.18342758486786,9.307457584032178,,,unresolved,21.538223153890417,17.000313366838295,0.7893089994179745,True
boltz2,SASDUG3,partly disordered,283,255.52871562417303,35.37385317392806,,,unresolved,29.15323482319129,21.85338398915158,0.7496040875631165,True
boltz2,SASDUH4,partly disordered,99,2.0025063156619565,1.1636096518813746,,0.9998958249019458,calibration,20.384643855307846,17.279727610996623,0.8476835667892844,True
boltz2,SASDUK2,folded,388,11.10081836255054,4.692040201492396,,,unresolved,29.20039733438655,23.472705186966827,0.8038488284310172,True
boltz2,SASDUL2,folded,287,4.320637044986825,3.967124265383504,,,unresolved,23.386662922140715,21.28627770497436,0.9101887591162966,True
boltz2,SASDUL9,disordered,76,438.1184180898452,14.558962247480318,,,unresolved,25.490139065991244,15.596149133688655,0.6118502960423987,True
boltz2,SASDUR3,disordered,51,171.50543147993358,119.58905148567833,,,unresolved,20.82789397547116,12.478777793445252,0.5991377624709155,True
boltz2,SASDUS9,partly disordered,159,46.43684235653979,44.526518475226815,,,unresolved,30.681734540791947,15.46681477839444,0.5041049670067062,True
boltz2,SASDUV3,folded,453,1.3508630946490672,1.1255518617646163,,0.9999563608523608,fits,34.6364194493831,33.47965517926016,0.9666026601908605,True
boltz2,SASDUW6,folded,239,1.027188410981417,0.988193255451753,0.3552405946178472,0.999973847435652,fits,26.026228222674646,26.24873303308245,1.0085492530267584,True
boltz2,SASDUX6,folded,172,1.2944317151943685,1.0519865936375683,,0.9993930197964525,fits,22.211930808762325,21.12122857896948,0.9508956587708,True
boltz2,SASDV46,disordered,130,40.26168884386573,35.83422893360447,,,unresolved,33.81936850990636,16.3527367156721,0.4835316990286812,True
boltz2,SASDV64,folded,249,1.6457521230701808,1.5602957796686063,,0.9999892828000648,fits,20.66752056167986,19.79916996544251,0.9579847716301596,True
boltz2,SASDV74,folded,80,2.3861570116984216,2.1934115165908685,,,unresolved,14.08041935723002,13.460158614845202,0.9559487024748076,True
boltz2,SASDVA8,partly disordered,221,3.656530738122724,1.9534047897987523,,0.0166370472324076,population,22.12293278099644,18.935517917628893,0.8559225896981647,True
boltz2,SASDVK2,folded,223,1.3935144977815794,1.35703377610514,,0.9999995920752556,fits,18.663984889649686,17.54488699113375,0.9400397125730345,True
boltz2,SASDVL5,disordered,62,59.24459840612564,1.174765040190086,,0.0619112929504427,population,22.515081103785832,15.925855138314864,0.7073416731169131,True
boltz2,SASDVL7,partly disordered,114,31.71885523544248,1.41438833788199,,0.0347598066278241,population,19.753090206209997,16.403277889669404,0.8304157839826259,True
boltz2,SASDVN2,folded,211,1.1556877598090556,0.8169070788676169,0.935571444597368,0.9984712935769676,fits,24.693000068151267,22.93010760969789,0.9286076032240759,True
boltz2,SASDVQ7,disordered,203,19.212013287154097,9.77467066396901,,,unresolved,47.21996125949661,26.436858796955644,0.5598661687092937,True
boltz2,SASDVR6,folded,297,1.152961289489829,1.067376091736291,,0.9999765145093612,fits,26.60592993883429,25.979384179962576,0.9764508979647728,True
boltz2,SASDVT4,partly disordered,365,1.2858538335219072,1.135147091198464,,0.9999548232848784,fits,38.40668108786685,34.14852811495431,0.8891298895842957,True
boltz2,SASDVT5,partly disordered,427,3.363673986423506,2.234203683494264,,,unresolved,25.31770607776811,23.36915590521535,0.9230360694382255,True
boltz2,SASDVV6,partly disordered,74,2.6575240809506444,2.306124747504024,,,unresolved,28.341010059830506,29.496892918028134,1.0407848152115062,True
boltz2,SASDVX5,folded,464,2.088922655232045,1.0343159441375618,,0.979688637105455,calibration,24.40596585354083,23.58133882020117,0.9662120713317305,True
boltz2,SASDVX6,partly disordered,215,12.0762859515852,7.396990808017651,,,unresolved,23.64694306192277,19.705106485903904,0.8333046023878594,True
boltz2,SASDVZ8,partly disordered,150,1.5241248861681949,1.017906669477288,,0.9998239644894036,fits,17.5317001270869,17.122149414158407,0.9766394183131317,True
boltz2,SASDWA3,folded,385,30.988573879955425,28.021628119498736,,,unresolved,19.81080023035202,21.89023129609472,1.1049645164033715,True
boltz2,SASDWG9,folded,111,1.2368024247586122,0.8613884063637641,0.0718475067923112,0.9999888237714132,fits,16.041263311539243,15.403306128809287,0.960230240577683,True
boltz2,SASDXK3,folded,357,17.275971673774855,12.924784901578006,,,unresolved,19.30717223931749,19.10908767577323,0.989740363783523,True
idpfold,SASDA25,folded,119,6.712983560568254,1.814895293272558,,0.0699375256785021,population,20.00630079579755,26.24108219460693,1.3116408906597583,True
idpfold,SASDA37,partly disordered,215,115.09440855347808,31.572438628062685,,,unresolved,45.28185502700023,47.847137579604514,1.056651445729745,True
idpfold,SASDA46,partly disordered,231,14.613737013425666,1.2848055433522088,,0.0716034646626001,population,29.81601980228154,30.961224844038775,1.038409051555218,True
idpfold,SASDA96,folded,129,1.1177768685355465,1.0538195372158845,,0.999917318414342,fits,15.170752563999155,15.279064275771422,1.0071395081631807,True
idpfold,SASDAG8,folded,189,82.52921187560008,1.1589433915607807,,0.175290964903308,population,22.993548285443527,25.107898937165345,1.091954083183427,True
idpfold,SASDAK2,folded,154,356.2274560436977,11.233103195792792,,,unresolved,16.32860764335442,22.24885938442441,1.362569293743761,True
idpfold,SASDAN2,folded,150,1095.5119604433,87.89497039834275,,,unresolved,16.28254805251888,24.177846429541862,1.484893295051667,True
idpfold,SASDAQ2,folded,76,1.6621415175101644,1.0600890198959143,,0.9896281272324656,fits,13.127914861296814,14.014305681598524,1.0675195436340719,True
idpfold,SASDAR3,partly disordered,205,63.389899357225794,1.692605338938507,,0.0371548873741056,population,22.07366086293452,22.94737227567928,1.0395816270880502,True
idpfold,SASDAT3,folded,194,173.87369803497364,19.57588015277522,,,unresolved,20.742034504696942,28.399677012657374,1.369184734806337,True
idpfold,SASDAW6,folded,134,17.200771930426765,1.3397302270767562,,0.3133026347521976,population,17.948798426541245,18.72910879570551,1.0434742399251866,True
idpfold,SASDAX6,folded,106,226.21093413289796,1.0631195810868237,,0.1218357643682143,population,15.405752795665975,21.16013422342659,1.3735215996312407,True
idpfold,SASDAZ4,folded,243,4.16902345976844,1.689604362849288,,0.1746337830304488,population,29.6991358606513,38.839453547419446,1.3077637588398068,True
idpfold,SASDB43,folded,228,1231.404468414653,12.55896389967725,,,unresolved,29.216061897427977,37.90536464665075,1.2974152635536322,True
idpfold,SASDB84,disordered,153,240.23339747069755,9.95093844245787,,,unresolved,17.42062469296394,25.05907936626317,1.438471915211189,True
idpfold,SASDB85,partly disordered,179,67.21844871259755,11.678845101933266,,,unresolved,16.98135065294012,24.241894016735756,1.4275598279656607,True
idpfold,SASDBB3,folded,140,5737.940163533015,9.304028467299112,,,unresolved,21.075252027461502,32.19235347401824,1.5274955398906223,True
idpfold,SASDBD9,folded,274,3.1425347910497323,0.9323979434345708,0.5844934672982843,0.9545394246709252,calibration,24.36362591441428,24.218362017009863,0.9940376732956455,True
idpfold,SASDBG6,folded,140,1.2660269098083357,0.9984607237023816,0.0316008491490685,0.999925532776684,fits,23.58809657263261,22.40568898067152,0.9498727000578358,True
idpfold,SASDBK6,folded,133,116.716457711452,1.1497783868712397,,0.035013802544399,population,18.99073112008637,22.993665083052875,1.210783562657713,True
idpfold,SASDBM9,folded,161,5.150538251578281,5.150538251578279,,,unresolved,19.88910293174276,27.69730477723945,1.3925869292493276,True
idpfold,SASDBN2,folded,152,4.0145510966425295,1.2146700809615003,,0.8687573820083304,calibration,19.47797849942821,22.564094900358995,1.158441308528058,True
idpfold,SASDBP2,folded,228,16.226800028027924,1.5531111279750227,,0.0469200885558477,population,24.623705434894923,28.64450197965198,1.1632896622885636,True
idpfold,SASDBP4,folded,229,221.06247938445867,3.310067223812537,,,unresolved,20.67929229890567,25.135196427017743,1.215476625781235,True
idpfold,SASDBQ3,partly disordered,164,37.79094472942976,6.552490304848715,,,unresolved,19.58249808868201,25.43518263547968,1.2988732346758312,True
idpfold,SASDBT2,folded,162,365.5479771572438,2.7117899534543706,,,unresolved,17.89105911617694,24.13462161258662,1.348976684715345,True
idpfold,SASDBU7,partly disordered,276,239.040217661762,9.881236392932404,,,unresolved,26.04951407052525,32.32951279397399,1.24107930406865,True
idpfold,SASDBV9,folded,111,51.05039881218284,1.1083700038643856,,0.1269022524828214,population,17.559892250862447,19.234476149186456,1.0953641329001755,True
idpfold,SASDBW2,folded,210,586.5435743551972,8.067283875506279,,,unresolved,22.081653813163623,25.34104917408937,1.1476064876527823,True
idpfold,SASDBW3,folded,248,2.90045418709004,1.1117279087210556,,0.6433091530602056,calibration,23.21429075330823,27.54407373189912,1.1865136878228277,True
idpfold,SASDBW9,folded,211,98.98895187054188,7.522904816654802,,,unresolved,26.370021531790638,29.21019301243326,1.1077045567527741,True
idpfold,SASDBX9,folded,110,4.969738492470557,1.2526041100097105,,0.5629960638585125,calibration,27.485297787609426,22.04635166058494,0.8021143460386154,True
idpfold,SASDBY5,disordered,217,5.096376650035412,5.096376650035407,,,unresolved,50.84005024313629,42.76591607917719,0.8411855589177125,True
idpfold,SASDBY9,folded,226,170.82776176773612,11.642523708263738,,,unresolved,28.006876077328062,30.475386640436607,1.0881394467663188,True
idpfold,SASDC36,folded,219,22.26962381764747,8.764809546435101,,,unresolved,21.21498197914088,24.16992685034869,1.1392857591919328,True
idpfold,SASDC46,folded,193,8.843677002307087,1.273492129267804,,0.1223714713157737,population,20.314017426953896,25.32150511943752,1.246504056151856,True
idpfold,SASDC53,disordered,98,15.70513017091566,1.1278794213036138,,0.472507225638686,population,26.86851677293757,22.6393244155922,0.8425967315916342,True
idpfold,SASDC55,folded,159,8.713366216061551,1.64689767372665,,0.2213784494984817,population,24.980177461519016,26.079176345039283,1.043994838916306,True
idpfold,SASDC62,disordered,49,6.145987298876115,1.2646526744896929,,0.0353657768600366,population,16.48168929049662,12.085227702854665,0.733251761384862,True
idpfold,SASDC88,folded,155,12.88776591244268,12.887765912442678,,,unresolved,17.006544687603014,23.931894393076877,1.4072167411244991,True
idpfold,SASDCA6,folded,87,8.666354757004457,0.999124167825914,0.1095777106540242,0.7457048476419565,calibration,15.292585504608953,16.811467842949032,1.0993214873889252,True
idpfold,SASDCD3,folded,275,41.10925065733974,1.1613095541890768,,0.1072183401706251,population,26.98146096984308,29.58435502883181,1.0964697227439966,True
idpfold,SASDCD6,folded,131,173.75125169238314,18.386459610802135,,,unresolved,22.96770400298687,28.286975196871214,1.2315978642528913,True
idpfold,SASDCG6,folded,171,160.46951692004984,3.808911145588001,,,unresolved,18.510789645644085,25.23922500645432,1.3634872141931316,True
idpfold,SASDCH7,folded,126,76.90261603709895,3.1283381663467016,,,unresolved,17.1827902985935,20.84691415755781,1.2132438210145786,False
idpfold,SASDCJ6,folded,288,47.663861497876766,2.8128014405513646,,,unresolved,22.62082201980893,24.88003486076612,1.0998731539896653,True
idpfold,SASDCL2,folded,243,16.977649084170285,3.5036970867510684,,,unresolved,24.00465763504737,27.394354103870587,1.1412099485174152,True
idpfold,SASDCN9,folded,267,36.14671667578568,7.242282702761314,,,unresolved,24.79501819170556,34.6395239910709,1.3970356352736426,True
idpfold,SASDCP5,partly disordered,148,102.02461315580872,3.674223805294501,,,unresolved,20.956718479288742,23.32026499008633,1.1127822809250145,True
idpfold,SASDCP8,folded,211,105.86851823250012,8.663040486532331,,,unresolved,22.93091321979196,22.255031435404923,0.9705253001522994,True
idpfold,SASDCY4,disordered,254,361.78968092612246,6.399086299714571,,,unresolved,51.313714114923606,48.52837476012228,0.9457193967958897,True
idpfold,SASDCY9,partly disordered,100,5.595138786203217,0.984090308462416,0.1472614838351031,0.5778066302920899,calibration,22.587071094653734,23.60505547306019,1.0450693396297588,True
idpfold,SASDD43,folded,187,114.7479428211357,114.74794282113568,,,unresolved,17.47467396485706,21.530253480637604,1.2320832722794504,True
idpfold,SASDD88,folded,91,2.1715782197209177,1.238583260544183,,0.0178265651466162,population,16.107537299224845,17.600837883685262,1.0927081872740583,True
idpfold,SASDDD9,folded,137,78.19545502886659,9.646579976419003,,,unresolved,18.9559063984566,26.261983285838063,1.3854248239997813,True
idpfold,SASDDE3,partly disordered,122,249.50772848199685,5.41337149712827,,,unresolved,20.050288437478446,25.105721800204,1.2521376876192876,True
idpfold,SASDDE8,partly disordered,235,12.296937151347704,1.2700889907392434,,0.130813401945715,population,23.67302564056997,29.05434767792713,1.2273187263454337,True
idpfold,SASDDF5,folded,246,273.7625293362979,3.222160727366963,,,unresolved,21.159297294326983,26.672165716234822,1.2605411864686968,True
idpfold,SASDDF6,disordered,169,24.75147090614648,0.8429354621988198,0.534406677812406,0.7814507238311669,calibration,33.0817807556,33.063432906910286,0.999445379049415,True
idpfold,SASDDH6,folded,205,30.112538093789496,2.172324361976483,,,unresolved,23.994398950281724,24.85119061741172,1.0357079862223404,False
idpfold,SASDDJ2,folded,77,1177.7407811369962,33.43221897187842,,,unresolved,12.912102146071629,24.092416392172016,1.8658787019820688,True
idpfold,SASDDK7,partly disordered,170,14.816929542510616,1.0078077315442284,,0.2939758380377846,population,25.925220018303506,27.53359675072311,1.062039077442123,True
idpfold,SASDDL7,folded,128,440.633013818092,19.480078393586744,,,unresolved,17.262606206058717,18.78535976404546,1.088211104384244,True
idpfold,SASDDM6,folded,264,1177.2247148365116,213.89140206175765,,,unresolved,21.37655988307354,31.05948838873144,1.45296944684374,True
idpfold,SASDDU2,folded,295,62.733638287621005,1.4784079792325349,,0.0343924509618225,population,25.46205310952465,28.88737661611162,1.1345266028569256,True
idpfold,SASDDX4,folded,176,5.170376559716565,5.170376559716565,,,unresolved,19.3097639183258,23.64782278767771,1.2246562354516881,True
idpfold,SASDE27,folded,178,52.29784900762585,13.87315110006892,,,unresolved,18.133308154127636,27.92132107636511,1.5397808739057608,True
idpfold,SASDE34,folded,144,9.789361602863314,1.0805483139757377,,0.5307597535220615,calibration,15.856130142325917,19.81984404963106,1.2499799050415534,True
idpfold,SASDE48,folded,97,468.9866897696658,56.21140363948366,,,unresolved,15.032904410734933,22.34104459544745,1.4861429292062687,True
idpfold,SASDE53,folded,41,2.9123176394472345,2.9123176394472345,,,unresolved,20.25713490851255,13.860283809325765,0.6842173817730428,True
idpfold,SASDE73,folded,60,6.576277311048937,1.106817448211039,,0.1458429319905788,population,24.65670447026993,18.24353240534116,0.7399014911882682,True
idpfold,SASDE93,folded,109,8.224489480398,3.845529524120333,,,unresolved,35.365598779422015,23.699221860007512,0.6701207579665595,True
idpfold,SASDEB3,disordered,153,13.340153581935883,4.6048118784759575,,,unresolved,28.51132254398601,44.245262201005325,1.5518488184034847,True
idpfold,SASDEC3,disordered,178,3.4076132845807514,3.4076132845807514,,,unresolved,39.78520287110585,44.07313822136304,1.1077771392582572,True
idpfold,SASDEC9,folded,257,189.2456311843144,17.054192031801783,,,unresolved,21.970055854390587,29.941479100509937,1.3628312690213897,True
idpfold,SASDED2,disordered,267,73.47007079332417,1.3447219851575003,,0.0643361528697734,population,36.30915034712512,37.73384174913439,1.0392378061284508,True
idpfold,SASDEE2,disordered,187,55.19114251696743,15.179156030315438,,,unresolved,30.247748697212263,40.876600436952245,1.3513931514750905,True
idpfold,SASDEE9,partly disordered,186,107.40770347521496,5.085658701398887,,,unresolved,22.078610169930293,25.87577275807405,1.1719837688567578,True
idpfold,SASDEK2,disordered,38,1.0192405348806304,0.9891621177054928,0.6969561228081883,0.9999683209343944,fits,16.12422647527856,15.445019009644826,0.9578765861001092,True
idpfold,SASDEK4,folded,182,36.69023102384016,1.6974069919500745,,0.0201120597626139,population,17.159021117375257,20.873602503069037,1.2164797956879014,True
idpfold,SASDEK7,partly disordered,171,154.1518244362316,127.78212159735716,,,unresolved,20.75218114517911,28.15619687640089,1.356782531890234,True
idpfold,SASDEP2,disordered,46,1.0425281264483792,1.0003633495344777,,0.9999328868080984,fits,22.634801619670057,24.4232096997316,1.0790114316048338,True
idpfold,SASDES5,folded,121,80.92523883963081,1.1678066437120005,,0.0835536524130421,population,15.427782572257197,20.472086562978564,1.3269623464743545,False
idpfold,SASDET2,disordered,99,4.153556626158907,4.153556626158903,,,unresolved,29.979239477627683,32.00497771892768,1.0675713686069896,True
idpfold,SASDEW7,partly disordered,142,2.692427654361733,1.1158715731449111,,0.7047827902071883,calibration,22.05470139221025,25.071885120725582,1.1368045603909651,True
idpfold,SASDEX2,disordered,82,1.0864938960785473,1.0459485834519888,,0.9999658749125964,fits,32.14352574493883,29.061103378389763,0.9041044099826414,True
idpfold,SASDEX4,disordered,104,1.1912411860662964,0.9915323972251442,0.5671075296648889,0.999858737352224,fits,24.028155036690915,25.25341093275397,1.050992508338326,True
idpfold,SASDEZ2,disordered,114,1.7923410148989476,1.1082878039777797,,0.9887953163923592,fits,30.429286463023903,27.611838745409184,0.9074099972393919,True
idpfold,SASDF27,disordered,98,1.499862657106566,1.499862657106566,,0.9999999999999992,fits,27.47333873499298,26.117896804867417,0.9506633706518122,True
idpfold,SASDF34,disordered,271,6.9407583295796105,1.122326004362838,,0.4477326013822429,population,46.21389424619515,45.11651652567543,0.9762543767752255,True
idpfold,SASDF37,folded,89,22.169005094751657,6.0099510617847685,,,unresolved,18.744939526615312,21.920141751585668,1.1693898356120056,True
idpfold,SASDF38,folded,199,612.8434531068019,16.878951708874183,,,unresolved,27.52787754026244,32.592006502232934,1.1839636548282253,True
idpfold,SASDF52,partly disordered,259,20.319586660200866,10.839576245164013,,,unresolved,30.30809201467102,28.174028884492373,0.9295876781307901,True
idpfold,SASDF53,folded,274,24.82886584974887,0.9697294769554444,0.0449523054513186,0.1064444953119876,population,20.845797879662864,23.21249083195777,1.1135333349175303,True
idpfold,SASDFG8,folded,232,8.808169202403828,1.1778077790443795,,0.0759917321979552,population,20.239881279939794,21.13996711390501,1.0444709048198475,True
idpfold,SASDFJ8,folded,286,28.32642778758653,4.691904912992021,,,unresolved,20.52035990349926,22.62332693753037,1.1024819761408033,True
idpfold,SASDFK8,partly disordered,114,31.03964367427948,1.1303112056297664,,0.5585384110218824,calibration,29.595169813517817,31.865206484665723,1.0767029446173697,True
idpfold,SASDFP8,folded,260,632.1192927285429,38.90890640925543,,,unresolved,18.188052616508777,23.871161170764285,1.3124638285407813,True
idpfold,SASDG45,partly disordered,139,368.9412214019493,45.32132148635053,,,unresolved,16.849766656756046,23.249138013133223,1.3797899096609327,True
idpfold,SASDGA5,folded,219,71.42326164401881,5.266131589881787,,,unresolved,22.16437642566953,28.302868041862883,1.2769530483647669,True
idpfold,SASDGB5,folded,196,53.62890396301785,53.62890396301782,,,unresolved,27.275360520121342,26.40888829400293,0.968232418945326,True
idpfold,SASDGP5,partly disordered,163,10.33305034950257,0.9976053510501142,0.1132907206455254,0.579249195146038,calibration,26.669651342587773,27.187238774403514,1.0194073565179769,True
idpfold,SASDGQ9,partly disordered,195,211.7687294358988,51.504161708668114,,,unresolved,23.066039451520123,29.797785332753847,1.2918466299939533,True
idpfold,SASDGR2,folded,183,22.11735720289892,3.384533091950073,,,unresolved,21.391062863054877,27.9574721166571,1.3069697516032857,True
idpfold,SASDH24,folded,187,113.69503787461234,16.052529582026583,,,unresolved,18.05573254910537,19.120275363924907,1.0589587164034662,True
idpfold,SASDH64,folded,76,14.586839997297774,1.1191953317363226,,0.3796004534187758,population,13.681804641474075,17.241922403541356,1.260208200260029,True
idpfold,SASDH84,folded,135,76.54521813234486,6.004821122902803,,,unresolved,21.196169696143176,26.497950857476976,1.2501292090664147,True
idpfold,SASDH95,partly disordered,259,119.7246099317302,2.8326291205830585,,,unresolved,26.475632479482893,31.03356407583108,1.172155720921127,True
idpfold,SASDHC9,partly disordered,75,3.3823320728438837,2.342533141393337,,,unresolved,28.2032077935802,31.838472753232978,1.128895442896402,True
idpfold,SASDHD5,disordered,220,38.19033169053557,1.1666752532255884,,0.0770672491615154,population,27.059185579063584,34.32320856171967,1.2684494313929555,True
idpfold,SASDHF8,partly disordered,24,2.369912936355689,1.0450535088749673,,0.929011897426849,calibration,13.6809685461946,14.300202654941064,1.0452624466356737,True
idpfold,SASDHN7,folded,113,6.122363625324836,1.1043731591727568,,0.3092974959883156,population,16.081264925213397,21.33573653126431,1.326744919040079,True
idpfold,SASDJ28,folded,245,206.59321724249943,5.892309583874151,,,unresolved,21.42812517432333,25.980454386081696,1.2124464541215805,False
idpfold,SASDJ83,partly disordered,179,62.57716515152091,3.4863698979117923,,,unresolved,20.498015278706884,27.31879324716985,1.3327530922249002,True
idpfold,SASDJ84,folded,215,48.4718512612081,42.47739760303142,,,unresolved,26.942580072956943,30.652589227945857,1.1377005893623662,True
idpfold,SASDJ86,partly disordered,208,1.9197116505789915,1.1201066860585205,,0.998947082416544,fits,34.367166745239295,29.11880995077062,0.8472857296216976,True
idpfold,SASDJ93,folded,272,224.82270755395768,37.98128552275126,,,unresolved,21.546828718851675,28.497570584049942,1.32258769751657,True
idpfold,SASDJ94,folded,216,68.55172320354673,61.834126271924845,,,unresolved,21.07953022174192,29.32464716105581,1.3911432964862607,True
idpfold,SASDJA4,folded,270,51.87539826776997,4.527957888559238,,,unresolved,23.35230091111216,27.499830356794284,1.1776068859967683,True
idpfold,SASDJA5,folded,172,11.57422465455045,1.1272503430195684,,0.2826490587778803,population,22.821354484439723,23.89776890919627,1.0471669823756726,True
idpfold,SASDJB9,partly disordered,82,1.0182634538945772,1.008655399550932,,0.9999997327552318,fits,20.1044359700569,19.545004924242395,0.9721737507758134,True
idpfold,SASDJC4,folded,290,114.59053468234988,4.692477607785238,,,unresolved,24.327093149238344,28.7822135716976,1.1831341046432726,True
idpfold,SASDJE2,partly disordered,34,1.5117921620285688,1.1096070695581053,,0.99286654736504,fits,15.554020967405588,15.549826206448314,0.9997303101901389,True
idpfold,SASDJE4,folded,249,4.235806067465275,1.9038703670560555,,0.0351196613921421,population,25.909675879746903,23.56363326483923,0.90945303114573,True
idpfold,SASDJF5,folded,203,116.84847343208614,2.477262032260311,,,unresolved,20.867592073543776,22.38290837287109,1.0726157715747402,True
idpfold,SASDJF6,partly disordered,78,2.4085723904958067,0.9682250179270264,0.4249396732646737,0.9738838598779328,calibration,23.063329812643,24.62062025140346,1.067522359148104,True
idpfold,SASDJG2,partly disordered,20,2.9371324571668174,1.0106112593681786,,0.8557033927685613,calibration,12.209201840057158,11.328812846099222,0.927891355594641,True
idpfold,SASDJG4,folded,261,2.529233410973002,2.529233410973003,,,unresolved,28.54921955880945,26.24581632595214,0.9193181716189315,True
idpfold,SASDJG6,disordered,40,17.972852030395604,1.9257892110920805,,0.0155480687189799,population,9.424330958943306,16.1345047111315,1.7120053170268295,True
idpfold,SASDJH6,disordered,51,25.316007173943287,1.0022856933348183,,0.2496485524770759,population,18.877000305256832,21.252515090285332,1.1258417516880037,True
idpfold,SASDJJ4,folded,200,11.020284916319278,1.0616918695889208,,0.2534348852466209,population,18.021652342435598,21.56315824427112,1.1965139397066458,True
idpfold,SASDJJ6,disordered,191,22.16338164847954,1.6023131168092228,,0.0597652157014411,population,33.94387746943146,26.376352896549204,0.7770577454005578,True
idpfold,SASDJK6,disordered,209,23.730543396889537,2.0178330081410767,,,unresolved,38.21268048362726,33.843864101514534,0.8856710304846422,True
idpfold,SASDJL9,folded,87,52.45969493426817,1.9922776027774332,,0.0109774145221563,population,15.300948556562718,21.964088008190576,1.4354723125168587,True
idpfold,SASDJR3,folded,271,1.2036009051186305,0.9683823194539284,0.1567270480052542,0.9998319934556884,fits,24.42216965471741,24.24893452000493,0.9929066443660947,True
idpfold,SASDJT7,disordered,180,22.809078067279703,1.966965741490306,,0.0446503361355352,population,35.034740281753216,28.267341723738497,0.8068374846340929,True
idpfold,SASDJV9,partly disordered,138,3.511878573776229,1.3446977331562049,,0.4393808245205901,population,,20.251892481361065,,False
idpfold,SASDJX3,partly disordered,190,16.333730311090036,1.2543018066501228,,0.1919169301587183,population,29.754457105952124,27.451788291158216,0.922610961894066,True
idpfold,SASDJY2,folded,182,23.57042727193652,23.57042727193652,,,unresolved,20.52939705686798,23.061605754504605,1.123345497708589,True
idpfold,SASDJZ6,folded,211,14.689836987366949,2.221230237620555,,,unresolved,24.451750623018825,26.961597066486885,1.1026448568923852,True
idpfold,SASDK52,folded,265,2.5141659431650583,1.1815291685427185,,0.4551594293077385,population,25.17459867980943,32.38848444494974,1.2865541515434762,False
idpfold,SASDK56,folded,223,1.9085363455413096,1.8582255309697815,,0.9905452471812066,fits,29.59217888512532,24.56815413867935,0.8302245750152814,True
idpfold,SASDK68,disordered,150,2.6875084500237807,2.6875084500237816,,,unresolved,35.81531059549425,30.49785558882997,0.8515312329210054,True
idpfold,SASDKD6,disordered,70,10.3912021013659,10.3912021013659,,,unresolved,23.98431280548197,27.502881471342587,1.146702917627742,True
idpfold,SASDKH8,disordered,173,4.229413786160324,1.1972361866406214,,0.3685999407283598,population,37.30106760782824,33.59692550548747,0.9006960835200494,True
idpfold,SASDKQ4,folded,253,33.348274460216686,9.126900016844155,,,unresolved,7.145788682210825,20.49188194209706,2.867686528865713,True
idpfold,SASDKU8,partly disordered,103,12.798141599484046,1.8350698519346809,,0.026996239694539,population,29.677099235126654,21.236097220440207,0.7155718640892154,True
idpfold,SASDKW7,folded,148,11.665490919759664,1.574982684512223,,0.025806650845238,population,21.35132996744245,29.39428042017222,1.376695525056006,False
idpfold,SASDKX6,partly disordered,91,6.429170914942586,4.655686663208583,,,unresolved,15.989334174188226,27.582036115039877,1.7250271846570002,True
idpfold,SASDL26,folded,273,5.119328672030599,0.92123644803773,0.08082015959306,0.2649176492895155,population,25.44953543642256,29.35581180888361,1.1534910679300854,True
idpfold,SASDLA5,folded,133,87.15964374134295,3.0981933671745083,,,unresolved,14.712126400542216,17.140752670778223,1.1650764956822626,True
idpfold,SASDLF3,partly disordered,252,73.51291491291168,24.284495898866357,,,unresolved,44.83394987044664,32.40822267629031,0.7228500448864746,True
idpfold,SASDLF9,disordered,133,8.560018228718693,0.9095861247940658,0.2018305679386081,0.3637848838942369,population,33.05699054942868,37.0482072903179,1.12073744991763,True
idpfold,SASDLH9,partly disordered,122,431.3189213036827,8.990963566921925,,,unresolved,28.04100093582992,27.026588865177448,0.9638239707286522,True
idpfold,SASDLJ9,disordered,62,39.75296530833068,0.9727430327026644,0.2079024309155781,0.6857439424228325,calibration,24.26268893160696,25.78103455890896,1.0625794458141882,True
idpfold,SASDLM9,folded,170,100.64227337667836,5.684341293474653,,,unresolved,22.12672289167008,25.710171820964614,1.1619511821447166,True
idpfold,SASDLQ3,folded,169,15.274190337830449,1.1210780321249745,,0.1258221558561492,population,17.217254134718086,20.360948826576056,1.1825897827411864,True
idpfold,SASDLR9,folded,78,1.2074688919045242,1.1680947048436776,,0.9999352983589376,fits,17.954227642777084,17.85829049581033,0.9946565706486767,True
idpfold,SASDLS4,disordered,255,45.38185528920769,2.842684723146561,,,unresolved,46.96046974149995,58.03481298882334,1.2358226676241435,True
idpfold,SASDM43,folded,119,18.59921460530361,1.03829458615901,,0.1023725688434245,population,16.597264852235362,21.75306664302336,1.3106416531091025,True
idpfold,SASDM53,folded,226,4.421595515317021,0.9492337122229026,0.0885015119039224,0.5794799760164415,calibration,23.63943417193286,25.46986716813744,1.0774313370993396,True
idpfold,SASDM55,folded,168,663.815819589758,81.86855093942276,,,unresolved,16.071404143587927,25.4780101541306,1.5853008191755085,True
idpfold,SASDM82,folded,83,1.8802518657134668,1.0479777384554847,,0.9944513157636028,fits,13.650494989494929,16.534418184476632,1.2112687633086636,True
idpfold,SASDM97,folded,274,74.39547328711083,74.39547328711083,,,unresolved,23.610050873932096,26.372942540315904,1.117021842991212,True
idpfold,SASDMA5,folded,60,4.120000694865944,1.1790575583878202,,0.3163342967094763,population,11.624823382481823,16.6253486275021,1.4301592446175038,True
idpfold,SASDMR3,folded,74,2.8628156580946973,1.3146160587869042,,0.9268299338289898,calibration,14.425685321559758,15.523133588113494,1.0760759882175965,True
idpfold,SASDMS3,folded,267,2.314854429187021,1.0328621657069283,,0.917580544896886,calibration,24.47108297670429,26.70144137068339,1.09114261089721,True
idpfold,SASDMU6,partly disordered,155,19.58176130283868,2.1041581217159746,,,unresolved,19.99741569871532,25.44562568864298,1.2724457035854722,True
idpfold,SASDMV6,folded,206,410.3293354028445,37.6984355211451,,,unresolved,21.91470894288421,26.724110014819427,1.219459956528277,True
idpfold,SASDMX9,folded,239,1289.450245095203,120.61794342720304,,,unresolved,20.9964756963414,28.206128029120837,1.343374404211832,True
idpfold,SASDMY9,folded,247,347.055312589601,6.790612101226907,,,unresolved,22.8870202401529,28.17519474446119,1.2310556135669743,True
idpfold,SASDN65,folded,197,806.718607848712,8.757472167396417,,,unresolved,18.998194594497605,27.728021051996024,1.4595082134818649,True
idpfold,SASDN68,folded,201,182.28116422568044,1.5146619093987077,,0.1000984077606404,population,21.21289085795956,24.655121615961832,1.1622707051599555,True
idpfold,SASDNB2,folded,105,13.838072917168004,1.288301096801437,,0.220911377732175,population,19.69670281019105,22.519429487535835,1.1433096038736144,True
idpfold,SASDNB7,folded,269,5.576960282517431,1.623553351522151,,0.0732116551374874,population,21.893309421628903,26.499762120261416,1.2104045857078918,True
idpfold,SASDNB8,partly disordered,209,22.625600063055767,6.439740550536068,,,unresolved,27.127106450979987,41.34995201282363,1.5243038208865005,True
idpfold,SASDND2,folded,105,1252.358005022041,24.09633342124353,,,unresolved,13.994978063716884,19.34504231540279,1.3822845757476663,True
idpfold,SASDNG9,folded,197,219.44429544533247,8.79470262856873,,,unresolved,18.47181282473149,20.062560532610423,1.0861175740016766,True
idpfold,SASDNM3,folded,224,12.360291130332284,1.047497605963266,,0.0832951109237494,population,29.43887111604568,31.62343732030653,1.074206860570484,True
idpfold,SASDNM8,partly disordered,94,24.172306642279622,1.2627233561080224,,0.0495178752346347,population,15.354238275873108,20.467386308241117,1.3330121586300088,True
idpfold,SASDP28,folded,240,88.11076105792931,3.438763688157113,,,unresolved,24.662468494373517,31.79201167572852,1.2890847354952135,True
idpfold,SASDP35,folded,190,27.520727017663063,6.0849865638107135,,,unresolved,,20.517893901758576,,False
idpfold,SASDP64,partly disordered,76,0.9818399757263616,0.972098873060712,0.9999904413885796,0.9999904413885796,fits,20.23475008941292,20.765978611835838,1.026253278151474,True
idpfold,SASDP79,partly disordered,144,1.2446827440357544,0.9629910983185488,0.1495503988250428,0.9999895157868114,fits,40.769709785313154,45.76305616113289,1.1224768682954553,True
idpfold,SASDP89,folded,269,1.2414256417206355,1.2148406601738089,,0.999955879981531,fits,29.856835907208463,33.17095201415391,1.111000245211694,True
idpfold,SASDP98,partly disordered,129,17.337658516184636,3.947661693471984,,,unresolved,18.537762519826856,22.028259272384176,1.1882911569734533,True
idpfold,SASDPA8,folded,200,237.0307164685225,104.49104223064576,,,unresolved,23.76856535732245,27.87901885077685,1.172936541674278,True
idpfold,SASDPB6,folded,215,11.597394644988618,11.597394644988617,,,unresolved,28.280849700507098,32.4339745003414,1.1468529002422383,True
idpfold,SASDPC7,folded,275,20.2326086229578,0.8525726208496257,0.1128931962171545,0.2629069044305998,population,22.834156289893933,24.169261833775764,1.058469668286922,True
idpfold,SASDPK4,partly disordered,115,3.172438176775579,1.088216238429392,,0.8271695447967707,calibration,22.187049998278656,24.046566982808248,1.0838109160376823,True
idpfold,SASDPW6,folded,79,1.7240375411602935,1.1508295296372602,,0.9925103593968276,fits,16.213247803097953,15.575612151996594,0.9606719357623386,True
idpfold,SASDPY2,folded,283,15.7041433636805,3.297496605830276,,,unresolved,24.515063971600608,31.197238821309423,1.2725742366999229,True
idpfold,SASDQ26,disordered,64,3.4161206279882417,0.9347531304436424,0.4577541029939685,0.9384165995922826,calibration,22.85731108078961,21.711670759692343,0.949878604834664,True
idpfold,SASDQ46,disordered,167,16.24135364237946,1.1677547664668373,,0.3130433904543481,population,40.64408934240888,41.510873350545694,1.0213262007381818,True
idpfold,SASDQ98,folded,203,99.3798563977023,2.168027134272134,,,unresolved,21.241458635343182,26.954191565493577,1.2689425913833012,True
idpfold,SASDQC5,folded,271,45.799989423310656,2.485978428658808,,,unresolved,26.196195073028512,28.92964449353989,1.104345284225102,True
idpfold,SASDQC9,folded,162,25.64372604474444,1.267707867957737,,0.0465051932633489,population,23.729502310347907,25.71218157765085,1.083553343908032,True
idpfold,SASDQD9,folded,117,95.29576916194084,6.494425917962703,,,unresolved,17.23434011170905,22.85023741703416,1.3258550817103614,True
idpfold,SASDQJ8,folded,287,58.96752072971995,10.830989246011384,,,unresolved,24.654485974188507,28.929941672430424,1.173414919407284,True
idpfold,SASDQK7,disordered,140,1.3596857929837234,1.3596857929837236,,0.9999999999999996,fits,51.87611231532393,31.970987654310907,0.6162949810112668,True
idpfold,SASDQN6,folded,126,6.717769328672668,1.8624260930552403,,0.0712161219909221,population,18.766244163069427,18.512279011492936,0.986466916375506,True
idpfold,SASDQN8,disordered,133,5.626813978510378,2.428385701425865,,,unresolved,32.42441892679268,34.68105817753934,1.0695969064500943,True
idpfold,SASDQU5,folded,161,12.24925377709356,1.0070729280689166,,0.3338028467356415,population,19.190921297957686,24.075122445960297,1.2545058192970855,True
idpfold,SASDR22,partly disordered,156,8.616211032316839,1.0305443427836465,,0.4808766563749531,population,27.064681138367387,28.23626164348548,1.043288169519841,True
idpfold,SASDR25,partly disordered,106,12.400853508284246,1.1061251970429151,,0.0713045465736957,population,16.312992745065422,19.87861686751013,1.2185757192544135,True
idpfold,SASDR33,folded,138,78.27094792642512,4.499915268250368,,,unresolved,15.895374007630393,21.09662322867131,1.3272177942176204,True
idpfold,SASDRA6,disordered,102,2.1147795935910305,0.984105247207487,0.7149131164985071,0.9874310496556324,calibration,26.117669783313424,27.492738179308525,1.0526489693530634,True
idpfold,SASDRF8,disordered,89,9.654789012453504,0.9944873937112376,0.1084835987465922,0.5269711800191968,calibration,22.58955470205852,24.095201351776502,1.0666523386395383,True
idpfold,SASDRG9,folded,78,25.2049518313551,1.0491006601214574,,0.3357002314453272,population,15.302929755611393,18.059093071744066,1.1801069050272561,True
idpfold,SASDRH9,partly disordered,214,28.73390848619966,1.2312613825574057,,0.063104515630161,population,25.72386639661517,30.441986351538564,1.1834141058804528,True
idpfold,SASDRJ6,folded,271,7.329925650240752,1.057043449288419,,0.1982145559205875,population,24.95230724951242,29.63773663180924,1.1877753962968045,True
idpfold,SASDRK5,folded,103,984.7336246374474,55.87244758404928,,,unresolved,15.55480963881323,23.289911048471307,1.4972803646762105,True
idpfold,SASDRN5,partly disordered,222,4.826062974937974,0.958427937533771,0.0921329489899726,0.5738780934192854,calibration,34.49980598363521,32.08887656536601,0.9301175948811765,True
idpfold,SASDRQ5,folded,114,130.09758017492504,13.919445212271247,,,unresolved,16.849223602078606,21.658504461482327,1.2854304134708274,True
idpfold,SASDRW6,partly disordered,109,8.929392338935903,1.341271533047892,,0.2180456834201977,population,20.46919693312436,19.807029271047497,0.9676505304902653,True
idpfold,SASDRW9,partly disordered,259,5.667977199389841,1.907702248700368,,0.0302943752104051,population,33.26849226349496,26.79461185159101,0.8054050553109181,True
idpfold,SASDRZ9,folded,86,2.5917337842864367,0.9767184435319642,0.1189177306181056,0.7631839066084481,calibration,14.587874826061986,20.83719575420028,1.428391455414298,True
idpfold,SASDS28,folded,270,75.77326430409649,37.09030003389445,,,unresolved,41.43007754776005,24.196267719288965,0.5840266094456575,True
idpfold,SASDSG5,partly disordered,150,1.9600080841026253,1.4382528873258478,,0.9899331027026634,fits,24.58172062202605,24.923178082002558,1.0138907062376483,True
idpfold,SASDSG7,partly disordered,225,5.265809742949313,1.88549958272487,,0.0185515486669436,population,40.3574174868092,30.81217272270675,0.7634822702116084,True
idpfold,SASDSL2,folded,181,3.751194151945104,1.2748048271412646,,0.2983298459602828,population,18.70756279369023,22.006773661983612,1.1763570650371493,True
idpfold,SASDSN2,partly disordered,78,1.6926173911380669,0.7638363842175624,0.8412610511837206,0.9851089524632524,fits,23.52238608393864,20.526694601005914,0.8726450848888065,True
idpfold,SASDSQ9,folded,181,19.60745299841937,1.284978138728428,,0.085662973921933,population,18.036771357038045,22.13935804412477,1.2274568217269035,True
idpfold,SASDSU5,partly disordered,173,112.48282595198052,1.2950856589661497,,0.1030349765754878,population,21.406196975446143,22.607567563952596,1.0561225606717755,False
idpfold,SASDSV2,partly disordered,70,19.17013407519768,1.8103990488765396,,0.0825732975960485,population,18.0222942114448,20.551455693826053,1.140335156706916,True
idpfold,SASDSV6,partly disordered,187,1.2286286353867402,0.9413758344725288,0.2845115705210636,0.9993011150696404,fits,25.263349986622327,23.52848566468553,0.9313288094074833,True
idpfold,SASDSV9,partly disordered,255,12.112822277935964,1.641750871556457,,0.0637301832745145,population,31.767099566376483,31.48815474117467,0.991219065353481,True
idpfold,SASDSX6,folded,184,55.95140513950074,1.3818767601153914,,0.0384633807016144,population,22.509096576227357,31.68916625397407,1.4078382109498835,True
idpfold,SASDSZ8,partly disordered,198,10.657840930773526,1.1719847714353235,,0.1677394888870008,population,26.42961129668143,28.071235472721387,1.0621130654405835,True
idpfold,SASDSZ9,disordered,80,2.48841054395259,1.1643229907673642,,0.9159845134439388,calibration,26.355636594609223,26.61687943576026,1.0099122189749905,True
idpfold,SASDT45,partly disordered,218,2.8589402170300726,1.077367340732173,,0.8976545274790121,calibration,33.589216805493976,31.358918898115007,0.9336007766928888,True
idpfold,SASDTA2,disordered,80,15.57506446446957,1.039163766400497,,0.2855922491887467,population,22.53150109032888,25.59055578206933,1.135767904653875,True
idpfold,SASDTQ2,folded,231,2198.4756497045623,34.74609368380899,,,unresolved,18.832074139431395,24.46696549735517,1.2992177768738282,True
idpfold,SASDTR5,partly disordered,168,1.301783788584084,1.301783788584084,,0.9999999999999996,fits,30.47208928230184,29.72518233759852,0.975488817396675,True
idpfold,SASDTS5,partly disordered,177,20.517265468007604,2.722123000359327,,,unresolved,22.123223122068904,30.461551778101857,1.3769038810495517,True
idpfold,SASDTX8,folded,120,9.829407114305388,1.0137655076492476,,0.1826183887533042,population,14.86711228909389,18.30520109716127,1.2312546472518047,True
idpfold,SASDTY8,folded,274,9.803586349763192,2.134256245284025,,,unresolved,20.538675937569227,23.6845489600382,1.1531682486267072,True
idpfold,SASDU37,disordered,114,2.089173385178853,1.0226156494080394,,0.9754227165417632,calibration,34.32186712621504,32.121064029613684,0.9358775241303705,True
idpfold,SASDU63,partly disordered,113,5.01435505035477,0.9501651250892176,0.2279710267134977,0.6954191839891207,calibration,26.724696513501627,25.14217446467049,0.9407842836295024,True
idpfold,SASDU67,disordered,138,10.802735729607331,1.0027786454153778,,0.6450882050407452,calibration,33.7676215019629,36.40117290509466,1.0779904324318097,True
idpfold,SASDUA2,partly disordered,165,62.005041323000114,10.311972064871318,,,unresolved,21.538223153890417,27.56074851402177,1.2796203436606846,True
idpfold,SASDUG3,partly disordered,283,142.34130243931162,17.65897471633635,,,unresolved,29.15323482319129,23.736540019945203,0.8141991845468508,True
idpfold,SASDUH4,partly disordered,99,1.1903900990898757,0.9849920243161834,0.1604527446711041,0.999948407149438,fits,20.384643855307846,19.927500626920597,0.9775741370988821,True
idpfold,SASDUL2,folded,287,52.07655720398236,1.465796665558807,,0.0219380887586042,population,23.386662922140715,25.799825274910475,1.1031854078884065,True
idpfold,SASDUL9,disordered,76,26.239504400301467,1.1410463724479034,,0.0773818952635836,population,25.490139065991244,29.145020824046856,1.1433841435150085,True
idpfold,SASDUR3,disordered,51,2.3195646604304274,1.0073831421046644,,0.9806013085361412,calibration,20.82789397547116,20.77136563935773,0.9972859312525787,True
idpfold,SASDUS9,partly disordered,159,3.3885246753222567,1.097203845931536,,0.631937896548337,calibration,30.681734540791947,24.402304254442694,0.7953365290348682,True
idpfold,SASDUW6,folded,239,68.73230040875221,6.8406713951089415,,,unresolved,26.026228222674646,30.696670977450054,1.1794513870706171,True
idpfold,SASDUX6,folded,172,11.867073407360383,1.888901856598313,,0.0135600408915257,population,22.211930808762325,25.99206541722223,1.1701848723105461,True
idpfold,SASDV46,disordered,130,2.603058010133749,1.0693924838601654,,0.9447913158894272,calibration,33.81936850990636,29.79530301485425,0.8810129913019109,True
idpfold,SASDV64,folded,249,3.702649691737645,1.2124996273890194,,0.6505490108075986,calibration,20.66752056167986,21.920478335442752,1.0606244842008785,True
idpfold,SASDV74,folded,80,36.85096577028681,1.3717888706994534,,0.0699443850159918,population,14.08041935723002,19.83719132374377,1.408849468219692,True
idpfold,SASDVA8,partly disordered,221,9.998369511682418,1.8368619882321904,,0.0294276297773058,population,22.12293278099644,25.765662532127177,1.1646585372378764,True
idpfold,SASDVK2,folded,223,11.552708214545513,3.200889766632477,,,unresolved,18.663984889649686,20.232582117937508,1.0840440687003396,True
idpfold,SASDVL5,disordered,62,1.9128320367807556,0.970976560039808,0.1308272293354465,0.9986063367881752,fits,22.515081103785832,21.702841142028426,0.9639246264309111,True
idpfold,SASDVL7,partly disordered,114,14.27263151910607,1.173416115682661,,0.1088563399722627,population,19.753090206209997,20.282986240045595,1.0268259815706713,True
idpfold,SASDVN2,folded,211,14.91012357251456,2.792363516845866,,,unresolved,24.693000068151267,30.140682733635803,1.2206164763475171,True
idpfold,SASDVQ7,disordered,203,2.418481495737664,1.1690280430879496,,0.8725705461833994,calibration,47.21996125949661,36.45406239357902,0.7720053431057737,True
idpfold,SASDVV6,partly disordered,74,2.575481588966411,1.4742883159259446,,0.2511187522002079,population,28.341010059830506,29.083899323157603,1.0262125189525282,True
idpfold,SASDVX6,partly disordered,215,20.97306992116332,1.0390793710218724,,0.0840152984456962,population,23.64694306192277,28.09253480867321,1.1879985812588565,True
idpfold,SASDVZ8,partly disordered,150,245.18025026734563,2.200364670837609,,,unresolved,17.5317001270869,22.378124094709587,1.276437763165641,True
idpfold,SASDWG9,folded,111,2.560080591315065,0.8131704958136314,0.7995942611920345,0.9887668140403084,calibration,16.041263311539243,17.727470262328026,1.1051168426102584,True
idpsam,SASDA25,folded,119,28.905246320498502,15.069772877245756,,,unresolved,20.00630079579755,12.778809264927306,0.6387392349719931,True
idpsam,SASDA37,partly disordered,215,731.4578664134656,731.4578664134654,,,unresolved,45.28185502700023,11.82361971915747,0.261111646422334,True
idpsam,SASDA46,partly disordered,231,268.6953514878245,195.09326788341517,,,unresolved,29.81601980228154,12.319246179903825,0.41317540911215617,True
idpsam,SASDA47,partly disordered,351,1060.1133808024017,1060.1133808024017,,,unresolved,71.9161936187573,11.118457725607051,0.1546029783576743,True
idpsam,SASDA96,folded,129,69.47191976717035,3.0295890350429904,,,unresolved,15.170752563999155,12.755126510793168,0.840770848841186,True
idpsam,SASDAB4,folded,413,1238.950848660705,989.1683265879628,,,unresolved,35.68399313363872,10.865346877664996,0.30448797691933216,True
idpsam,SASDAB5,partly disordered,321,1748.1147267503484,1561.90031772377,,,unresolved,31.660333642537942,11.474403604956866,0.3624220683998155,True
idpsam,SASDAE6,partly disordered,282,811.1483202099906,717.6964875148853,,,unresolved,28.74186641745177,11.022807091662848,0.3835104836813907,True
idpsam,SASDAG6,folded,357,169.86638537407703,127.46549032671,,,unresolved,25.724448891924634,10.73535276913891,0.4173210012871813,True
idpsam,SASDAG8,folded,189,2669.7997760158114,2184.2006319567795,,,unresolved,22.993548285443527,12.326271081132075,0.5360752037098789,True
idpsam,SASDAH4,folded,355,437.771474682835,391.9490804128957,,,unresolved,29.33496653182824,11.634546666053652,0.39661019055297875,True
idpsam,SASDAJ5,folded,321,1806.2186296563268,1465.6314646483038,,,unresolved,24.111438078093432,11.364642818254508,0.47133824127146984,True
idpsam,SASDAK2,folded,154,1725.979834524054,1007.6833901543504,,,unresolved,16.32860764335442,11.69833040892875,0.7164315944409292,True
idpsam,SASDAN2,folded,150,716.9090845410085,39.278655573855005,,,unresolved,16.28254805251888,11.75557521192596,0.7219739302478149,True
idpsam,SASDAQ2,folded,76,1.4124766908334532,1.101236852433334,,0.9978614784877488,fits,13.127914861296814,13.501211052038324,1.0284352994885766,True
idpsam,SASDAR3,partly disordered,205,599.6017497284291,424.9409377748224,,,unresolved,22.07366086293452,11.28936287359002,0.5114404422397739,True
idpsam,SASDAS6,folded,376,3006.5067646725947,2361.0150844283867,,,unresolved,37.62818641749734,11.36635837125269,0.3020703215706209,True
idpsam,SASDAT3,folded,194,1298.0843204697844,808.3017010719473,,,unresolved,20.742034504696942,11.882882769528145,0.5728889693456695,True
idpsam,SASDAT4,partly disordered,335,2741.308765328232,2358.588717319132,,,unresolved,27.5847850061949,11.14348722461887,0.40397223404555455,True
idpsam,SASDAW6,folded,134,351.0929879778724,148.58864616166966,,,unresolved,17.948798426541245,12.106173916171366,0.6744838082458894,True
idpsam,SASDAX6,folded,106,62.81501428922464,2.115998469446112,,,unresolved,15.405752795665975,13.79984139748853,0.8957589791633402,True
idpsam,SASDAY4,folded,362,3225.722530893806,2579.4043278405065,,,unresolved,29.480506902127026,11.082278477550616,0.375918857648646,True
idpsam,SASDAZ4,folded,243,110.09402783554786,86.12179446582446,,,unresolved,29.6991358606513,11.754104369211856,0.3957726051142449,True
idpsam,SASDB43,folded,228,8858.655404045097,6786.031433983534,,,unresolved,29.216061897427977,12.242916852067577,0.4190474710469235,True
idpsam,SASDB53,folded,333,45348.05753661309,37762.97980119186,,,unresolved,40.02064760007719,11.30702147536594,0.2825296978788552,True
idpsam,SASDB64,folded,380,1334.1527320636983,1163.912041181652,,,unresolved,37.89283164232851,11.33113795987646,0.29903117473065577,True
idpsam,SASDB76,folded,317,1284.2290167861183,1142.375165006726,,,unresolved,36.58720342695236,11.363029412814866,0.31057387142205484,True
idpsam,SASDB84,disordered,153,229.2358315525935,54.63728210508623,,,unresolved,17.42062469296394,12.943862864432605,0.7430194434795747,True
idpsam,SASDB85,partly disordered,179,108.26156925174732,66.26111337354199,,,unresolved,16.98135065294012,11.775781105540146,0.6934537391171125,True
idpsam,SASDB93,folded,429,1350.024292866321,1223.5442522349213,,,unresolved,45.12678608267552,11.15590567621217,0.247212501589937,True
idpsam,SASDBB3,folded,140,6505.844566551054,4064.798200343044,,,unresolved,21.075252027461502,13.388324016771753,0.6352628191267408,True
idpsam,SASDBB9,folded,400,3225.156787314362,2758.740226762243,,,unresolved,34.69894772572521,11.132187530257374,0.32082204965553346,True
idpsam,SASDBC7,partly disordered,398,64.69839664988892,57.65906511802615,,,unresolved,33.368447910686264,11.105316041487445,0.3328088879414425,True
idpsam,SASDBD4,folded,360,967.3136324552632,821.4174391795735,,,unresolved,43.41604271047099,11.215990073737617,0.2583374571591843,True
idpsam,SASDBD9,folded,274,529.1687496585708,466.6109755061767,,,unresolved,24.36362591441428,11.09587915074658,0.4554280709170597,True
idpsam,SASDBG3,folded,357,2992.173172275472,2746.1800222208526,,,unresolved,31.08052827402674,10.8889389916876,0.35034600749650796,True
idpsam,SASDBG6,folded,140,51.486060774440766,27.573808882909915,,,unresolved,23.58809657263261,12.332629553966472,0.5228327565978782,True
idpsam,SASDBK6,folded,133,559.2197322248207,123.0125881002133,,,unresolved,18.99073112008637,12.407533136486744,0.6533467857571518,True
idpsam,SASDBM9,folded,161,33.126805355179336,17.584411327661893,,,unresolved,19.88910293174276,12.689357339367236,0.6380055140202016,True
idpsam,SASDBN2,folded,152,65.99897036499527,50.55015353950597,,,unresolved,19.47797849942821,12.755320889251106,0.6548585567863496,True
idpsam,SASDBN3,folded,400,1727.5404508020124,1544.44513167105,,,unresolved,33.56704210669868,11.338014370491464,0.33777222117014705,True
idpsam,SASDBP2,folded,228,290.9853790967116,211.8079149545629,,,unresolved,24.623705434894923,11.962784515702154,0.4858238962991072,True
idpsam,SASDBP4,folded,229,2202.15710863403,1476.628296695708,,,unresolved,20.67929229890567,11.642160040408656,0.5629863861939197,True
idpsam,SASDBP9,partly disordered,378,332.321661341103,303.96421339926155,,,unresolved,39.56569269567406,11.612209579232106,0.2934918811746656,True
idpsam,SASDBQ3,partly disordered,164,170.69167713309753,78.01481795042336,,,unresolved,19.58249808868201,12.124949071543464,0.6191727437752824,True
idpsam,SASDBR4,folded,351,7192.775645967568,6055.010232617452,,,unresolved,35.13067418255108,10.828075481003612,0.30822282045420485,True
idpsam,SASDBT2,folded,162,1223.9045694695544,413.85522698636817,,,unresolved,17.89105911617694,11.963031900603884,0.6686597938624558,True
idpsam,SASDBU7,partly disordered,276,2150.827231104168,1781.9776890969572,,,unresolved,26.04951407052525,10.972105857753684,0.42120193981539583,True
idpsam,SASDBV9,folded,111,283.9269330173365,48.578899323292205,,,unresolved,17.559892250862447,12.733182984872268,0.7251287651976841,True
idpsam,SASDBW2,folded,210,5854.389569252846,3597.026214053324,,,unresolved,22.081653813163623,11.88065556041244,0.5380328693193251,True
idpsam,SASDBW3,folded,248,47.02497990711894,38.53398996770216,,,unresolved,23.21429075330823,12.467593165848958,0.5370654351812244,True
idpsam,SASDBW9,folded,211,610.1583617055641,413.4307447956276,,,unresolved,26.370021531790638,11.51870087070126,0.4368104461657256,True
idpsam,SASDBX2,partly disordered,388,46426.56511587745,40357.68349874207,,,unresolved,31.30721062717448,11.02888593999887,0.35227941803368007,True
idpsam,SASDBX9,folded,110,78.04377245425442,43.82990245761511,,,unresolved,27.485297787609426,12.667307068979795,0.46087574407472165,True
idpsam,SASDBY5,disordered,217,706.9598926975357,706.9598926975351,,,unresolved,50.84005024313629,11.930419423602752,0.23466576776669157,True
idpsam,SASDBY9,folded,226,4355.813618246593,2954.327714494369,,,unresolved,28.006876077328062,11.529214287793923,0.41165656090887537,True
idpsam,SASDBZ6,disordered,404,18.688143409858476,17.25642734517553,,,unresolved,38.39719079004445,11.052707679660578,0.28785198740440937,True
idpsam,SASDBZ9,folded,439,1907.2418813763736,1741.0058407048527,,,unresolved,43.00111612764496,10.945747922355858,0.25454567016038343,True
idpsam,SASDC23,partly disordered,395,87.6483892689298,78.77395090322109,,,unresolved,32.09262245439571,10.57764065401848,0.32959726706814096,True
idpsam,SASDC26,folded,410,1955.698760753063,1776.6923404111951,,,unresolved,31.60524213430056,10.779542844053829,0.3410681936321886,True
idpsam,SASDC35,folded,311,2191.8697069848886,2007.016930447069,,,unresolved,29.626938869776883,10.878934137540185,0.3671973734903147,True
idpsam,SASDC36,folded,219,431.45164383891137,387.6975836067581,,,unresolved,21.21498197914088,11.967899997064356,0.5641249193061538,True
idpsam,SASDC46,folded,193,52.57931784374465,51.90697287007052,,,unresolved,20.314017426953896,11.976300474825118,0.5895584424838693,True
idpsam,SASDC53,disordered,98,498.83789442912513,309.1662583106239,,,unresolved,26.86851677293757,12.309873319097775,0.45815232091622154,True
idpsam,SASDC55,folded,159,70.41608530032052,52.74752680093923,,,unresolved,24.980177461519016,12.185010977621603,0.48778720633158573,True
idpsam,SASDC62,disordered,49,3.887953923376563,1.116125364108938,,0.4737682416296457,population,16.48168929049662,13.327427178794842,0.8086202174967263,True
idpsam,SASDC65,partly disordered,279,40.4564766503539,33.11797391124392,,,unresolved,35.33617454900705,11.563092253190051,0.32723101469723115,True
idpsam,SASDC88,folded,155,17.47337277607849,17.473372776078488,,,unresolved,17.006544687603014,12.802254317282143,0.7527839753723986,True
idpsam,SASDCA6,folded,87,9.251927153861304,2.101874167781302,,,unresolved,15.292585504608953,13.49083386856138,0.8821813593584582,True
idpsam,SASDCD3,folded,275,1252.8352682668474,992.8932871459724,,,unresolved,26.98146096984308,11.251548628520904,0.4170103554102075,True
idpsam,SASDCD6,folded,131,222.6471778353548,135.8460617941317,,,unresolved,22.96770400298687,12.786204880026569,0.5567036599898608,True
idpsam,SASDCG6,folded,171,449.0654455276038,223.7982810191019,,,unresolved,18.510789645644085,12.51305626744544,0.6759871678618521,True
idpsam,SASDCH7,folded,126,139.0102015648559,57.51635775517892,,,unresolved,17.1827902985935,12.843921935378043,0.7474875565716114,False
idpsam,SASDCJ6,folded,288,1089.0021720316515,709.1478424104065,,,unresolved,22.62082201980893,12.3997920210756,0.5481583299765662,True
idpsam,SASDCK6,folded,446,767.2155436660095,706.6896501231854,,,unresolved,28.119619492090045,10.763631490037216,0.38278012592115584,True
idpsam,SASDCK7,folded,347,2852.6659219633725,2278.8261678831914,,,unresolved,27.56099874662891,11.447267220643834,0.4153429752629698,True
idpsam,SASDCK9,folded,364,13800.061338582347,11399.781123480749,,,unresolved,25.5762977090285,11.456553276981433,0.4479363435364314,True
idpsam,SASDCL2,folded,243,595.4531372173859,411.5996966395156,,,unresolved,24.00465763504737,11.41245517508781,0.47542670045938734,True
idpsam,SASDCM6,folded,291,16.17428281726256,16.17428281726256,,,unresolved,23.664835098146547,11.104966921319104,0.469260270577117,True
idpsam,SASDCN9,folded,267,323.5810600830894,278.80060924706527,,,unresolved,24.79501819170556,11.306914990468307,0.45601559567521116,True
idpsam,SASDCP5,partly disordered,148,1231.8187939006966,586.3672855026396,,,unresolved,20.956718479288742,11.864784242125356,0.5661565885828533,True
idpsam,SASDCP8,folded,211,2959.04210439433,2068.481237698973,,,unresolved,22.93091321979196,11.27395593410829,0.49164879854752563,True
idpsam,SASDCU2,partly disordered,373,250.4589486470196,218.92829689972064,,,unresolved,49.36273264837064,11.09841307438442,0.2248338468909856,True
idpsam,SASDCU8,folded,326,13.66835451253304,11.540696371322833,,,unresolved,25.888863921300747,10.947292663808607,0.4228572059819679,True
idpsam,SASDCY4,disordered,254,33425.06682664884,30130.935069593572,,,unresolved,51.313714114923606,12.659832678353654,0.2467144095241351,True
idpsam,SASDCY9,partly disordered,100,84.30019638365582,30.71304926316797,,,unresolved,22.587071094653734,13.105775448698408,0.5802335058749822,True
idpsam,SASDD32,folded,430,546.5705315345083,497.7338138111808,,,unresolved,28.95180421854238,11.000482103203684,0.3799584309208042,True
idpsam,SASDD43,folded,187,572.7601475781754,557.8677842627623,,,unresolved,17.47467396485706,12.213987409735283,0.6989536648465413,True
idpsam,SASDD76,folded,285,265.16353723764405,216.5726150183885,,,unresolved,25.69069346151649,11.540828731318802,0.449222156988734,True
idpsam,SASDD88,folded,91,9.129409063327229,6.945977228836377,,,unresolved,16.107537299224845,13.218392874228966,0.8206340068425658,True
idpsam,SASDD95,folded,409,8062.822293495165,7976.252096242387,,,unresolved,29.70416960620056,10.744554984497702,0.3617187461202364,True
idpsam,SASDDD8,folded,291,2513.146272261097,1716.2535914230416,,,unresolved,23.349134782667196,11.42351237084607,0.48924778057840956,True
idpsam,SASDDD9,folded,137,215.3575257096652,86.4959380802715,,,unresolved,18.9559063984566,12.657493711167348,0.6677334992642676,True
idpsam,SASDDE3,partly disordered,122,803.6001652040464,364.9714527447499,,,unresolved,20.050288437478446,12.482316188895195,0.6225504549631801,True
idpsam,SASDDE7,folded,307,138.57059984397222,108.56807171215682,,,unresolved,23.719090750310876,10.776853103820946,0.45435355078607714,True
idpsam,SASDDE8,partly disordered,235,153.38891890369672,114.70269950464932,,,unresolved,23.67302564056997,12.310918828750935,0.5200399397892312,True
idpsam,SASDDF5,folded,246,2558.729021828688,2001.517610248976,,,unresolved,21.159297294326983,12.1105518901284,0.5723513272520331,True
idpsam,SASDDF6,disordered,169,3360.0332701069774,2665.3957073700867,,,unresolved,33.0817807556,12.360103002876302,0.3736226624010866,True
idpsam,SASDDH6,folded,205,94.35759213397672,61.14389275984252,,,unresolved,23.994398950281724,11.919706211523629,0.49677036029209126,False
idpsam,SASDDJ2,folded,77,48.3926359993117,1.8824431513266244,,0.0100512113795372,population,12.912102146071629,13.47687086228583,1.0437394864000535,True
idpsam,SASDDK7,partly disordered,170,356.0702909221498,255.39198256886397,,,unresolved,25.925220018303506,12.499979565138014,0.4821551969978609,True
idpsam,SASDDL7,folded,128,833.9239138813898,201.9245021689254,,,unresolved,17.262606206058717,12.53169968483156,0.7259448275216558,True
idpsam,SASDDM6,folded,264,3682.238863774504,2541.9527423433647,,,unresolved,21.37655988307354,11.36951892399233,0.531868503921203,True
idpsam,SASDDR2,folded,279,21.101544231060878,17.631401556468546,,,unresolved,27.280455698611856,11.834059225367646,0.4337925786910448,True
idpsam,SASDDU2,folded,295,789.2020424582718,614.1902688632897,,,unresolved,25.46205310952465,11.705509615240896,0.4597237137511974,True
idpsam,SASDDV2,folded,300,244.92272400575143,214.41394220975917,,,unresolved,24.00400703736039,11.563445673635623,0.4817298068459157,True
idpsam,SASDDX4,folded,176,22.2535170483209,22.2535170483209,,,unresolved,19.3097639183258,12.341473956731871,0.639131271046731,True
idpsam,SASDE27,folded,178,65.42652516895639,34.06419690509986,,,unresolved,18.133308154127636,12.495993791034362,0.6891182615340893,True
idpsam,SASDE34,folded,144,22.30262746085806,7.864439073425016,,,unresolved,15.856130142325917,12.596962238891445,0.7944537617829878,True
idpsam,SASDE48,folded,97,17.508280747363678,2.388266981896564,,,unresolved,15.032904410734933,14.065306493232727,0.9356346657262553,True
idpsam,SASDE53,folded,41,4.637673487823882,4.637673487823882,,,unresolved,20.25713490851255,12.123210537086116,0.5984661992842651,True
idpsam,SASDE59,folded,320,836.5712155592807,702.7096025545266,,,unresolved,30.44913345514281,11.46208457442248,0.3764338512722618,True
idpsam,SASDE73,folded,60,30.267566148790905,19.879381758451984,,,unresolved,24.65670447026993,13.057402891901804,0.5295680494384762,True
idpsam,SASDE79,folded,314,2509.885090739938,2309.3479583791686,,,unresolved,31.500343110147075,10.746113968600811,0.3411427593351899,True
idpsam,SASDE93,folded,109,64.67009899930339,45.20755872199832,,,unresolved,35.365598779422015,13.007804684007676,0.36780954184144776,True
idpsam,SASDEA9,folded,356,624.5044829014973,532.42933495456,,,unresolved,30.75823648732613,11.262818282158308,0.36617243276607,True
idpsam,SASDEB3,disordered,153,226.78775354131184,193.73509847110248,,,unresolved,28.51132254398601,10.911285190928794,0.38270007201859346,True
idpsam,SASDEC3,disordered,178,50.20149517193412,50.20149517193411,,,unresolved,39.78520287110585,10.897135802764998,0.27389921418948154,True
idpsam,SASDEC6,folded,334,59.66902095620813,59.66902095620813,,,unresolved,25.934930423058976,12.169425767880083,0.469229165814925,True
idpsam,SASDEC9,folded,257,1310.58133588053,812.4268941623602,,,unresolved,21.970055854390587,11.92318123436642,0.5427014529862308,True
idpsam,SASDED2,disordered,267,1523.7298135058284,1271.3382667826302,,,unresolved,36.30915034712512,12.437762589990085,0.3425517389165478,True
idpsam,SASDED9,folded,407,8476.319195794516,7333.339489273367,,,unresolved,26.43372130722642,11.151421391054482,0.4218634698250344,True
idpsam,SASDEE2,disordered,187,517.0914524904682,400.7234027122647,,,unresolved,30.247748697212263,11.93234233106365,0.3944869567156704,True
idpsam,SASDEE9,partly disordered,186,853.7575397785299,532.6826302664714,,,unresolved,22.078610169930293,12.274950646932323,0.5559657311967059,True
idpsam,SASDEJ3,partly disordered,352,663.0981848459415,534.6438695216146,,,unresolved,25.64205940159557,11.426233538072749,0.4456051426728133,True
idpsam,SASDEK2,disordered,38,4.2926999146043805,1.8925607954663788,,0.0206619904480139,population,16.12422647527856,10.702379908391867,0.6637453229028137,True
idpsam,SASDEK4,folded,182,153.6958663740816,97.74597290977395,,,unresolved,17.159021117375257,11.531878769934805,0.6720592445834572,True
idpsam,SASDEK7,partly disordered,171,321.621123234683,225.14745340737483,,,unresolved,20.75218114517911,12.26682530517625,0.5911101690641287,True
idpsam,SASDEL4,folded,411,89.76530540981761,78.71611097499424,,,unresolved,38.621723931746494,11.519415091678944,0.298262581754155,True
idpsam,SASDEL6,folded,452,21095.79370919074,19247.535168533475,,,unresolved,25.650369306279146,11.591965569867934,0.45192197552610874,True
idpsam,SASDEP2,disordered,46,4.219272369003361,3.081332641919906,,,unresolved,22.634801619670057,12.166009165725498,0.5374913096279587,True
idpsam,SASDEQ7,folded,289,8132.887525446585,6837.786156875248,,,unresolved,21.93259398057169,11.103800093961953,0.5062693497995682,True
idpsam,SASDES5,folded,121,54.84581813430051,1.6583131153440094,,0.0129112184694275,population,15.427782572257197,12.535909722045542,0.8125542127219288,False
idpsam,SASDET2,disordered,99,153.8706322244664,113.75320311169018,,,unresolved,29.979239477627683,13.406193443891778,0.44718257292338215,True
idpsam,SASDET5,folded,389,16497.957564748525,12234.715627412465,,,unresolved,26.54816128092102,11.274563547446576,0.42468340568463786,True
idpsam,SASDEW7,partly disordered,142,109.707617622383,54.0178437648517,,,unresolved,22.05470139221025,12.126432223834904,0.5498343418114913,True
idpsam,SASDEX2,disordered,82,18.850774895753432,12.44983689613763,,,unresolved,32.14352574493883,12.814006013681944,0.3986496725767421,True
idpsam,SASDEX4,disordered,104,8.8822378175801,4.64742424748531,,,unresolved,24.028155036690915,14.092288102618726,0.5864906432100112,True
idpsam,SASDEY9,folded,403,771.2884609072224,627.3269578216804,,,unresolved,28.2175774377076,11.167099123787825,0.39574974671160296,True
idpsam,SASDEZ2,disordered,114,87.93491718963993,73.03777332724829,,,unresolved,30.429286463023903,11.72941267187799,0.38546459793367044,True
idpsam,SASDF27,disordered,98,83.10034072844583,64.44653546561354,,,unresolved,27.47333873499298,13.378433992334983,0.48696061739648633,True
idpsam,SASDF34,disordered,271,450.4453064607919,403.96765526024814,,,unresolved,46.21389424619515,11.519663307036245,0.2492683963326608,True
idpsam,SASDF37,folded,89,97.95758642649922,10.66851586320952,,,unresolved,18.744939526615312,14.30988136482312,0.7633997081988447,True
idpsam,SASDF38,folded,199,6245.994516735197,4674.064566018313,,,unresolved,27.52787754026244,11.655996498216744,0.42342517984427286,True
idpsam,SASDF52,partly disordered,259,1010.8608453054076,883.6365753597755,,,unresolved,30.30809201467102,11.686129637394842,0.3855778724618502,True
idpsam,SASDF53,folded,274,926.7588878411922,694.3505547687162,,,unresolved,20.845797879662864,11.633362971919851,0.5580675318390833,True
idpsam,SASDFD3,folded,298,5002.51099750332,4079.726182241826,,,unresolved,26.893577801955573,11.053244899809304,0.4109994207987293,True
idpsam,SASDFG8,folded,232,453.40944913582325,177.3524432142288,,,unresolved,20.239881279939794,11.476148295985444,0.5670067001509399,True
idpsam,SASDFJ8,folded,286,717.3790992364219,503.99990427928657,,,unresolved,20.52035990349926,11.36640101215405,0.5539084628927868,True
idpsam,SASDFK8,partly disordered,114,2715.632104397793,1558.5410452999113,,,unresolved,29.595169813517817,13.180132226405975,0.4453474100488469,True
idpsam,SASDFP4,folded,451,93.83551505055014,84.61189396424867,,,unresolved,26.80443025463942,11.07116913225906,0.4130350478291855,True
idpsam,SASDFP8,folded,260,3392.285208841068,3392.285208841068,,,unresolved,18.188052616508777,11.18405371605002,0.6149121047680812,True
idpsam,SASDFU7,folded,409,126.5956072306394,115.94682882524278,,,unresolved,29.43605195361957,11.07767938716411,0.3763303382063081,True
idpsam,SASDG45,partly disordered,139,929.3478953451528,128.31938176054507,,,unresolved,16.849766656756046,12.687996788422158,0.7530072698861267,True
idpsam,SASDGA5,folded,219,271.3912617595735,198.6451906979596,,,unresolved,22.16437642566953,12.03221502337204,0.5428627809008426,True
idpsam,SASDGB5,folded,196,3401.9682431145075,2702.9600897617183,,,unresolved,27.275360520121342,11.650190668704324,0.4271324171905939,True
idpsam,SASDGD2,folded,309,159.90597836805216,103.42850436793856,,,unresolved,21.519191296420303,11.294118830116412,0.5248393712636952,True
idpsam,SASDGD6,folded,401,181.1554934621103,154.28113078435047,,,unresolved,20.333541320980963,10.741052312638995,0.5282430710461609,True
idpsam,SASDGG2,folded,298,137.2157649986419,125.58522657897532,,,unresolved,30.22116755529928,11.318611900220064,0.3745259636150406,True
idpsam,SASDGP5,partly disordered,163,662.3073636836314,435.4925156139293,,,unresolved,26.669651342587773,12.604123725328426,0.47260174358565277,True
idpsam,SASDGQ9,partly disordered,195,447.2008006079688,250.93676690212055,,,unresolved,23.066039451520123,12.790470735543796,0.5545152544469816,True
idpsam,SASDGR2,folded,183,79.61017876383437,47.88942317500457,,,unresolved,21.391062863054877,12.175796701035026,0.5692001738756141,True
idpsam,SASDGX4,folded,318,458.299730308848,403.3522213460487,,,unresolved,25.851810447339968,11.241391815600766,0.4348396348681047,True
idpsam,SASDGZ5,partly disordered,454,1586.41940045737,1439.093787107279,,,unresolved,31.355147364740468,11.205570047381345,0.357375773649919,True
idpsam,SASDH24,folded,187,2868.7604080259666,1761.5919186822084,,,unresolved,18.05573254910537,11.5029842167885,0.6370821114847789,True
idpsam,SASDH25,partly disordered,422,1504.6496192520365,1294.2731444003243,,,unresolved,24.00004473845676,11.629089234780048,0.484544481541988,True
idpsam,SASDH33,partly disordered,424,5459.338029674708,4606.640218489078,,,unresolved,30.847612746052288,11.033213092760718,0.35766829620138724,True
idpsam,SASDH64,folded,76,2.0922382701547737,1.030521362628208,,0.9708527064914816,calibration,13.681804641474075,13.385281042082315,0.9783271573332586,True
idpsam,SASDH65,partly disordered,373,442.5250154957818,415.6344130588816,,,unresolved,32.3611270718829,10.488951780594608,0.3241219552488324,True
idpsam,SASDH69,folded,302,700.483517673401,589.8918070499377,,,unresolved,25.120791811277822,11.205262015911424,0.4460552875917268,True
idpsam,SASDH84,folded,135,199.5493319919507,108.53855103161636,,,unresolved,21.196169696143176,12.87010760717215,0.6071902514308505,True
idpsam,SASDH95,partly disordered,259,1505.991800979422,1239.7737682459826,,,unresolved,26.475632479482893,11.088153966620434,0.41880600870302614,True
idpsam,SASDHC9,partly disordered,75,129.3621769301155,57.17036389731396,,,unresolved,28.2032077935802,14.082325709705207,0.49931645409890996,True
idpsam,SASDHD5,disordered,220,347.10938059823,242.17976036554137,,,unresolved,27.059185579063584,11.486416404074523,0.42449231779399416,True
idpsam,SASDHF8,partly disordered,24,44.75688831158769,1.8467249333395424,,0.0194312027581738,population,13.6809685461946,10.43771080082194,0.7629365395862427,True
idpsam,SASDHG4,folded,284,3991.6584479003386,3085.3182509491194,,,unresolved,23.771629673080227,10.876409382925983,0.4575373894219287,True
idpsam,SASDHG9,folded,412,1860.7604507201324,1860.760450720132,,,unresolved,24.535194673975763,11.112369975724842,0.4529155005039199,True
idpsam,SASDHN7,folded,113,4.726608534247534,2.8292681667083697,,,unresolved,16.081264925213397,13.36456090007274,0.8310640339690439,True
idpsam,SASDHP4,folded,279,96.25632077921748,73.65703520302793,,,unresolved,23.012086684198103,11.096370761026009,0.48219750400321776,True
idpsam,SASDHP7,folded,299,213.3450184870639,159.74453602079046,,,unresolved,19.339871528062048,11.71856291217689,0.6059276503038461,True
idpsam,SASDHT5,partly disordered,377,5.87209096892591,5.146928636289551,,,unresolved,24.59557685922055,11.979271146768085,0.4870498144985454,False
idpsam,SASDHV4,partly disordered,305,117.52493898224704,104.61540239073508,,,unresolved,31.978546678312444,11.630349375160094,0.36369224318276133,True
idpsam,SASDJ28,folded,245,1490.4427272692767,972.605404919398,,,unresolved,21.42812517432333,11.73568814805736,0.5476768523883684,False
idpsam,SASDJ29,folded,318,1694.7976128871726,1457.8975242828117,,,unresolved,24.7145917019278,11.43698383815407,0.46276240271701335,True
idpsam,SASDJ63,folded,404,835.2899432128454,753.8846731606593,,,unresolved,29.987729124099957,10.810969955400331,0.36051312557415294,True
idpsam,SASDJ83,partly disordered,179,133.76593855522006,80.65786444122762,,,unresolved,20.498015278706884,12.794583610495897,0.6241864608124656,True
idpsam,SASDJ84,folded,215,2284.642900789138,1763.856203141215,,,unresolved,26.942580072956943,11.023169430598838,0.4091356284642953,True
idpsam,SASDJ86,partly disordered,208,39.00509960889514,33.21784179322068,,,unresolved,34.367166745239295,11.580894829560169,0.33697554748717856,True
idpsam,SASDJ93,folded,272,1469.8491419617092,1023.7896187233056,,,unresolved,21.546828718851675,11.24223306778643,0.5217581303716595,True
idpsam,SASDJ94,folded,216,697.7448205682501,610.5367378917518,,,unresolved,21.07953022174192,10.773179529044464,0.5110730370040578,True
idpsam,SASDJA4,folded,270,488.0007855132424,362.0728465147092,,,unresolved,23.35230091111216,11.260059626597156,0.4821820200697685,True
idpsam,SASDJA5,folded,172,514.758212335091,293.096648967263,,,unresolved,22.821354484439723,13.09148634288324,0.5736507161224547,True
idpsam,SASDJB2,folded,278,322.03765109067,263.95169044150606,,,unresolved,21.7493830991841,11.514699610088847,0.5294264925850153,True
idpsam,SASDJB9,partly disordered,82,1.3187342602976035,1.0782469790313909,,0.9999244693213768,fits,20.1044359700569,14.584752694832224,0.7254494837136655,True
idpsam,SASDJC4,folded,290,1234.8134981883957,1040.7099979587986,,,unresolved,24.327093149238344,10.81355636848662,0.4445067194074184,True
idpsam,SASDJD6,folded,419,12945.28081088566,11393.2108459707,,,unresolved,35.91730479767933,11.26928708313952,0.31375647885104246,True
idpsam,SASDJE2,partly disordered,34,114.27724164692118,54.08068816039815,,,unresolved,15.554020967405588,11.732928126077276,0.7543340818856006,True
idpsam,SASDJE4,folded,249,44.881270732043646,29.26750968197872,,,unresolved,25.909675879746903,11.262648540881203,0.434688901287453,True
idpsam,SASDJF5,folded,203,2410.128867386732,1218.975973724479,,,unresolved,20.867592073543776,11.687066116775163,0.5600582029582699,True
idpsam,SASDJF6,partly disordered,78,53.99988512797521,26.115675537133257,,,unresolved,23.063329812643,12.228041015179976,0.5301940836173938,True
idpsam,SASDJG2,partly disordered,20,4.575516777101244,1.002987983420041,,0.6460967264029728,calibration,12.209201840057158,11.12625397097302,0.9113006826104638,True
idpsam,SASDJG4,folded,261,248.3256445077395,213.91831710073205,,,unresolved,28.54921955880945,11.357204803246832,0.39781139305233065,True
idpsam,SASDJG6,disordered,40,10.5414192341369,5.003753759279811,,,unresolved,9.424330958943306,9.631388319599386,1.02197051032674,True
idpsam,SASDJH6,disordered,51,715.761182378553,316.3345203235255,,,unresolved,18.877000305256832,11.959514566769082,0.6335495244675404,True
idpsam,SASDJJ4,folded,200,98.17599502669792,46.5838595618853,,,unresolved,18.021652342435598,11.975032527065162,0.6644802762545554,True
idpsam,SASDJJ6,disordered,191,477.3503027281105,409.1295143220471,,,unresolved,33.94387746943146,11.403756528903676,0.33595915903165324,True
idpsam,SASDJK6,disordered,209,3517.24473435511,3128.350818705366,,,unresolved,38.21268048362726,10.897981513035075,0.2851928044593591,True
idpsam,SASDJL9,folded,87,16.963954422519254,1.6926500025290632,,0.0513430396548273,population,15.300948556562718,13.434559189325125,0.878021329178505,True
idpsam,SASDJM2,folded,381,2405.9934032190968,2148.762271487154,,,unresolved,33.30094974103696,10.55481733014838,0.3169524416638969,True
idpsam,SASDJM5,partly disordered,379,531.3733467216337,485.1591932110622,,,unresolved,31.649923348728528,10.711050050862536,0.338422622160721,True
idpsam,SASDJN5,folded,405,506.6237630922048,449.8459422758336,,,unresolved,30.364891463260168,11.01545690733728,0.36276951362284204,True
idpsam,SASDJP5,folded,301,297.0418802278017,224.90158395481023,,,unresolved,29.43403816447536,11.309175420728169,0.3842209946706355,True
idpsam,SASDJR3,folded,271,50.0873909394018,41.80888875805971,,,unresolved,24.42216965471741,11.306518917306272,0.4629612797371708,True
idpsam,SASDJT3,disordered,439,285.5887262917158,263.4245480137633,,,unresolved,33.476669963690235,11.19286441918576,0.3343482022353437,True
idpsam,SASDJT7,disordered,180,900.8421429376205,722.4848945131748,,,unresolved,35.034740281753216,11.577336789972806,0.3304530502257644,True
idpsam,SASDJV9,partly disordered,138,50.69213170510957,23.9552245700328,,,unresolved,,12.353475366679822,,False
idpsam,SASDJX3,partly disordered,190,966.3074799901732,764.9436366830894,,,unresolved,29.754457105952124,11.60143706372825,0.38990585586612775,True
idpsam,SASDJX7,folded,302,13085.764968723408,11136.522731410354,,,unresolved,26.146451397669374,11.26607723318843,0.43088360488539024,True
idpsam,SASDJY2,folded,182,78.82283686724753,51.76428218205943,,,unresolved,20.52939705686798,12.294447934554793,0.598870385744805,True
idpsam,SASDJZ6,folded,211,432.2933154051295,263.8231409181572,,,unresolved,24.451750623018825,11.182640289009722,0.4573349557426947,True
idpsam,SASDK42,folded,364,908.5469734039284,843.7070906262346,,,unresolved,31.48987735994072,10.774344869216506,0.34215264626349084,True
idpsam,SASDK52,folded,265,20.33782927216936,15.699334636097666,,,unresolved,25.17459867980943,11.59640399107116,0.46063908062898834,False
idpsam,SASDK56,folded,223,37.75819112240131,37.75819112240129,,,unresolved,29.59217888512532,12.17408754277406,0.41139544303354547,True
idpsam,SASDK68,disordered,150,292.9688238125775,250.75646870146448,,,unresolved,35.81531059549425,11.815675145191095,0.32990570090651583,True
idpsam,SASDK76,folded,320,45.258870711740464,40.44084116659846,,,unresolved,22.84806480713285,11.495035406913,0.5031076156316052,True
idpsam,SASDK92,folded,412,3074.044423416241,2741.4130667477325,,,unresolved,30.38288423898635,11.044641631666837,0.36351524578086974,True
idpsam,SASDKD6,disordered,70,163.06298658648333,163.06298658648333,,,unresolved,23.98431280548197,13.214455704230865,0.5509624483053984,True
idpsam,SASDKH8,disordered,173,424.271627277214,359.03876408299,,,unresolved,37.30106760782824,11.810742883131434,0.31663283762561145,True
idpsam,SASDKK2,partly disordered,360,2882.339270366655,2604.817332240661,,,unresolved,31.910224522436064,10.924428917313229,0.34234885779735796,True
idpsam,SASDKK9,folded,289,377.8244401084229,301.976121885857,,,unresolved,28.50130674916844,11.74776952609483,0.4121835405472272,True
idpsam,SASDKQ4,folded,253,46.7346588939107,32.65456678744984,,,unresolved,7.145788682210825,10.669276671270318,1.4930859483476029,True
idpsam,SASDKU8,partly disordered,103,83.25431806179147,53.341019488353446,,,unresolved,29.677099235126654,13.603036307623295,0.4583681241838608,True
idpsam,SASDKV7,folded,336,40.49263495321348,33.842895185188475,,,unresolved,24.16936180892453,11.082569084869414,0.45853792799680704,True
idpsam,SASDKW7,folded,148,17.42307495011796,9.955073942245113,,,unresolved,21.35132996744245,11.915184417905104,0.5580534999962045,False
idpsam,SASDKX6,partly disordered,91,6.446732921643632,1.142075732080359,,0.0928003099053015,population,15.989334174188226,13.69655463805305,0.8566056903209617,True
idpsam,SASDL26,folded,273,215.79148119336548,172.21198039714375,,,unresolved,25.44953543642256,11.85202639671657,0.4657069841736415,True
idpsam,SASDL62,partly disordered,284,235.71968132279588,235.71968132279585,,,unresolved,23.250628262362174,12.152606949665165,0.5226786481867955,True
idpsam,SASDLA5,folded,133,137.18425872905274,34.4218643684596,,,unresolved,14.712126400542216,12.717167977496958,0.86440040217628,True
idpsam,SASDLB7,folded,424,195.7894715890087,175.99198580315428,,,unresolved,40.35786960231569,10.78694931232535,0.26728242641693867,True
idpsam,SASDLF3,partly disordered,252,3163.549418687252,2591.245265817654,,,unresolved,44.83394987044664,10.957933322995917,0.2444115085701851,True
idpsam,SASDLF9,disordered,133,92.49342357573484,50.71392853547045,,,unresolved,33.05699054942868,13.687275839862304,0.4140508743346226,True
idpsam,SASDLH5,partly disordered,361,4459.957731375313,4205.615393867057,,,unresolved,60.98743235823829,11.301326747442127,0.1853058295856511,True
idpsam,SASDLH9,partly disordered,122,16632.000683261987,9831.0996540441,,,unresolved,28.04100093582992,12.960633538081431,0.46220295658279215,True
idpsam,SASDLJ9,disordered,62,1992.5307668891144,1164.9730811606478,,,unresolved,24.26268893160696,13.677501551232472,0.5637257102783367,True
idpsam,SASDLM8,folded,364,305.817324031013,255.6018227593013,,,unresolved,27.9970236443302,11.4507230798504,0.4089978715351529,False
idpsam,SASDLM9,folded,170,1616.080438193881,893.5070436251693,,,unresolved,22.12672289167008,12.38108392772276,0.5595534408027406,True
idpsam,SASDLQ3,folded,169,37.440573767,13.024755742093983,,,unresolved,17.217254134718086,12.894501846627277,0.7489290537116423,True
idpsam,SASDLR9,folded,78,17.324404966386076,17.324404966386076,,,unresolved,17.954227642777084,13.596738268699864,0.7573000932830313,True
idpsam,SASDLS4,disordered,255,587.7445796304296,587.7445796304296,,,unresolved,46.96046974149995,10.95973777239952,0.23338220066214907,True
idpsam,SASDLT4,disordered,410,157.31335123848092,157.3133512384809,,,unresolved,62.843037652504194,10.763793540996032,0.17128060550661672,True
idpsam,SASDM43,folded,119,22.84319948998953,3.435068079907094,,,unresolved,16.597264852235362,13.280966317553355,0.8001900575663008,True
idpsam,SASDM53,folded,226,66.98711004780851,53.46543576678573,,,unresolved,23.63943417193286,11.37398876648002,0.4811447128453005,True
idpsam,SASDM55,folded,168,1380.164503201799,733.7693651944277,,,unresolved,16.071404143587927,12.602581006769435,0.7841617878670258,True
idpsam,SASDM65,partly disordered,292,2841.615138612558,2209.2722338981744,,,unresolved,35.862684366923666,11.252701663713198,0.3137718735324682,True
idpsam,SASDM82,folded,83,1.1291391815534426,1.0411970489343216,,0.9998480159073826,fits,13.650494989494929,13.704977775833637,1.0039912681833616,True
idpsam,SASDM97,folded,274,1053.2484321660645,1053.2484321660645,,,unresolved,23.610050873932096,11.18404065408914,0.4736982869629248,True
idpsam,SASDMA5,folded,60,1.0305383694563917,0.998570837193898,0.12749907823585,0.9999784710035448,fits,11.624823382481823,12.38283348481604,1.065206160764258,True
idpsam,SASDMC9,partly disordered,444,1199.6211630571552,1098.8054980510408,,,unresolved,32.32706504222345,10.990239797922348,0.3399702318650837,True
idpsam,SASDMQ3,partly disordered,309,75.32242398122341,64.6777846188611,,,unresolved,33.400806704950185,11.66079445156093,0.349117150210409,True
idpsam,SASDMQ9,folded,285,2227.189224111031,1881.0202689161083,,,unresolved,36.92427935771512,11.729369597557934,0.31766008170196414,True
idpsam,SASDMR3,folded,74,1.3465489580575267,1.349795832647502,,0.9907256402309303,fits,14.425685321559758,13.811056726468546,0.957393456089561,True
idpsam,SASDMS3,folded,267,102.5278025474228,88.38431507209016,,,unresolved,24.47108297670429,11.261882663899442,0.46021186208311265,True
idpsam,SASDMS4,folded,320,167.8020418036539,141.3660837399918,,,unresolved,28.20149969944565,10.910177413123977,0.38686515005932237,True
idpsam,SASDMT5,partly disordered,379,70.96857415276598,66.0114693974306,,,unresolved,50.73332902560244,10.799286484580398,0.21286374641669123,True
idpsam,SASDMT7,folded,438,1674.2419321745283,1501.6681924759253,,,unresolved,23.43518668768269,10.911558896821088,0.46560580217421943,True
idpsam,SASDMU6,partly disordered,155,55.69045375289139,38.63629609380458,,,unresolved,19.99741569871532,11.708801640713592,0.5855157394895678,True
idpsam,SASDMV6,folded,206,1712.1077551918215,1257.7328392157433,,,unresolved,21.91470894288421,11.643244083480198,0.5312981392463715,True
idpsam,SASDMX9,folded,239,5263.327231464165,3596.7429931639654,,,unresolved,20.9964756963414,11.698767349004992,0.5571776672521991,True
idpsam,SASDMY9,folded,247,2106.7997256421872,1682.1924250082518,,,unresolved,22.8870202401529,11.3486444802048,0.49585504627180704,True
idpsam,SASDN65,folded,197,2636.9595232683464,1570.336220380197,,,unresolved,18.998194594497605,12.09499286754586,0.6366390662746922,True
idpsam,SASDN68,folded,201,1718.8805057512905,1261.071102460562,,,unresolved,21.21289085795956,12.001331272470134,0.5657565181865328,True
idpsam,SASDN73,folded,313,415.69854594760784,350.7995715548223,,,unresolved,22.656286829466115,11.347537961566063,0.5008560337790119,True
idpsam,SASDNB2,folded,105,9.21780156476406,2.7507777621385867,,,unresolved,19.69670281019105,13.500898224825471,0.685439505024167,True
idpsam,SASDNB7,folded,269,36.53513599920006,29.03305687018468,,,unresolved,21.893309421628903,12.019730991052215,0.5490138909368196,True
idpsam,SASDNB8,partly disordered,209,296.51772747891334,234.36817215236783,,,unresolved,27.127106450979987,11.054955378599027,0.40752431146963186,True
idpsam,SASDNC7,folded,394,3445.3725998667537,3008.439477252788,,,unresolved,26.431468391559505,11.029931591785148,0.41730302033871836,True
idpsam,SASDND2,folded,105,148.58462304124956,13.294791611417196,,,unresolved,13.994978063716884,12.806287922972125,0.9150630936802584,True
idpsam,SASDNG9,folded,197,10655.816570991929,6243.998910062117,,,unresolved,18.47181282473149,11.673007424266936,0.6319362119476553,True
idpsam,SASDNK8,folded,354,23.588402982770525,21.41483249432363,,,unresolved,33.811977035241966,11.143734731117766,0.3295795072705372,True
idpsam,SASDNL5,folded,311,306.5739883308234,257.3991624719532,,,unresolved,23.257996074718505,11.034940036397606,0.47445790260462767,True
idpsam,SASDNL8,folded,377,6.79465929190899,6.365318427863501,,,unresolved,31.008131950532103,11.123114273014284,0.3587160390944934,True
idpsam,SASDNM3,folded,224,244.02183192015343,199.9019415665723,,,unresolved,29.43887111604568,12.014312127175309,0.40811049037226493,True
idpsam,SASDNM8,partly disordered,94,2.1933691887541733,0.9838023368248792,0.1627758257699803,0.9804370388009996,calibration,15.354238275873108,14.526057482323582,0.9460617466871744,True
idpsam,SASDNM9,folded,299,2942.8039219964508,2939.99973304969,,,unresolved,19.45174666035898,12.086094390440486,0.6213372300941451,True
idpsam,SASDNS3,partly disordered,393,1158.6866391921128,1158.6866391921126,,,unresolved,46.829469069215335,11.159995000828726,0.23831137150698686,True
idpsam,SASDNU3,folded,405,35.68622008708795,33.053312805487586,,,unresolved,36.34430661545734,10.920218119639143,0.3004657162724558,False
idpsam,SASDNW2,folded,427,8181.388921215412,7261.204193543129,,,unresolved,30.11673738468709,10.42840779388266,0.3462661861634787,True
idpsam,SASDNW9,folded,381,302.1768065624297,257.5705813638592,,,unresolved,22.260011411343136,10.874325881451927,0.4885139401101406,True
idpsam,SASDNY9,folded,320,11.330306922462896,11.330306922462892,,,unresolved,24.416581191012437,11.011605207523557,0.45098882277494473,True
idpsam,SASDP28,folded,240,685.3002439202784,496.996995433546,,,unresolved,24.662468494373517,11.840234236090344,0.4800912057441277,True
idpsam,SASDP35,folded,190,56.846613589537895,27.59562260580108,,,unresolved,,11.403850435019848,,False
idpsam,SASDP64,partly disordered,76,2.967922381963215,1.3619759922586838,,0.035250470187404,population,20.23475008941292,13.60675499507684,0.6724449244468834,True
idpsam,SASDP79,partly disordered,144,15.34203114531616,10.869114260097904,,,unresolved,40.769709785313154,13.182460289046814,0.32333956651797535,True
idpsam,SASDP89,folded,269,4.090640179840224,3.8292901912937847,,,unresolved,29.856835907208463,11.402191417793372,0.3818955047088728,True
idpsam,SASDP98,partly disordered,129,72.45847594394549,72.45847594394549,,,unresolved,18.537762519826856,12.554078845461918,0.6772165104626215,True
idpsam,SASDPA8,folded,200,1661.592350983312,1569.7846662052375,,,unresolved,23.76856535732245,12.1315193995601,0.5104018360882142,True
idpsam,SASDPB6,folded,215,724.7746191797362,562.2495787908894,,,unresolved,28.280849700507098,11.604585490846556,0.4103336927192282,True
idpsam,SASDPC7,folded,275,1668.8221830757918,1260.052645106893,,,unresolved,22.834156289893933,11.432610755110138,0.5006802357821316,True
idpsam,SASDPD7,partly disordered,351,4344.576827347256,3714.947398883959,,,unresolved,28.30538820526228,11.207616164350954,0.3959534517978219,True
idpsam,SASDPJ4,folded,281,507.619633063894,340.4283399048641,,,unresolved,26.030085853016423,12.105351188557467,0.4650522959053042,True
idpsam,SASDPK4,partly disordered,115,99.63482102596082,43.14563333979578,,,unresolved,22.187049998278656,13.09036492471503,0.5900002445449316,True
idpsam,SASDPW6,folded,79,16.247548340363906,3.529096390879232,,,unresolved,16.213247803097953,14.153819242269092,0.8729786538860305,True
idpsam,SASDPW7,folded,364,55.80817331753926,55.80817331753925,,,unresolved,22.904290252175127,11.474653219603754,0.5009827020732088,True
idpsam,SASDPY2,folded,283,93.4267462928268,74.7312253966317,,,unresolved,24.515063971600608,11.19878193087465,0.45681226628035076,True
idpsam,SASDQ26,disordered,64,127.51214041699502,72.86853582315732,,,unresolved,22.85731108078961,13.61842200546408,0.5958015777678093,True
idpsam,SASDQ28,folded,405,4764.695176355431,4352.15855837038,,,unresolved,25.580964783121185,10.846558604288012,0.4240089729314971,True
idpsam,SASDQ46,disordered,167,541.5853837560418,490.09301970042713,,,unresolved,40.64408934240888,11.676270486808605,0.28728089805238527,True
idpsam,SASDQ59,folded,437,153.75253287145287,138.99699613966675,,,unresolved,25.98260465903292,11.274730445298806,0.4339338027598059,True
idpsam,SASDQ85,folded,303,94.6520828714212,82.26300758666446,,,unresolved,20.734591821986616,11.36600419885721,0.5481662863893414,False
idpsam,SASDQ97,folded,340,921.0826780040584,801.6024933380479,,,unresolved,29.100302367256603,11.329885872079648,0.3893391116385077,True
idpsam,SASDQ98,folded,203,598.1908875888457,449.6159509186822,,,unresolved,21.241458635343182,11.536325841649427,0.5431042208398248,True
idpsam,SASDQB5,folded,396,48.23556521320694,42.61689682025783,,,unresolved,31.365510122053152,11.138802468806931,0.35512900716303725,True
idpsam,SASDQC5,folded,271,868.2800905630268,719.3659130776662,,,unresolved,26.196195073028512,11.625984411335072,0.4438043150512776,True
idpsam,SASDQC9,folded,162,232.16154752508425,141.94235061385243,,,unresolved,23.729502310347907,12.496532101708263,0.5266242813806846,True
idpsam,SASDQD9,folded,117,86.8838950981391,26.833750569238404,,,unresolved,17.23434011170905,12.541050680970256,0.7276780311681234,True
idpsam,SASDQF8,partly disordered,381,126.63261212472034,109.19298102594831,,,unresolved,35.54039422471895,11.42763642833713,0.32153938293652956,True
idpsam,SASDQJ8,folded,287,429.278290245124,289.3877834930256,,,unresolved,24.654485974188507,11.946792497724385,0.4845687113587291,True
idpsam,SASDQK7,disordered,140,10.16638888069112,9.849573250842932,,,unresolved,51.87611231532393,11.999834605355735,0.2313171529203249,True
idpsam,SASDQN5,partly disordered,412,1824.4746391347169,1405.688225532337,,,unresolved,18.75510322293321,10.698588252993488,0.5704361168170782,True
idpsam,SASDQN6,folded,126,113.78408880138414,41.50024374526557,,,unresolved,18.766244163069427,13.058858370186275,0.6958695760702687,True
idpsam,SASDQN8,disordered,133,329.3945297284631,277.32587169363615,,,unresolved,32.42441892679268,12.679445272313748,0.3910461834625684,True
idpsam,SASDQU5,folded,161,52.14267113336854,18.77024399659972,,,unresolved,19.190921297957686,13.116642026637154,0.6834816225333089,True
idpsam,SASDR22,partly disordered,156,254.04450850434287,175.87752349875646,,,unresolved,27.064681138367387,12.512894389780875,0.4623329691493157,True
idpsam,SASDR25,partly disordered,106,17.06963476687136,3.5174917328923114,,,unresolved,16.312992745065422,12.609972975770054,0.7730018135136173,True
idpsam,SASDR33,folded,138,89.03165462820829,15.426922550047568,,,unresolved,15.895374007630393,12.543826821439575,0.789149523340442,True
idpsam,SASDR36,folded,278,108.3461744912178,89.2862012416865,,,unresolved,27.964598241991062,11.92446319698828,0.42641282001622866,True
idpsam,SASDRA6,disordered,102,54.67030677055239,27.473767983482684,,,unresolved,26.117669783313424,14.81137166755815,0.5671015749276811,True
idpsam,SASDRD9,folded,452,208.54006601206964,183.00419721420732,,,unresolved,23.65522145696537,11.074103124821352,0.468146246061059,True
idpsam,SASDRF8,disordered,89,134.83937415049726,64.02739640766308,,,unresolved,22.58955470205852,13.793528883311586,0.6106153514418158,True
idpsam,SASDRG9,folded,78,28.256975264733857,1.1141431021109551,,0.0929987634476932,population,15.302929755611393,13.866073943837083,0.9061058349792508,True
idpsam,SASDRH2,folded,424,253.6092385076768,227.8958040135683,,,unresolved,23.9592121039684,10.67231875413982,0.44543696628371793,True
idpsam,SASDRH9,partly disordered,214,292.4345319925097,225.57461273715427,,,unresolved,25.72386639661517,12.107485205560115,0.470671283192221,True
idpsam,SASDRJ6,folded,271,108.46717896678382,90.7953609576402,,,unresolved,24.95230724951242,11.866985253547051,0.4755866916386635,True
idpsam,SASDRK5,folded,103,254.7912092300469,26.91072263609947,,,unresolved,15.55480963881323,13.291467106071352,0.854492431260987,True
idpsam,SASDRK7,folded,292,252.927908295999,209.31054347384196,,,unresolved,31.872589807498382,11.572734442254982,0.3630936334998534,True
idpsam,SASDRN5,partly disordered,222,807.3172484882122,664.194514348975,,,unresolved,34.49980598363521,11.456384782698654,0.3320709915914578,True
idpsam,SASDRQ5,folded,114,97.6894284901942,2.9594567177193936,,,unresolved,16.849223602078606,12.793582186004318,0.7592980239413546,True
idpsam,SASDRQ7,folded,394,12.43886728281561,11.2350951343147,,,unresolved,50.24172414771824,10.856722276269975,0.21608976324836257,True
idpsam,SASDRW6,partly disordered,109,235.7427508686184,91.38363660656474,,,unresolved,20.46919693312436,13.51467797967322,0.6602446604929106,True
idpsam,SASDRW9,partly disordered,259,66.31449517056286,55.467097741482654,,,unresolved,33.26849226349496,11.323658766775155,0.34037186527988356,True
idpsam,SASDRZ9,folded,86,1.1754926726493415,0.9792189079034817,0.0730285718809851,0.9987702254226768,fits,14.587874826061986,13.662297900345814,0.9365516268303468,True
idpsam,SASDS28,folded,270,247.9867708181432,247.9867708181432,,,unresolved,41.43007754776005,11.794525680240175,0.28468509784090074,True
idpsam,SASDS37,partly disordered,362,842.0500640541221,746.8131943818697,,,unresolved,31.866460871017274,10.6580093583432,0.33445852055810565,True
idpsam,SASDS89,folded,123,3.625455882608101,1.5616931349151428,,0.0285981227049888,population,15.019545710122287,11.900630457918028,0.7923429035471896,False
idpsam,SASDSB9,folded,281,12024.46183440464,8602.227626063554,,,unresolved,20.682620208733027,11.057311447390164,0.5346185026750782,True
idpsam,SASDSG5,partly disordered,150,594.5412298786824,363.775124341071,,,unresolved,24.58172062202605,12.066178801712866,0.490859813568183,True
idpsam,SASDSG7,partly disordered,225,43.91358857279781,43.91358857279781,,,unresolved,40.3574174868092,12.27418371748187,0.3041369959188712,True
idpsam,SASDSJ9,folded,299,42.293764574231474,36.70949260698941,,,unresolved,25.779832818133983,10.898707715511572,0.422760992765059,True
idpsam,SASDSL2,folded,181,15.43002129800111,9.79132086939102,,,unresolved,18.70756279369023,11.7636022549155,0.6288153291076046,True
idpsam,SASDSN2,partly disordered,78,50.90678557101537,27.95390861727558,,,unresolved,23.52238608393864,12.19299765810883,0.5183571774818522,True
idpsam,SASDSP6,partly disordered,332,111.47747480534166,98.41101356438564,,,unresolved,45.32003508637248,11.063748312770164,0.24412488409782765,True
idpsam,SASDSQ7,partly disordered,425,5308.691667901443,4662.907550360984,,,unresolved,30.68807705963309,10.970884567351533,0.35749664425154115,True
idpsam,SASDSQ9,folded,181,103.43912924412392,66.5628343918422,,,unresolved,18.036771357038045,12.070138188999575,0.6691961632196298,True
idpsam,SASDSS6,partly disordered,376,232.06059353547167,217.9678884721081,,,unresolved,45.78468967287291,10.680789373696866,0.2332829915417152,True
idpsam,SASDSU5,partly disordered,173,2696.375574022956,1551.08019021425,,,unresolved,21.406196975446143,11.823611488024524,0.552345262523125,False
idpsam,SASDSV2,partly disordered,70,121.34810276031676,40.53318939613192,,,unresolved,18.0222942114448,13.460419064723435,0.7468760029550282,True
idpsam,SASDSV6,partly disordered,187,20.659254432113062,13.117760640154984,,,unresolved,25.263349986622327,11.755895769362198,0.46533400263968494,True
idpsam,SASDSV9,partly disordered,255,183.72383091443305,144.8096898966818,,,unresolved,31.767099566376483,11.811280380311567,0.37180858629010877,True
idpsam,SASDSX6,folded,184,155.44816262636428,81.87030649144872,,,unresolved,22.509096576227357,12.856016218451911,0.5711475880391219,True
idpsam,SASDSZ8,partly disordered,198,78.90515766762961,60.18399513449685,,,unresolved,26.42961129668143,12.521088992041108,0.47375229440522604,True
idpsam,SASDSZ9,disordered,80,141.19973262082803,96.00040704210438,,,unresolved,26.355636594609223,13.20820316927836,0.5011528794557731,True
idpsam,SASDT25,folded,377,11.21186447697682,11.21186447697682,,,unresolved,39.57807578328492,11.162946975851074,0.2820487543905695,True
idpsam,SASDT45,partly disordered,218,996.7863716371146,859.2559807361699,,,unresolved,33.589216805493976,11.59008634079573,0.3450537834183741,True
idpsam,SASDT75,partly disordered,349,2849.280762148214,2372.004444583935,,,unresolved,31.300107262558324,11.353532596722191,0.36273142777064743,True
idpsam,SASDT85,partly disordered,369,3774.1930406964248,3044.4046122835503,,,unresolved,30.568120068067515,10.928819699380934,0.35752344845038564,True
idpsam,SASDTA2,disordered,80,138.2367661607894,15.456546516760978,,,unresolved,22.53150109032888,13.82017137472575,0.6133710896278337,True
idpsam,SASDTE2,partly disordered,449,1233.784707436709,956.9192379685438,,,unresolved,48.74204099460493,11.487394332460488,0.23567733517215628,True
idpsam,SASDTH2,partly disordered,305,3266.85263460332,2735.0483104216573,,,unresolved,23.42879596042196,10.961477318608866,0.4678634504788886,True
idpsam,SASDTP5,partly disordered,440,9421.392115909634,8925.037610903135,,,unresolved,36.39055865597784,10.758412387631674,0.2956374616102356,True
idpsam,SASDTQ2,folded,231,10648.653985274012,6713.969555312471,,,unresolved,18.832074139431395,11.62004815511854,0.6170349622184204,True
idpsam,SASDTQ5,partly disordered,327,399.58867165418,349.0175698608889,,,unresolved,27.247743965286617,11.204951417135849,0.4112249231132991,True
idpsam,SASDTR5,partly disordered,168,3.765198354822901,3.765198354822901,,,unresolved,30.47208928230184,12.003257030905631,0.3939098799463387,True
idpsam,SASDTS5,partly disordered,177,145.99003407778315,103.69897316489812,,,unresolved,22.123223122068904,11.46972928861431,0.5184474805198137,True
idpsam,SASDTU2,partly disordered,400,414.9124275280796,383.5301783084967,,,unresolved,31.65433596798184,11.446895316761568,0.36162171679545035,True
idpsam,SASDTU7,partly disordered,281,158.25050752155963,137.8336505412269,,,unresolved,33.431462555760696,11.481677158630276,0.3434392718978377,True
idpsam,SASDTX8,folded,120,17.454482496748273,1.797911191304108,,0.018568154012016,population,14.86711228909389,12.928726265367194,0.8696191979965979,True
idpsam,SASDTY8,folded,274,75.12616369645572,57.95105554231689,,,unresolved,20.538675937569227,11.352862574099,0.5527553289514836,True
idpsam,SASDU37,disordered,114,314.3615235904677,210.36186774235335,,,unresolved,34.32186712621504,13.45283784407582,0.39196113062859983,True
idpsam,SASDU52,folded,329,170.8757138116447,142.1698833257676,,,unresolved,26.575514957447503,11.251927546896503,0.42339452555907187,False
idpsam,SASDU63,partly disordered,113,202.306366770772,96.01947826984446,,,unresolved,26.724696513501627,13.116404900289742,0.4907971506304359,True
idpsam,SASDU67,disordered,138,487.7186751551103,396.257915232871,,,unresolved,33.7676215019629,12.943419229171353,0.3833085853683522,True
idpsam,SASDU78,folded,388,12324.554779889097,10469.969401016768,,,unresolved,22.704915920206776,10.984855689462677,0.48380957357725535,True
idpsam,SASDUA2,partly disordered,165,275.02860165311847,139.3889417567254,,,unresolved,21.538223153890417,12.407369296461123,0.5760628074010831,True
idpsam,SASDUG3,partly disordered,283,3859.933008691533,3341.8573734012275,,,unresolved,29.15323482319129,10.966616788879223,0.3761715245457194,True
idpsam,SASDUH4,partly disordered,99,11.774115732948037,4.862818521999615,,,unresolved,20.384643855307846,13.301380944540387,0.6525196632796169,True
idpsam,SASDUK2,folded,388,666.1173862326242,571.430072953561,,,unresolved,29.20039733438655,11.151448402327947,0.38189372132946764,True
idpsam,SASDUL2,folded,287,717.2614081414954,507.9294223383453,,,unresolved,23.386662922140715,11.346369574735812,0.4851641130891715,True
idpsam,SASDUL9,disordered,76,649.6576592595965,253.66549293637425,,,unresolved,25.490139065991244,13.61771168998351,0.5342344996521483,True
idpsam,SASDUR3,disordered,51,132.99045374003555,59.63842135856946,,,unresolved,20.82789397547116,13.313907535912747,0.6392344589228478,True
idpsam,SASDUS9,partly disordered,159,111.32534619270784,84.30402161853067,,,unresolved,30.681734540791947,10.79273498577396,0.35176417328768733,True
idpsam,SASDUW6,folded,239,570.1646777377032,440.12490378552775,,,unresolved,26.026228222674646,11.51648889575831,0.44249550097024354,True
idpsam,SASDUX6,folded,172,67.84353559376031,40.86071977932398,,,unresolved,22.211930808762325,11.931503999172213,0.5371664490538295,True
idpsam,SASDV46,disordered,130,83.01786604477714,58.26613869343311,,,unresolved,33.81936850990636,11.93531705221782,0.3529136580040438,True
idpsam,SASDV64,folded,249,140.59033687567324,109.2081342112367,,,unresolved,20.66752056167986,11.717683381536736,0.5669612543297898,True
idpsam,SASDV74,folded,80,2.337090746017779,1.0636528700515646,,0.8757615137231994,calibration,14.08041935723002,13.791254754611172,0.9794633529525973,True
idpsam,SASDVA8,partly disordered,221,45.56840005086982,32.769776033852224,,,unresolved,22.12293278099644,12.025380447907583,0.5435708080366887,True
idpsam,SASDVK2,folded,223,117.22746179191688,79.91937229319107,,,unresolved,18.663984889649686,12.561363114854252,0.67302685836508,True
idpsam,SASDVL5,disordered,62,136.4223053775016,99.70296498019506,,,unresolved,22.515081103785832,13.393146186525184,0.5948522292586,True
idpsam,SASDVL7,partly disordered,114,177.61766048093276,57.795313834073866,,,unresolved,19.753090206209997,13.159337823800977,0.666191349628117,True
idpsam,SASDVN2,folded,211,32.75640165855042,19.043425218840877,,,unresolved,24.693000068151267,11.422350675737666,0.4625744398903589,True
idpsam,SASDVQ7,disordered,203,101.59338895146008,80.4787654212272,,,unresolved,47.21996125949661,12.013370291486842,0.2544129637351361,True
idpsam,SASDVR6,folded,297,333.8749883815481,289.3000979563959,,,unresolved,26.60592993883429,11.184024258685245,0.42035832930466105,True
idpsam,SASDVT4,partly disordered,365,17.62374677978309,15.40505556810688,,,unresolved,38.40668108786685,11.19292065487878,0.2914316035085563,True
idpsam,SASDVT5,partly disordered,427,371.3974640230608,316.04927514368524,,,unresolved,25.31770607776811,11.011633375238931,0.434938036701059,True
idpsam,SASDVV6,partly disordered,74,47.03360305006984,17.104613277449065,,,unresolved,28.341010059830506,14.510987145064195,0.5120137607809373,True
idpsam,SASDVX6,partly disordered,215,248.45874731761407,178.61980893606622,,,unresolved,23.64694306192277,11.943229741104355,0.5050644267138195,True
idpsam,SASDVZ8,partly disordered,150,629.8235930141811,224.63927014745323,,,unresolved,17.5317001270869,12.000492684990466,0.684502506773397,True
idpsam,SASDWA3,folded,385,972.7475522276424,835.1754467110218,,,unresolved,19.81080023035202,10.699702468349583,0.5400944103185003,True
idpsam,SASDWG9,folded,111,18.6093671070056,0.9474565744651764,0.0121093396374391,0.0385744660177802,population,16.041263311539243,13.537794425126686,0.8439356777709837,True
idpsam,SASDXK3,folded,357,13115.172889760795,11256.430360336844,,,unresolved,19.30717223931749,10.827488676280009,0.5608013717426059,True
peptron,SASDA25,folded,119,1.557167856009238,1.179890673702957,,0.9999787381632168,fits,20.00630079579755,18.641376573939745,0.9317752824078044,True
peptron,SASDA37,partly disordered,215,3.323531284446918,2.72338800650424,,,unresolved,45.28185502700023,48.02489154635753,1.060576946720087,True
peptron,SASDA46,partly disordered,231,21.10754910887453,1.625490146691829,,0.0960055831459145,population,29.81601980228154,21.81639896527591,0.7317005794182664,True
peptron,SASDA47,partly disordered,351,3.692357347799128,2.629830164948648,,,unresolved,71.9161936187573,76.49223591566215,1.0636302071431005,True
peptron,SASDA57,partly disordered,479,4.934560991554002,1.9021700035225544,,0.0519151567146121,population,84.70568984559452,88.0548305977688,1.0395385570707145,False
peptron,SASDA96,folded,129,0.9453492827074266,0.9453492827074164,1.0000000000000004,1.0000000000000004,fits,15.170752563999155,15.179451639680805,1.0005734109527495,True
peptron,SASDAB4,folded,413,48.67307071542301,5.3934203218457055,,,unresolved,35.68399313363872,29.459632297234567,0.8255699463596031,True
peptron,SASDAB5,partly disordered,321,41.65711004361152,3.009793133263196,,,unresolved,31.660333642537942,26.372456608474383,0.8329810072829139,True
peptron,SASDAE6,partly disordered,282,20.90691826568068,3.1412790476958525,,,unresolved,28.74186641745177,23.346383973775133,0.8122779375106776,True
peptron,SASDAG6,folded,357,8.56840505278896,5.575215840070992,,,unresolved,25.724448891924634,24.89705085976706,0.9678361221407037,True
peptron,SASDAG8,folded,189,15.319045432908576,1.7696253262805053,,0.0434653899571497,population,22.993548285443527,21.590544870707312,0.9389827356213477,True
peptron,SASDAH4,folded,355,4.188397929922436,3.538642008385995,,,unresolved,29.33496653182824,26.49760415805095,0.9032771225186581,True
peptron,SASDAJ5,folded,321,2.666159604270872,2.156359785997116,,,unresolved,24.111438078093432,22.762093504193874,0.9440371590641243,True
peptron,SASDAK2,folded,154,2.005757230843906,1.6521945363039865,,0.9990248513142428,calibration,16.32860764335442,16.5103013347313,1.0111273229993267,True
peptron,SASDAN2,folded,150,6.965247634429805,1.7212977808236003,,0.0499423404500416,population,16.28254805251888,18.12184691071728,1.112961365276847,True
peptron,SASDAQ2,folded,76,1.084955068208653,1.0622571081225949,,0.9999991803607692,fits,13.127914861296814,13.054707078961547,0.9944235026576006,True
peptron,SASDAR3,partly disordered,205,22.943607532778717,8.349230309117369,,,unresolved,22.07366086293452,17.953215965212372,0.8133320556427917,True
peptron,SASDAS6,folded,376,5.795919163785847,3.570244603760444,,,unresolved,37.62818641749734,36.60300007868258,0.9727548299181902,True
peptron,SASDAT3,folded,194,30.87318684639457,13.49905718483714,,,unresolved,20.742034504696942,23.35611616098448,1.126028218480477,True
peptron,SASDAT4,partly disordered,335,21.759393401647472,1.5548748144189606,,0.0431027854879213,population,27.5847850061949,24.82456786168774,0.8999369709103305,True
peptron,SASDAW6,folded,134,4.390673791361298,1.122196712568732,,0.394495562047264,population,17.948798426541245,16.875376629336017,0.9401953394485763,True
peptron,SASDAX6,folded,106,2.3315550980761963,1.2592406715623152,,0.2746706251941356,population,15.405752795665975,14.978306072992645,0.972254084020251,True
peptron,SASDAY4,folded,362,233.0321496635686,26.31798837607673,,,unresolved,29.480506902127026,29.565571000001285,1.002885435388091,True
peptron,SASDAZ4,folded,243,4.50326988035585,1.0365497069547895,,0.5233110397375467,calibration,29.6991358606513,24.011619887879025,0.8084955737615341,True
peptron,SASDB26,folded,489,19.41035209865439,16.401581417800223,,,unresolved,57.84096333986231,56.53212067529086,0.9773717001067056,True
peptron,SASDB43,folded,228,7.1106952509323245,1.7034023642077645,,0.0423709425969024,population,29.216061897427977,30.21079309673935,1.0340474086755322,True
peptron,SASDB53,folded,333,127.3245690788144,36.03899472361257,,,unresolved,40.02064760007719,39.33737808353676,0.9829270749596988,True
peptron,SASDB64,folded,380,5.170928905644712,1.31004448388638,,0.3089323470248489,population,37.89283164232851,34.45628734025721,0.9093088546533303,True
peptron,SASDB76,folded,317,3.4262652599653136,2.337342260955414,,,unresolved,36.58720342695236,35.18281354532945,0.9616152711855439,True
peptron,SASDB84,disordered,153,4.74497435388595,3.2019479344336936,,,unresolved,17.42062469296394,16.174914684695494,0.9284922308916064,True
peptron,SASDB85,partly disordered,179,1.739509940274443,1.3536942487535193,,0.999989792087613,fits,16.98135065294012,16.29169563094073,0.95938750479309,True
peptron,SASDB93,folded,429,18.15450767157401,16.6959644280808,,,unresolved,45.12678608267552,55.76062304725515,1.2356435697658077,True
peptron,SASDBB3,folded,140,2.942293456982693,1.5437218278428717,,0.2716730687683112,population,21.075252027461502,21.04428851169416,0.9985308116018258,True
peptron,SASDBB9,folded,400,21.75467274881316,2.695281876732197,,,unresolved,34.69894772572521,32.75407055470436,0.9439499668291396,True
peptron,SASDBC7,partly disordered,398,1.6643865864259182,0.9905879927663775,0.0347338061066143,0.9939080647463184,fits,33.368447910686264,28.33287709976228,0.8490918479516292,True
peptron,SASDBD4,folded,360,4.025415106551356,3.338005380532992,,,unresolved,43.41604271047099,42.028711639537626,0.9680456581410454,True
peptron,SASDBD9,folded,274,1.5520478794127872,0.9346552021044708,0.7373035433484315,0.9983245467246864,fits,24.36362591441428,24.40620291825326,1.0017475643399119,True
peptron,SASDBG3,folded,357,20.869159182069456,10.244731590479422,,,unresolved,31.08052827402674,28.1019500738752,0.9041657794909276,True
peptron,SASDBG6,folded,140,1.2463033690904046,1.0926212140543228,,0.9999850109393924,fits,23.58809657263261,23.20377255751958,0.9837068661335341,True
peptron,SASDBK6,folded,133,13.61216795514765,1.350519768136849,,0.0569907432978799,population,18.99073112008637,17.254955813358862,0.9085988161408073,True
peptron,SASDBM9,folded,161,1.3046886282490906,1.3046886282490906,,0.9999999999999996,fits,19.88910293174276,19.28724868210003,0.9697394974671193,True
peptron,SASDBN2,folded,152,2.1195621451689366,0.9750776073755456,0.0791055731719577,0.9892259805757818,calibration,19.47797849942821,19.19278902658968,0.9853583639161064,True
peptron,SASDBN3,folded,400,17.903415452460102,1.3497728485136973,,0.156184090421044,population,33.56704210669868,29.04193974305804,0.8651921027400384,True
peptron,SASDBP2,folded,228,26.989688149117534,3.974161092711972,,,unresolved,24.623705434894923,20.836666994223364,0.8462035516675389,True
peptron,SASDBP4,folded,229,10.170474337870733,2.051170380119322,,,unresolved,20.67929229890567,20.38546529039409,0.9857912444843615,True
peptron,SASDBP9,partly disordered,378,3.5087053547252878,1.3811727050572264,,0.8474635889415265,calibration,39.56569269567406,41.65994705907689,1.052931067819566,True
peptron,SASDBQ3,partly disordered,164,2.7576364956936885,1.0077983319171502,,0.8946809286988224,calibration,19.58249808868201,20.573697918283894,1.0506166182227161,True
peptron,SASDBR4,folded,351,143.49922334324768,4.958014958002213,,,unresolved,35.13067418255108,28.107123695361253,0.8000735638976627,True
peptron,SASDBT2,folded,162,3.447414460679481,2.8963639761306794,,,unresolved,17.89105911617694,17.645167981244597,0.9862562001871644,True
peptron,SASDBU7,partly disordered,276,6.692893126440129,1.1840053049688044,,0.5160052858729748,calibration,26.04951407052525,24.845176937933445,0.9537673858586675,True
peptron,SASDBV9,folded,111,2.4055645259164327,1.0986003492738563,,0.8530150441428351,calibration,17.559892250862447,18.016502550099847,1.026003023977267,True
peptron,SASDBW2,folded,210,86.48165041136073,3.2529148082770307,,,unresolved,22.081653813163623,19.989848218541,0.9052695231832849,True
peptron,SASDBW3,folded,248,1.405425969183259,1.0360203574852245,,0.9996712637789248,fits,23.21429075330823,24.33440146019652,1.0482509122846524,True
peptron,SASDBW9,folded,211,1.5931082034449355,1.137207275626411,,0.9999545897238498,fits,26.370021531790638,26.337448099474383,0.9987647551869844,True
peptron,SASDBX2,partly disordered,388,2109.513191042919,99.58696974121176,,,unresolved,31.30721062717448,24.986841791871424,0.7981177911194358,True
peptron,SASDBX9,folded,110,29.66575724824485,12.788109957049954,,,unresolved,27.485297787609426,17.388768155207583,0.6326570768698954,True
peptron,SASDBY5,disordered,217,20.6197256637869,20.619725663786884,,,unresolved,50.84005024313629,37.69067167677768,0.74135787625163,True
peptron,SASDBY9,folded,226,5.797967927107471,2.8484933133147146,,,unresolved,28.006876077328062,29.111670602745107,1.039447260107363,True
peptron,SASDBZ6,disordered,404,2.027994398519928,1.0800475109901235,,0.997686200854372,calibration,38.39719079004445,39.56206577081681,1.0303375053436041,True
peptron,SASDBZ9,folded,439,13.787788771187122,10.838995914418463,,,unresolved,43.00111612764496,48.74478017695522,1.1335701155351574,True
peptron,SASDC23,partly disordered,395,3.810026339382604,1.047946481832606,,0.2754650158695508,population,32.09262245439571,25.36327108411176,0.7903146936699704,True
peptron,SASDC26,folded,410,310.9787280972793,91.56630387422004,,,unresolved,31.60524213430056,24.888317289470784,0.7874743431394241,True
peptron,SASDC35,folded,311,41.51221511626075,3.330081749727019,,,unresolved,29.626938869776883,34.4598889601799,1.1631268796160787,True
peptron,SASDC36,folded,219,1.0348950333529432,1.0159320747491598,,0.999986473136821,fits,21.21498197914088,21.36805834049581,1.0072154839210063,True
peptron,SASDC45,partly disordered,466,1.5707001069879174,1.0188224876301917,,0.9999423366924168,fits,28.801695123654184,29.51843733676193,1.024885417682208,True
peptron,SASDC46,folded,193,1.0028825135095163,0.9734654034031416,0.9981945987632806,0.9999596636629384,fits,20.314017426953896,20.469512532405727,1.0076545718251433,True
peptron,SASDC53,disordered,98,14.612501769248468,1.0037941264024082,,0.4277487112829227,population,26.86851677293757,26.434471241779672,0.9838455715726341,True
peptron,SASDC55,folded,159,5.084745771232586,3.0386453159990747,,,unresolved,24.980177461519016,19.73410738804285,0.7899906803481468,True
peptron,SASDC62,disordered,49,7.483907002189064,2.1476978420493773,,,unresolved,16.48168929049662,21.664421621974324,1.3144539519056506,True
peptron,SASDC65,partly disordered,279,1.9531769073307943,1.0840418318756373,,0.999769060414924,fits,35.33617454900705,31.44929922816869,0.890002939750942,True
peptron,SASDC88,folded,155,1.0127499351813132,1.012749935181313,,1.0000000000000002,fits,17.006544687603014,17.134206319549534,1.007506617851631,True
peptron,SASDCA6,folded,87,1.1567155740564687,1.01625833873537,,0.9999903704882924,fits,15.292585504608953,15.298890328380567,1.0004122797789632,True
peptron,SASDCD3,folded,275,15.054293412772246,0.9646443423476384,0.0801410969998368,0.4310677383774682,population,26.98146096984308,29.006050136404827,1.0750363061816635,True
peptron,SASDCD6,folded,131,4.821136184131547,1.890443237906536,,0.0286195927037837,population,22.96770400298687,26.658976407658585,1.1607157774321577,True
peptron,SASDCG6,folded,171,2.6139476255288656,1.2712623131326828,,0.3081760845508388,population,18.510789645644085,17.560824977996024,0.948680489280391,True
peptron,SASDCH7,folded,126,1.6160643599555844,1.6171649203010403,,0.9996637982548752,fits,17.1827902985935,16.649888138925625,0.9689862850906413,False
peptron,SASDCJ6,folded,288,5.134517337649838,2.1019780717757186,,,unresolved,22.62082201980893,21.148051046990687,0.9348931276003788,True
peptron,SASDCK3,folded,451,2.664630666124908,1.7276373753022247,,0.0793951733894489,population,26.64172846186229,26.002184738837848,0.9759946610093279,True
peptron,SASDCK6,folded,446,3.9111607222608606,1.8441107204699785,,0.0191062296092903,population,28.119619492090045,29.51087590054107,1.04947635969407,True
peptron,SASDCK7,folded,347,13.135703104296637,2.8206153299746544,,,unresolved,27.56099874662891,26.307628996083,0.9545237905901645,True
peptron,SASDCK9,folded,364,89.87065970616185,2.4939949535247234,,,unresolved,25.5762977090285,23.667915778080108,0.9253847467424995,True
peptron,SASDCL2,folded,243,5.864147217408018,2.447611949769755,,,unresolved,24.00465763504737,22.043299809377245,0.9182926140630935,True
peptron,SASDCM6,folded,291,1.652827619611546,1.312440339136209,,0.9997722355492654,fits,23.664835098146547,24.090339650356224,1.0179804570978397,True
peptron,SASDCN9,folded,267,1.4852919998668042,1.4852919998667966,,1.0000000000000009,fits,24.79501819170556,26.6355925113002,1.0742316180356888,True
peptron,SASDCP5,partly disordered,148,4.668104314473257,1.602422359395614,,0.3228077344267067,population,20.956718479288742,20.05928007655488,0.9571765778301222,True
peptron,SASDCP8,folded,211,42.011451134799394,2.508019807015379,,,unresolved,22.93091321979196,20.77616200789067,0.906032908883825,True
peptron,SASDCU2,partly disordered,373,30.536995762504475,2.9332228671885896,,,unresolved,49.36273264837064,30.270283067064675,0.6132213806454216,True
peptron,SASDCU8,folded,326,1.0264723695053866,1.0264723695053863,,1.0,fits,25.888863921300747,21.233514494719845,0.8201794624618275,True
peptron,SASDCV7,partly disordered,489,92.04420635844066,92.04420635844066,,,unresolved,34.5051689106723,37.90425037362462,1.0985093413613458,True
peptron,SASDCY4,disordered,254,1508.1188948284098,14.771741702894326,,,unresolved,51.313714114923606,43.36497470318542,0.8450952235900139,True
peptron,SASDCY9,partly disordered,100,1.613269274489178,0.9863528932537564,0.6009539300037314,0.9977115067607476,fits,22.587071094653734,23.604800343567195,1.0450580442523314,True
peptron,SASDD32,folded,430,5.020998189604156,5.020998189604153,,,unresolved,28.95180421854238,25.78094058956269,0.8904778574404392,True
peptron,SASDD43,folded,187,2.7017933261877465,2.701793326187748,,,unresolved,17.47467396485706,17.18820745276385,0.9836067606944018,True
peptron,SASDD76,folded,285,4.659061114408707,0.9987353055714486,0.0352621187437444,0.2646542421941981,population,25.69069346151649,23.10473640663912,0.8993426526710532,True
peptron,SASDD85,partly disordered,483,37.82467505565632,1.3315488131427458,,0.0894095697668493,population,38.81275981879835,31.28265452725489,0.8059889240884033,True
peptron,SASDD88,folded,91,3.724580274886361,2.8103053913012843,,,unresolved,16.107537299224845,14.065465157371111,0.873222572518767,True
peptron,SASDD95,folded,409,38.09024407340095,38.09024407340095,,,unresolved,29.70416960620056,27.095806829591,0.9121886653897546,True
peptron,SASDDD8,folded,291,32.397134279454725,10.74656675856127,,,unresolved,23.349134782667196,21.008928580012917,0.8997733224619745,True
peptron,SASDDD9,folded,137,8.450484703574851,1.085978922124863,,0.1667000147181693,population,18.9559063984566,17.345872684128135,0.915064271763889,True
peptron,SASDDE3,partly disordered,122,52.6232459287319,3.640741223453309,,,unresolved,20.050288437478446,17.093455267023185,0.8525291454197594,True
peptron,SASDDE7,folded,307,4.158301488698961,1.4127133218614094,,0.0556370900251494,population,23.719090750310876,20.12138594818596,0.8483202901832245,True
peptron,SASDDE8,partly disordered,235,3.72876328302196,1.021802568589302,,0.4468896397761987,population,23.67302564056997,25.25534904931971,1.0668407761971082,True
peptron,SASDDF5,folded,246,1.8871968660999847,1.2057455913843256,,0.9977181036876523,fits,21.159297294326983,21.226601358118483,1.0031808269837743,True
peptron,SASDDF6,disordered,169,303.7714935386867,6.384418609734687,,,unresolved,33.0817807556,33.43506439251914,1.0106790997597472,True
peptron,SASDDH6,folded,205,7.279075977633305,1.2215699691301316,,0.1302229430859502,population,23.994398950281724,19.49611366065376,0.8125276945278452,False
peptron,SASDDJ2,folded,77,1.4955048584428274,1.104115983388817,,0.9989928861576588,fits,12.912102146071629,12.936590439608128,1.0018965380895744,True
peptron,SASDDK7,partly disordered,170,1.8513081292549347,1.011248197918436,,0.9836296361733882,fits,25.925220018303506,24.57684288865056,0.9479897517282023,True
peptron,SASDDL7,folded,128,14.217456710130556,3.69909612151872,,,unresolved,17.262606206058717,16.599133149049134,0.9615658812412275,True
peptron,SASDDM6,folded,264,16.23866855203266,1.028339187063558,,0.4008308242213054,population,21.37655988307354,22.752447720037093,1.0643643244979288,True
peptron,SASDDR2,folded,279,1.242597886273512,1.242597886273512,,1.0000000000000002,fits,27.280455698611856,24.613103578805983,0.9022247960490778,True
peptron,SASDDU2,folded,295,2.4390598409797946,1.0395356038378558,,0.9094103399365312,calibration,25.46205310952465,24.39699491535176,0.9581707653506354,True
peptron,SASDDV2,folded,300,1.1162763258781294,0.9910501997625644,0.0794067113917165,0.9999543016958984,fits,24.00400703736039,23.204134884921327,0.966677557159764,True
peptron,SASDDX4,folded,176,1.3024489468907765,1.3024489468907765,,1.0,fits,19.3097639183258,18.300499258758915,0.947732936361327,True
peptron,SASDE27,folded,178,1.3519211050766713,1.266907510639185,,0.9999993442165496,fits,18.133308154127636,17.737640415871436,0.9781800576655322,True
peptron,SASDE34,folded,144,1.1160736392400463,1.090810229010955,,0.9999966957411052,fits,15.856130142325917,15.644711458417326,0.9866664386574228,True
peptron,SASDE48,folded,97,5.671916103969044,3.7462719326265614,,,unresolved,15.032904410734933,14.220549574803236,0.9459615511589632,True
peptron,SASDE53,folded,41,5.573706011570535,5.573706011570536,,,unresolved,20.25713490851255,11.455921674567811,0.5655252693091237,True
peptron,SASDE59,folded,320,4.4567708163649895,1.0200526789530946,,0.6659449218423377,calibration,30.44913345514281,33.61649890484536,1.1040215300172223,True
peptron,SASDE73,folded,60,30.13514606465056,19.38165872375401,,,unresolved,24.65670447026993,13.313741198499578,0.5399643417291534,True
peptron,SASDE79,folded,314,14.941417851290929,1.334090511844384,,0.1863827647119417,population,31.500343110147075,32.63128763226292,1.0359026096370212,True
peptron,SASDE93,folded,109,46.73111824487072,46.73111824487072,,,unresolved,35.365598779422015,15.468816456291384,0.4373972727783175,True
peptron,SASDEA9,folded,356,1.2153125805455964,0.9941888785391824,0.1426989951062509,0.9998828967105016,fits,30.75823648732613,29.844548802058565,0.9702945360458475,True
peptron,SASDEB3,disordered,153,18.75413379109254,18.754133791092528,,,unresolved,28.51132254398601,33.396512487897134,1.1713421022954815,True
peptron,SASDEC3,disordered,178,5.807448936511493,5.807448936511493,,,unresolved,39.78520287110585,37.110090901217376,0.9327611328625074,True
peptron,SASDEC6,folded,334,4.4631889626609285,4.420016760978283,,,unresolved,25.934930423058976,23.415095609100707,0.9028401166745424,True
peptron,SASDEC9,folded,257,28.17565763681532,5.370585104353792,,,unresolved,21.970055854390587,22.73724465101002,1.034919747209751,True
peptron,SASDED2,disordered,267,211.9011426960248,18.32479968286029,,,unresolved,36.30915034712512,37.2486295628451,1.0258744478110424,True
peptron,SASDED9,folded,407,10.333680945217491,1.343621312764128,,0.1795710538785697,population,26.43372130722642,26.406622832460737,0.99897485206677,True
peptron,SASDEE2,disordered,187,98.59197291933047,10.513513591618208,,,unresolved,30.247748697212263,35.89014445757216,1.1865393625436964,True
peptron,SASDEE9,partly disordered,186,7.717991317891617,0.9817169465903456,0.2598592757798194,0.7316348124918106,calibration,22.078610169930293,20.252323900669623,0.9172825528779,True
peptron,SASDEJ3,partly disordered,352,2.5696080932059093,0.8720048651643364,0.4196065243741867,0.9647015676330531,calibration,25.64205940159557,26.22975018600683,1.0229190165737894,True
peptron,SASDEK2,disordered,38,1.3959528585387109,0.9928981620449062,0.2596548498285564,0.9977574706037332,fits,16.12422647527856,19.39989265969596,1.203151834256335,True
peptron,SASDEK4,folded,182,1.1151591201796698,1.0925855747700255,,0.999999917833479,fits,17.159021117375257,17.104193310882525,0.9968047241088122,True
peptron,SASDEK7,partly disordered,171,1.0787542698651835,1.078754269865183,,1.0000000000000002,fits,20.75218114517911,20.71765876106269,0.9983364455102378,True
peptron,SASDEL4,folded,411,6.686681161695713,2.6066701363509344,,,unresolved,38.621723931746494,28.53138117165981,0.7387391930531467,True
peptron,SASDEL6,folded,452,29.06688636730753,4.197765567691089,,,unresolved,25.650369306279146,24.683580559428854,0.9623089735938568,True
peptron,SASDEP2,disordered,46,1.11014115201601,0.9998369836934952,0.0554696113574241,0.9998741770656392,fits,22.634801619670057,25.81096888774953,1.1403222931416959,True
peptron,SASDEQ7,folded,289,2.088780899064298,1.0059097881704626,,0.9951390852410378,calibration,21.93259398057169,21.835006765590684,0.9955505848935402,True
peptron,SASDES5,folded,121,1.4538247992393536,1.026283089307213,,0.9991050961017516,fits,15.427782572257197,15.007732777661136,0.9727731582533831,False
peptron,SASDET2,disordered,99,2.977282802472007,1.733201914423513,,0.7726704610991255,calibration,29.979239477627683,30.30818464005992,1.010972431861646,True
peptron,SASDET5,folded,389,153.90225153207936,70.93636743228231,,,unresolved,26.54816128092102,22.32494927133488,0.8409226173934248,True
peptron,SASDEW7,partly disordered,142,4.914610677720882,1.0079291793335208,,0.2627924282880186,population,22.05470139221025,19.149181953624947,0.8682585002211122,True
peptron,SASDEX2,disordered,82,1.6302100747527442,1.0414506213125514,,0.9981416766122144,fits,32.14352574493883,33.906380781547604,1.0548432381250632,True
peptron,SASDEX4,disordered,104,1.776174310106845,0.989236001710618,0.1823361061878179,0.9988435457841526,fits,24.028155036690915,26.7755303364324,1.1143398357279721,True
peptron,SASDEX6,partly disordered,476,8.917069511277058,6.981815018609128,,,unresolved,29.40594008682406,25.242640285984987,0.8584197686404005,True
peptron,SASDEY9,folded,403,6.746780387337964,1.0142782743705088,,0.2399505136688259,population,28.2175774377076,25.628191539855752,0.9082350033921902,True
peptron,SASDEZ2,disordered,114,6.945994327988795,1.1924754685618226,,0.243612464705021,population,30.429286463023903,34.65381769765621,1.1388310974615108,True
peptron,SASDF27,disordered,98,5.51317451721465,5.513174517214648,,,unresolved,27.47333873499298,26.492714541644453,0.9643063333944375,True
peptron,SASDF34,disordered,271,16.985464391183594,1.2891484772622364,,0.1018969273771373,population,46.21389424619515,39.31768008150412,0.850776172898288,True
peptron,SASDF37,folded,89,6.16611969468483,6.1661196946848325,,,unresolved,18.744939526615312,17.200086447313716,0.9175855927884904,True
peptron,SASDF38,folded,199,101.47339437729876,7.977552975267602,,,unresolved,27.52787754026244,23.87307614933801,0.8672327212448946,True
peptron,SASDF52,partly disordered,259,119.86230513335065,14.24555295608875,,,unresolved,30.30809201467102,23.32458724952416,0.7695828308239792,True
peptron,SASDF53,folded,274,1.5660274656277973,1.0012797668065572,,0.9994716139603496,fits,20.845797879662864,20.41516474261421,0.9793419690848686,True
peptron,SASDF65,folded,495,6.525520022459377,1.165804052623073,,0.530799518373624,calibration,33.159641949400594,30.99397538581466,0.9346896879378072,True
peptron,SASDFD3,folded,298,6.842602398227163,0.9105463279265592,0.5122747482464844,0.7528598318944867,calibration,26.893577801955573,25.87948297235874,0.9622923049857988,True
peptron,SASDFG8,folded,232,1.1670957906208572,1.003014453396034,,0.9999637555813004,fits,20.239881279939794,19.925017714824307,0.9844434084982724,True
peptron,SASDFJ8,folded,286,3.57158530661208,1.2332155121306043,,0.3850254906834741,population,20.52035990349926,19.653194896427124,0.9577412379144354,True
peptron,SASDFK8,partly disordered,114,21.927624524690614,1.0570629186830025,,0.2169085301252157,population,29.595169813517817,28.42670743564785,0.9605184769936254,True
peptron,SASDFP4,folded,451,1.0822217989552498,1.0453369659462477,,0.9999975285474458,fits,26.80443025463942,26.22377300854067,0.9783372658705086,True
peptron,SASDFP8,folded,260,1.1077215068284358,1.107721506828433,,1.0000000000000009,fits,18.188052616508777,18.305033358628677,1.0064317354137033,True
peptron,SASDFU7,folded,409,1.041196353460676,1.0411963534606743,,1.0000000000000009,fits,29.43605195361957,30.467210559163032,1.0350304656061957,True
peptron,SASDFY7,folded,485,1.2047489041571249,1.0600078295939768,,0.9997101893402502,fits,23.12039899666981,23.020602372426456,0.9956836115043807,True
peptron,SASDG45,partly disordered,139,9.47108187463655,1.6062078851946189,,0.0465758942233113,population,16.849766656756046,15.812407466289176,0.9384348037810404,True
peptron,SASDGA5,folded,219,2.268379678624846,1.7492575931480638,,0.1869805861541645,population,22.16437642566953,20.792108270089415,0.938086769091738,True
peptron,SASDGB5,folded,196,274.7263632364385,274.72636323643854,,,unresolved,27.275360520121342,20.61659820059308,0.7558689530568802,True
peptron,SASDGD2,folded,309,1.199797092794615,1.11461192020092,,0.9999953073544828,fits,21.519191296420303,21.05410996586371,0.9783876018317678,True
peptron,SASDGD6,folded,401,1.1302275548301255,1.034589604099709,,0.9999983808193804,fits,20.333541320980963,20.53295191883011,1.009806978268138,True
peptron,SASDGG2,folded,298,1.35272536439612,1.104328282497243,,0.9999985551990288,fits,30.22116755529928,31.491319752233984,1.0420285614250526,True
peptron,SASDGP5,partly disordered,163,5.093056095550289,0.982356959115088,0.2059139365779993,0.6847910569828852,calibration,26.669651342587773,27.77096883595577,1.041294784068262,True
peptron,SASDGQ9,partly disordered,195,1.8776653936085852,1.0140557467356102,,0.9917867692614992,fits,23.066039451520123,24.10225347648411,1.0449237948778283,True
peptron,SASDGR2,folded,183,1.2699120834365052,1.0615975350425193,,0.9996231121612712,fits,21.391062863054877,20.772672809477854,0.9710911955363816,True
peptron,SASDGX4,folded,318,1.23100442728049,1.1561589017714873,,0.9999986010254712,fits,25.851810447339968,25.522820293629167,0.9872739994600783,True
peptron,SASDGZ5,partly disordered,454,21.51803993230462,4.348039636413799,,,unresolved,31.355147364740468,27.4725220467408,0.8761726337039716,True
peptron,SASDH24,folded,187,26.577800394282843,8.086142387015924,,,unresolved,18.05573254910537,16.807741961922893,0.9308811988775103,True
peptron,SASDH25,partly disordered,422,6.213221801869843,1.0650524786491435,,0.1287230670360667,population,24.00004473845676,22.63339307402478,0.9430562867975779,True
peptron,SASDH33,partly disordered,424,37.43881319723685,1.472276254801353,,0.1552962689036043,population,30.847612746052288,27.804091266371096,0.9013368877281862,True
peptron,SASDH34,folded,468,8.758427937306434,5.5535140688516895,,,unresolved,31.860389251974897,28.7839154705458,0.9034389141608369,True
peptron,SASDH64,folded,76,1.2220597882918105,1.0303442623473804,,0.9989534212214624,fits,13.681804641474075,13.4481345226928,0.9829211039841234,True
peptron,SASDH65,partly disordered,373,9.861917314361474,1.206526996996641,,0.1288613146630423,population,32.3611270718829,26.722266244301736,0.8257520260324768,True
peptron,SASDH69,folded,302,1.5871174459173238,1.1318570876021103,,0.9944859515215692,fits,25.120791811277822,24.780768847398548,0.9864644806408283,True
peptron,SASDH84,folded,135,2.41575774185922,1.6133010821910445,,0.2875681858711388,population,21.196169696143176,19.99424264026281,0.9432950824082587,True
peptron,SASDH95,partly disordered,259,8.242773130977993,0.9682586628375356,0.3993389907155291,0.6040586985042886,calibration,26.475632479482893,24.00285231679945,0.90660165854018,True
peptron,SASDHC9,partly disordered,75,2.9887730856506427,2.566685408551827,,,unresolved,28.2032077935802,31.26775445391425,1.108659507200866,True
peptron,SASDHD5,disordered,220,130.84173428481358,33.743541575730966,,,unresolved,27.059185579063584,38.82247542200472,1.4347244601494107,True
peptron,SASDHF8,partly disordered,24,2.146955159301224,1.0249784800276212,,0.9149833502591028,calibration,13.6809685461946,13.030223368140096,0.9524342756978627,True
peptron,SASDHG4,folded,284,96.81430825625274,17.67127257985467,,,unresolved,23.771629673080227,20.34392466841785,0.8558068987359321,True
peptron,SASDHG9,folded,412,1.7741647812189745,1.7741647812189736,,0.9999999999999996,fits,24.535194673975763,24.15062012728284,0.9843255962790123,True
peptron,SASDHN7,folded,113,1.826635798229539,1.376919803673652,,0.9999745839470562,fits,16.081264925213397,14.730138011305584,0.9159813036977325,True
peptron,SASDHP4,folded,279,1.4409079525761188,1.2319806412821483,,0.999998149971415,fits,23.012086684198103,21.129528539030886,0.9181926362870896,True
peptron,SASDHP7,folded,299,1.7198752765894445,1.5393741612769034,,0.999993181871996,fits,19.339871528062048,19.06549129607574,0.9858127169258502,True
peptron,SASDHS8,folded,467,1.4547960737979528,1.454796073797953,,0.9999999999999996,fits,18.213340415659975,29.84758592129716,1.6387760421824635,True
peptron,SASDHT5,partly disordered,377,1.203045729893521,1.1939993305179069,,0.9999998313305868,fits,24.59557685922055,26.512813504440597,1.077950464678827,False
peptron,SASDHV4,partly disordered,305,4.704410448842892,1.315931783792449,,0.0579149196156478,population,31.978546678312444,24.4893651051502,0.7658060684089393,True
peptron,SASDHW9,folded,465,7.653379023114321,1.0540657481460964,,0.4424316492311312,population,29.670990921861083,31.956881966058504,1.0770412774624663,False
peptron,SASDJ28,folded,245,3.527445544292934,2.623867388440439,,,unresolved,21.42812517432333,20.527081074626015,0.9579503996561953,False
peptron,SASDJ29,folded,318,4.791750517876803,0.9995386119579912,0.0452267486527463,0.2120761608745155,population,24.7145917019278,23.463450635587343,0.949376421774232,True
peptron,SASDJ63,folded,404,3.2321345299314297,2.010586395870662,,,unresolved,29.987729124099957,28.36645941617426,0.9459355624690251,True
peptron,SASDJ83,partly disordered,179,1.5389710652926412,0.9810522255880746,0.1067522497801414,0.9988232875586784,fits,20.498015278706884,19.77800992391378,0.9648743868611982,True
peptron,SASDJ84,folded,215,4.492935426231576,1.6845869221301892,,0.89752685538298,calibration,26.942580072956943,27.928987384945067,1.0366114644298008,True
peptron,SASDJ86,partly disordered,208,1.638290164170768,1.03022029216811,,0.999009059196428,fits,34.367166745239295,33.49966452961335,0.9747578198093354,True
peptron,SASDJ93,folded,272,1.3283869493976157,1.2195588048777892,,0.999915484495666,fits,21.546828718851675,21.801413861712263,1.011815434474487,True
peptron,SASDJ94,folded,216,4.135400035476012,1.224002154944653,,0.7453959691710468,calibration,21.07953022174192,22.725548648777625,1.0780861057965117,True
peptron,SASDJA4,folded,270,4.810498707644193,3.3458589579956697,,,unresolved,23.35230091111216,21.73077973267171,0.9305626805421623,True
peptron,SASDJA5,folded,172,11.910728849621758,1.337402581866686,,0.1240849137968245,population,22.821354484439723,20.49232192330468,0.897945033774264,True
peptron,SASDJB2,folded,278,1.5906357393020698,1.0584349720859338,,0.999463063918356,fits,21.7493830991841,20.255019787674097,0.9312916920587939,True
peptron,SASDJB9,partly disordered,82,1.0399008771840252,1.0128520636680418,,0.9999987826375252,fits,20.1044359700569,18.099992411807047,0.9002984435258354,True
peptron,SASDJC4,folded,290,1.82795390213723,1.0776639060403523,,0.999608785305354,fits,24.327093149238344,24.26852030961999,0.9975922795518959,True
peptron,SASDJD6,folded,419,241.22108173010935,49.1727226289173,,,unresolved,35.91730479767933,28.7281464596992,0.7998413751121818,True
peptron,SASDJE2,partly disordered,34,10.594818490079629,1.2210103033194777,,0.2536074574407767,population,15.554020967405588,14.091094947511136,0.9059454771881751,True
peptron,SASDJE4,folded,249,1.646543764301229,1.595611516488388,,0.9999999736167084,fits,25.909675879746903,22.015705143116804,0.8497097858459147,True
peptron,SASDJF5,folded,203,3.730764855830562,1.420346393495159,,0.2794989058013093,population,20.867592073543776,20.42761002707588,0.9789155334780714,True
peptron,SASDJF6,partly disordered,78,2.107770109965095,0.9652264249215268,0.4623696051726502,0.9820115827067998,calibration,23.063329812643,21.742278063003653,0.9427206842909923,True
peptron,SASDJG2,partly disordered,20,5.370109271082654,1.0162913136263736,,0.1083544898916859,population,12.209201840057158,10.859920044212252,0.889486486215827,True
peptron,SASDJG4,folded,261,15.177236939394763,15.177236939394763,,,unresolved,28.54921955880945,22.529091709243342,0.7891316140125983,True
peptron,SASDJG6,disordered,40,19.297296880364595,8.355491159906249,,,unresolved,9.424330958943306,17.43270944458941,1.8497556506169255,True
peptron,SASDJH6,disordered,51,4.840871519598481,1.0039872381151784,,0.7588725014070146,calibration,18.877000305256832,18.54618408696485,0.9824751701572068,True
peptron,SASDJJ4,folded,200,1.0482895427774386,1.004376321100544,,0.9999964594467668,fits,18.021652342435598,17.773728794587015,0.98624301794654,True
peptron,SASDJJ6,disordered,191,7.5527520995405935,0.9608475731022936,0.1998269342320501,0.4289714920461827,population,33.94387746943146,33.31794675540693,0.9815598346244261,True
peptron,SASDJK6,disordered,209,90.9199179020586,1.9608722568095744,,0.0544655696523046,population,38.21268048362726,37.08621416486858,0.9705211384152617,True
peptron,SASDJL9,folded,87,2.518111627209516,1.230647658779052,,0.6405551132674389,calibration,15.300948556562718,14.239186911572222,0.9306081161527011,True
peptron,SASDJM2,folded,381,19.212805417698373,1.293518761838629,,0.085133036506296,population,33.30094974103696,35.26054312850807,1.058844969969619,True
peptron,SASDJM5,partly disordered,379,7.603977084312485,1.0156594038111777,,0.8004922604715774,calibration,31.649923348728528,28.55478084379673,0.9022069509986306,True
peptron,SASDJN5,folded,405,2.4126754140976714,1.1087845646488133,,0.8918222717485546,calibration,30.364891463260168,30.275773955618888,0.9970651135786502,True
peptron,SASDJP5,folded,301,0.9481986153683174,0.8781321200770632,0.9999747517558764,0.9999747517558764,fits,29.43403816447536,30.26595091448395,1.0282636295217094,True
peptron,SASDJR3,folded,271,1.1262327239031724,1.0353075608709863,,0.9999978962042866,fits,24.42216965471741,22.782266960302973,0.9328518834485423,True
peptron,SASDJT3,disordered,439,3.7062275016086095,3.7062275016086095,,,unresolved,33.476669963690235,32.09804394354585,0.9588183047585176,True
peptron,SASDJT7,disordered,180,125.04889625541976,20.06080254913357,,,unresolved,35.034740281753216,35.7654252963419,1.0208560134515752,True
peptron,SASDJV9,partly disordered,138,1.575680711983945,1.067889928293431,,0.9999006431436182,fits,,21.935739715154565,,False
peptron,SASDJX3,partly disordered,190,9.311982038773372,1.3183979204427552,,0.5082408740063578,calibration,29.754457105952124,26.334605297087933,0.8850642175494414,True
peptron,SASDJX7,folded,302,5.001488387643208,1.1154764030676647,,0.8466145055261635,calibration,26.146451397669374,26.21318768231711,1.002552403140018,True
peptron,SASDJY2,folded,182,7.559035482246112,7.559035482246111,,,unresolved,20.52939705686798,17.37316416297966,0.8462578864276764,True
peptron,SASDJZ6,folded,211,4.509242582771677,2.640652433932733,,,unresolved,24.451750623018825,23.203160250138783,0.9489365652328949,True
peptron,SASDK42,folded,364,40.09451057311325,3.512426481276491,,,unresolved,31.48987735994072,25.397319975071994,0.8065233054029209,True
peptron,SASDK52,folded,265,1.161740317949508,1.1267363555234862,,0.9999723651838676,fits,25.17459867980943,24.988790398825905,0.9926192157679737,False
peptron,SASDK56,folded,223,1.3056572548063945,1.3056572548063936,,0.9999999999999996,fits,29.59217888512532,20.53526882707843,0.693942440223643,True
peptron,SASDK68,disordered,150,23.760058903398303,23.76005890339829,,,unresolved,35.81531059549425,31.249926781572626,0.8725298276626986,True
peptron,SASDK76,folded,320,1.0610113765638016,1.0113037853919171,,0.9999987382523368,fits,22.84806480713285,21.679358647980337,0.9488487900827531,True
peptron,SASDK92,folded,412,11.794592760979098,7.135899930792901,,,unresolved,30.38288423898635,28.55379596735978,0.9397987282168708,True
peptron,SASDKD6,disordered,70,29.58461610295754,29.584616102957547,,,unresolved,23.98431280548197,26.834744537034645,1.1188456702791654,True
peptron,SASDKH8,disordered,173,7.988930521479678,1.1434372256751095,,0.3938421410310685,population,37.30106760782824,32.84955314540438,0.8806598645050675,True
peptron,SASDKK2,partly disordered,360,31.01940336804815,31.01940336804814,,,unresolved,31.910224522436064,27.292594103330405,0.8552930764915488,True
peptron,SASDKK9,folded,289,11.791625056094576,2.106130496758704,,,unresolved,28.50130674916844,23.852547228619624,0.8368931094471853,True
peptron,SASDKQ3,partly disordered,492,36.09596744103541,15.612819793963316,,,unresolved,44.32816638984295,33.96662340023068,0.7662537426319885,True
peptron,SASDKQ4,folded,253,86.99112206962502,79.77366537123243,,,unresolved,7.145788682210825,20.239010460259763,2.832299044980721,True
peptron,SASDKU8,partly disordered,103,19.805492586201908,3.1121747325581093,,,unresolved,29.677099235126654,19.80209187703973,0.6672515976090214,True
peptron,SASDKV7,folded,336,1.026225534983899,1.0091773629200635,,0.9999996306160812,fits,24.16936180892453,24.605972142613314,1.018064619874554,True
peptron,SASDKW7,folded,148,1.1707771500005486,1.086722931655743,,0.999988918887144,fits,21.35132996744245,20.452895228841196,0.9579213688341087,False
peptron,SASDKX6,partly disordered,91,6.762094491744605,5.783194428195733,,,unresolved,15.989334174188226,27.810157524218575,1.7392942833800324,True
peptron,SASDL26,folded,273,3.945198751302729,1.150626014838072,,0.0999921160546046,population,25.44953543642256,28.708310606413,1.1280485130320526,True
peptron,SASDL49,partly disordered,459,6.956034013121195,0.9673319340052372,0.0877268563124685,0.5880628259535835,calibration,44.155490807125325,39.46764524320959,0.8938332361791058,True
peptron,SASDL62,partly disordered,284,2.856650991029424,2.856650991029425,,,unresolved,23.250628262362174,22.34232505161948,0.9609342508729949,True
peptron,SASDLA5,folded,133,1.3063431915360966,1.1773929103606156,,0.9998316786181176,fits,14.712126400542216,14.92171151292747,1.0142457389692852,True
peptron,SASDLB7,folded,424,14.041038757711158,5.441394463950037,,,unresolved,40.35786960231569,24.678242474065478,0.6114852621618428,True
peptron,SASDLF3,partly disordered,252,42.199227030474205,15.173527157783234,,,unresolved,44.83394987044664,34.326406541712565,0.7656342267612614,True
peptron,SASDLF9,disordered,133,10.28622642201078,0.9883742615963588,0.0454516386093559,0.1000451584757763,population,33.05699054942868,33.97716370753212,1.0278359627664093,True
peptron,SASDLH5,partly disordered,361,553.3808271173756,75.20171016880651,,,unresolved,60.98743235823829,31.493901795918266,0.5163998643347381,True
peptron,SASDLH9,partly disordered,122,306.8198910084534,13.897212599190755,,,unresolved,28.04100093582992,24.53007067229376,0.8747929764857287,True
peptron,SASDLJ9,disordered,62,410.6893671268485,2.663217948095418,,,unresolved,24.26268893160696,18.602731287554143,0.766721748772058,True
peptron,SASDLK9,disordered,475,144.11989113664856,8.551276053381358,,,unresolved,71.66806527509094,41.73664193354948,0.5823603828755166,True
peptron,SASDLM8,folded,364,5.494211756743979,2.961851330559954,,,unresolved,27.9970236443302,24.102559032597355,0.8608971917441114,False
peptron,SASDLM9,folded,170,8.734773091593288,1.328749103207289,,0.3357035491919575,population,22.12672289167008,22.75709737286852,1.0284892834914905,True
peptron,SASDLQ3,folded,169,0.783637600650526,0.7809752640838673,0.9999999855878902,0.9999999855878902,fits,17.217254134718086,17.307954651950205,1.0052680013039492,True
peptron,SASDLR9,folded,78,1.1304114631303783,1.0390856832529105,,0.9999688723051549,fits,17.954227642777084,17.979504297380586,1.0014078385941414,True
peptron,SASDLS4,disordered,255,9.51004126030051,1.1517430065137018,,0.2407890231869146,population,46.96046974149995,39.38070674549244,0.838592692157227,True
peptron,SASDLT4,disordered,410,8.010004201240791,1.337897626661675,,0.1307944412730289,population,62.843037652504194,45.832318673006135,0.7293141831628152,True
peptron,SASDM43,folded,119,3.969180447183129,1.1789391857424267,,0.1495365724977885,population,16.597264852235362,18.03815567047667,1.0868149560225426,True
peptron,SASDM53,folded,226,1.560263989212331,0.9384328743475772,0.2455881474286265,0.999848785798656,fits,23.63943417193286,22.27169807599826,0.9421417583015369,True
peptron,SASDM55,folded,168,3.749218018396405,2.721549684190538,,,unresolved,16.071404143587927,16.603389864213135,1.0331013840403893,True
peptron,SASDM65,partly disordered,292,30.704489417510203,3.826418092228361,,,unresolved,35.862684366923666,29.790215721012444,0.8306744530392184,True
peptron,SASDM75,folded,476,10.733042856882635,1.1977918665886813,,0.1828198171649961,population,31.683341944875067,30.14875332133045,0.9515648120007477,True
peptron,SASDM82,folded,83,1.0714398890874728,1.0416388232812823,,0.9999992327703228,fits,13.650494989494929,13.792064758282502,1.010371035548273,True
peptron,SASDM97,folded,274,18.009708145008723,18.009708145008723,,,unresolved,23.610050873932096,20.258569541224315,0.8580485340500406,True
peptron,SASDMA5,folded,60,1.0276965571937078,1.0116803956691434,,0.999995849768822,fits,11.624823382481823,12.31754845252314,1.0595901586844947,True
peptron,SASDMC9,partly disordered,444,17.55083717351791,1.7542352851376577,,0.0262127081837172,population,32.32706504222345,27.54164520029203,0.8519686264224412,True
peptron,SASDMQ2,folded,484,2.3531300996072098,1.7904023116057928,,0.0984587191594413,population,53.4452888036859,60.49678754940013,1.131938640496745,True
peptron,SASDMQ3,partly disordered,309,1.5203094713878906,0.9960421096273382,0.0900877528181987,0.9985068808128532,fits,33.400806704950185,30.46292417989601,0.9120415698037987,True
peptron,SASDMQ9,folded,285,28.879629168564577,20.87881305120533,,,unresolved,36.92427935771512,35.8422234888269,0.9706952745534861,True
peptron,SASDMR3,folded,74,1.3998391293540955,1.3710847347233053,,0.9999994860919296,fits,14.425685321559758,13.784894332611476,0.9555798581027832,True
peptron,SASDMS3,folded,267,1.1957973726282554,1.1274161693320572,,0.9999760156641418,fits,24.47108297670429,24.36123068965977,0.9955109347980595,True
peptron,SASDMS4,folded,320,1.040209798595814,1.0028999628975643,,0.9999771714642578,fits,28.20149969944565,28.208722507720577,1.0002561143326383,True
peptron,SASDMT5,partly disordered,379,12.821361822239446,1.82530662160844,,0.0330576738768684,population,50.73332902560244,29.84089732449773,0.5881911930013227,True
peptron,SASDMT7,folded,438,1.523665472630212,1.2527799719146773,,0.9999693236048728,fits,23.43518668768269,22.822850517753523,0.9738710777904318,True
peptron,SASDMU6,partly disordered,155,1.458685120156066,1.113721605035351,,0.9999669129127544,fits,19.99741569871532,18.87526041848282,0.9438849850831181,True
peptron,SASDMV6,folded,206,1.749774601880812,0.9875971327119856,0.3630747234259815,0.99461037549854,fits,21.91470894288421,21.955662853486064,1.001868786425984,True
peptron,SASDMX9,folded,239,2.55447367256166,1.3396235922219697,,0.9564112598607132,calibration,20.9964756963414,20.975686748892823,0.9990098839562775,True
peptron,SASDMY9,folded,247,6.327312245577638,0.9950813121704682,0.065159760860986,0.7003869138380994,calibration,22.8870202401529,21.987295745916256,0.9606884389144651,True
peptron,SASDN65,folded,197,3.410603215606113,1.0889990175275397,,0.7555620865799295,calibration,18.998194594497605,18.790256980287843,0.9890548750211251,True
peptron,SASDN68,folded,201,8.447354988059557,1.2639669927201311,,0.3827393363807527,population,21.21289085795956,19.900784012141848,0.9381457786869544,True
peptron,SASDN73,folded,313,1.2507127165937455,1.1026274787791754,,0.9999929220290756,fits,22.656286829466115,22.403475691482733,0.988841457566004,True
peptron,SASDNB2,folded,105,5.112772446231926,4.4643039378742815,,,unresolved,19.69670281019105,14.483112123706146,0.7353064247998199,True
peptron,SASDNB7,folded,269,1.0007659910148337,0.9860659086639002,0.9993535999490494,0.9999789109061828,fits,21.893309421628903,22.105089446257583,1.0096732760018208,True
peptron,SASDNB8,partly disordered,209,1.852945670561286,1.087613151254143,,0.9970883511031148,fits,27.127106450979987,26.65042947394273,0.9824280198148433,True
peptron,SASDNC7,folded,394,2.9873132553617743,1.0253939323809491,,0.6340517972212354,calibration,26.431468391559505,26.99210068073488,1.021210788627786,True
peptron,SASDND2,folded,105,4.30147403019216,2.5573050755177844,,,unresolved,13.994978063716884,13.533720783677722,0.967041228793705,True
peptron,SASDNG9,folded,197,56.77493725005925,7.266428959923949,,,unresolved,18.47181282473149,20.06150972345232,1.0860606868315827,True
peptron,SASDNK8,folded,354,2.252198486416983,1.2275547053365818,,0.3118114193993971,population,33.811977035241966,25.62862696696804,0.7579748128970842,True
peptron,SASDNL5,folded,311,1.4784323345532155,1.4784323345532102,,1.0000000000000004,fits,23.257996074718505,24.35591304350976,1.0472060002617634,True
peptron,SASDNL8,folded,377,1.0969284682836953,1.0844977038757146,,0.9999998179201592,fits,31.008131950532103,29.298541009288467,0.9448663678298653,True
peptron,SASDNM3,folded,224,13.389267328373242,1.1067574330179777,,0.147972242573342,population,29.43887111604568,23.968905593295805,0.8141924158304947,True
peptron,SASDNM8,partly disordered,94,2.591603536768066,0.984961836708798,0.2114207920372635,0.8854953419652909,calibration,15.354238275873108,16.802513539856548,1.0943241363043836,True
peptron,SASDNM9,folded,299,5.013573366256533,5.013573366256528,,,unresolved,19.45174666035898,20.54054258384236,1.0559741982298305,True
peptron,SASDNQ9,folded,475,55.407653922939424,3.0567623264609947,,,unresolved,27.72866190061496,26.105540266263983,0.9414641196835041,True
peptron,SASDNS3,partly disordered,393,110.99418958225344,2.0113257905642703,,,unresolved,46.829469069215335,31.920762792834765,0.681638366338404,True
peptron,SASDNS9,folded,478,6.2294377445451055,2.109004976264047,,,unresolved,28.160007946854098,26.644061368101465,0.9461666849805705,True
peptron,SASDNU3,folded,405,1.0118144859077882,0.917962659070818,0.9750344978713408,0.9999991375428956,fits,36.34430661545734,38.27115445974701,1.0530164975955318,False
peptron,SASDNW2,folded,427,43.93773265767315,1.8890330658128345,,0.0384851664992098,population,30.11673738468709,25.603325914645637,0.8501361082911887,True
peptron,SASDNW9,folded,381,1.002132043177903,1.002132043177902,,1.0000000000000004,fits,22.260011411343136,22.767035070802027,1.0227773315156758,True
peptron,SASDNY9,folded,320,1.9599235302031064,1.1100818013150655,,0.9999707306907424,fits,24.416581191012437,21.74988814657384,0.8907835202816934,True
peptron,SASDP28,folded,240,1.4825669270889494,1.075299905402629,,0.9985149916927044,fits,24.662468494373517,24.469465353809955,0.99217421643711,True
peptron,SASDP35,folded,190,1.2177298916562065,1.110715811456847,,0.9999999106277042,fits,,15.574359351743007,,False
peptron,SASDP64,partly disordered,76,0.9771482978178588,0.9725671445690514,0.9999989835148576,0.9999989835148576,fits,20.23475008941292,20.645484192617555,1.0202984519892606,True
peptron,SASDP79,partly disordered,144,1.4887103738461185,1.0576511098100327,,0.9999944573762984,fits,40.769709785313154,51.05573723793759,1.2522958222363867,True
peptron,SASDP89,folded,269,1.3346172268602283,1.2756557431622293,,0.9999983048807952,fits,29.856835907208463,25.58049665383541,0.8567718539679351,True
peptron,SASDP98,partly disordered,129,1.6193164565900855,1.6193164565900855,,0.9999999999999996,fits,18.537762519826856,19.604307705298325,1.0575336524206067,True
peptron,SASDPA8,folded,200,105.01561330832294,105.01561330832295,,,unresolved,23.76856535732245,19.458322246961355,0.8186578345994607,True
peptron,SASDPB6,folded,215,12.228898369986656,12.228898369986654,,,unresolved,28.280849700507098,30.519829165263022,1.0791694552485733,True
peptron,SASDPC7,folded,275,1.573979949849358,0.823817662217583,0.426236311132665,0.9996165951505044,fits,22.834156289893933,22.50143777998328,0.9854289115968822,True
peptron,SASDPD7,partly disordered,351,42.63638468219657,2.8454797428869307,,,unresolved,28.30538820526228,24.832434219123723,0.8773041386695097,True
peptron,SASDPJ4,folded,281,2.0818346485589485,1.2067759471291268,,0.9811658970462592,calibration,26.030085853016423,24.890778383182774,0.9562311289994603,True
peptron,SASDPK4,partly disordered,115,1.3927468716098297,1.0320722276431564,,0.998398183230714,fits,22.187049998278656,22.02436029819841,0.9926673577563098,True
peptron,SASDPL2,folded,483,1.808540892735825,1.2819259371977365,,0.9996412735971876,fits,24.953665515345055,24.229557272124207,0.9709818887018598,True
peptron,SASDPW6,folded,79,4.193234922722412,2.560504845160117,,,unresolved,16.213247803097953,15.061648227867064,0.9289716909766317,True
peptron,SASDPW7,folded,364,1.1029297157992817,1.0708716166942416,,0.9999998197555696,fits,22.904290252175127,22.678798568335363,0.9901550460041717,True
peptron,SASDPY2,folded,283,1.1628128078537507,1.0478124480877364,,0.9998871437689452,fits,24.515063971600608,24.002940395974026,0.9791098413522458,True
peptron,SASDQ26,disordered,64,47.10293633413591,1.344492659429471,,0.0397571733913057,population,22.85731108078961,16.577300121735465,0.7252515426308316,True
peptron,SASDQ28,folded,405,1.2027381765215528,1.1032075665987362,,0.9995043840968036,fits,25.580964783121185,25.57491280496554,0.9997634186901488,True
peptron,SASDQ46,disordered,167,21.946300938098503,1.5120967966644776,,0.0560720688557817,population,40.64408934240888,33.072004076435014,0.813697750681967,True
peptron,SASDQ59,folded,437,0.9199025172978886,0.866294752076544,0.9999958252990676,0.9999958252990676,fits,25.98260465903292,25.110686923351142,0.9664422506086721,True
peptron,SASDQ85,folded,303,1.1154880904860711,1.076128300425153,,0.9999993251148536,fits,20.734591821986616,20.60821575809037,0.993905061407467,False
peptron,SASDQ97,folded,340,19.261150368524596,9.429504726196644,,,unresolved,29.100302367256603,24.81261250331081,0.8526582366796895,True
peptron,SASDQ98,folded,203,1.2566903890714332,0.9325608547870936,0.3666755239148936,0.9999684368236358,fits,21.241458635343182,20.30883280823077,0.9560940779480822,True
peptron,SASDQB5,folded,396,1.8455752544624149,1.5383412500072742,,0.9999953625271256,fits,31.365510122053152,24.80682928565765,0.7908951325556768,True
peptron,SASDQC5,folded,271,7.362937122928895,1.627257912361853,,0.0217685661192799,population,26.196195073028512,25.27953901301744,0.9650080457312346,True
peptron,SASDQC9,folded,162,1.1152435298477228,0.9943693559678124,0.2015210833323685,0.9997635359803154,fits,23.729502310347907,23.83103882511585,1.0042789146371462,True
peptron,SASDQD9,folded,117,1.5294165374922362,0.9854636189639768,0.0567371926581136,0.9972134716022536,fits,17.23434011170905,17.439227105939928,1.011888299343221,True
peptron,SASDQF5,partly disordered,478,1.857061766638974,1.0917150559196331,,0.9996275563823972,fits,35.48851408067526,34.12196688901286,0.9614932541679301,True
peptron,SASDQF8,partly disordered,381,4.474334322817746,4.474334322817746,,,unresolved,35.54039422471895,27.39950640888805,0.7709398560872245,True
peptron,SASDQG6,partly disordered,478,3.744178801928874,1.072254652620105,,0.3736357628690069,population,40.79395085815503,37.72606962742782,0.9247956825414002,True
peptron,SASDQJ8,folded,287,3.923047358849104,3.923047358849102,,,unresolved,24.654485974188507,22.21466131131779,0.9010393213865809,True
peptron,SASDQK7,disordered,140,1.4730153086306208,1.473015308630621,,1.0000000000000004,fits,51.87611231532393,31.19968058757019,0.6014267298583584,True
peptron,SASDQN5,partly disordered,412,171.39617752716012,97.06167116751054,,,unresolved,18.75510322293321,22.604608355142734,1.2052510768110547,True
peptron,SASDQN6,folded,126,14.597698540673404,4.892901418762081,,,unresolved,18.766244163069427,16.179175663669973,0.8621424469958345,True
peptron,SASDQN8,disordered,133,20.24218184643066,2.276128889377836,,,unresolved,32.42441892679268,33.275206463970925,1.0262390989673287,True
peptron,SASDQP4,folded,496,1.2701329630701326,1.1025771132241553,,0.9997237078497696,fits,32.097080183909334,31.51512652514646,0.9818689533306953,True
peptron,SASDQU5,folded,161,1.1502497609384728,0.9631971924413048,0.3495545230636029,0.9999782552158228,fits,19.190921297957686,19.122091931442483,0.9964134412597206,True
peptron,SASDR22,partly disordered,156,2.897758442122702,0.9968523465514124,0.1397506714744865,0.8941404022459645,calibration,27.064681138367387,25.178202975704508,0.9302974177667819,True
peptron,SASDR25,partly disordered,106,1.3177739845443988,0.9996707541493762,0.5781419735772813,0.9947869969701812,fits,16.312992745065422,17.27290138298928,1.058843196519794,True
peptron,SASDR33,folded,138,1.5255500228436545,1.0072497175950008,,0.9952823148200688,fits,15.895374007630393,16.231340551749746,1.021136120732867,True
peptron,SASDR36,folded,278,1.7026267138073974,1.1857858513480142,,0.9993021814082432,fits,27.964598241991062,25.24817769249649,0.9028621642983001,True
peptron,SASDRA6,disordered,102,10.27741177827305,0.985538056245412,0.1075518376366605,0.316739885360525,population,26.117669783313424,31.27285066800676,1.197382880152156,True
peptron,SASDRD9,folded,452,1.1246870607628197,1.0969965314405137,,0.9999984880391484,fits,23.65522145696537,24.822127298219243,1.0493297364971517,True
peptron,SASDRF8,disordered,89,58.09551554536682,2.3769771792007317,,,unresolved,22.58955470205852,27.71570605443744,1.2269257371377837,True
peptron,SASDRG9,folded,78,1.6393523258972968,1.0497717533976334,,0.997520012007937,fits,15.302929755611393,15.823514724140884,1.034018647203069,True
peptron,SASDRH2,folded,424,1.0880813530242246,1.0000530375302243,,0.9999902416414996,fits,23.9592121039684,23.46832449107484,0.9795115293957327,True
peptron,SASDRH9,partly disordered,214,51.27443001643956,7.689923087159334,,,unresolved,25.72386639661517,33.25246154948828,1.2926696569168836,True
peptron,SASDRJ2,folded,443,1.2142859142489817,1.0512853279108347,,0.9996978638821729,fits,38.41965841904686,37.10861383836753,0.965875683578973,False
peptron,SASDRJ6,folded,271,1.1327331496004134,1.0079097964006123,,0.9991791261041484,fits,24.95230724951242,24.229863826313743,0.9710470291995625,True
peptron,SASDRK5,folded,103,4.742737769241023,1.323977695014479,,0.2555252832851751,population,15.55480963881323,15.104397227458954,0.9710435278982532,True
peptron,SASDRK7,folded,292,1.1020323393574234,1.0045117751014,,0.9999233661634104,fits,31.872589807498382,32.84272478673383,1.030437908720151,True
peptron,SASDRN5,partly disordered,222,5.800100416056532,1.020111903574079,,0.226258895317191,population,34.49980598363521,31.317868794765907,0.907769417880824,True
peptron,SASDRQ5,folded,114,10.406548803542762,2.576353226109167,,,unresolved,16.849223602078606,15.22995441064702,0.9038965100307752,True
peptron,SASDRQ7,folded,394,2.344424538293448,1.4119276477898977,,0.2325962155030221,population,50.24172414771824,32.82819299341185,0.6534049846078533,True
peptron,SASDRW6,partly disordered,109,4.011394867217228,1.027219130468855,,0.9364842342321316,calibration,20.46919693312436,21.496317013756773,1.050178816686759,True
peptron,SASDRW9,partly disordered,259,4.172875979282962,1.090556174954884,,0.3918409220842703,population,33.26849226349496,25.73801412956479,0.7736453436396558,True
peptron,SASDRX9,partly disordered,465,12.144973373207128,2.002175085209266,,,unresolved,48.94188573932439,39.89925956141992,0.8152374792817024,True
peptron,SASDRZ9,folded,86,0.9821770274996052,0.9768269067810504,0.9999998857752443,0.9999998857752443,fits,14.587874826061986,14.175907391001711,0.9717595989839265,True
peptron,SASDS28,folded,270,128.04823247677385,124.35595914349324,,,unresolved,41.43007754776005,20.43816575245365,0.49331710105762655,True
peptron,SASDS37,partly disordered,362,39.36310259404438,4.769830319137932,,,unresolved,31.866460871017274,24.28819595351347,0.7621868036059103,True
peptron,SASDS75,folded,457,1.776133966969469,1.001187089043481,,0.996305240632248,fits,27.79104648939525,27.028937465071493,0.9725771742847262,True
peptron,SASDS89,folded,123,1.1938962513553526,1.1915782449140355,,0.9999955591504884,fits,15.019545710122287,15.331846329547338,1.0207929471005623,False
peptron,SASDSB9,folded,281,11.008890742284173,1.677549613306802,,0.0419894746771931,population,20.682620208733027,20.91172497287684,1.0110771634266666,True
peptron,SASDSG5,partly disordered,150,23.41463276408153,1.2222727801541415,,0.0389746995905645,population,24.58172062202605,28.8752178797119,1.174662194062963,True
peptron,SASDSG7,partly disordered,225,16.89298032513829,6.7332142243268,,,unresolved,40.3574174868092,24.36004866042665,0.603607717673925,True
peptron,SASDSJ9,folded,299,0.9556650517486112,0.9146910064862196,0.9998510930018816,0.9998510930018816,fits,25.779832818133983,25.51458880539919,0.9897111818138628,True
peptron,SASDSL2,folded,181,1.1392539273704905,1.0450049512385988,,0.9999823797645632,fits,18.70756279369023,19.81081931826684,1.0589738244764157,True
peptron,SASDSN2,partly disordered,78,5.4443402571919055,1.094484923502794,,0.7089133252948916,calibration,23.52238608393864,17.894880449003747,0.7607595753741404,True
peptron,SASDSP6,partly disordered,332,4.767571828697423,1.0545525150199409,,0.3745349145880708,population,45.32003508637248,35.70107206086555,0.7877547312755875,True
peptron,SASDSQ7,partly disordered,425,49.61576796349157,4.986840414673803,,,unresolved,30.68807705963309,26.805168568657887,0.8734717563622532,True
peptron,SASDSQ9,folded,181,1.1242326555824025,1.0932450739044306,,0.999998415834541,fits,18.036771357038045,18.40814421510174,1.0205897635842005,True
peptron,SASDSS6,partly disordered,376,4.363932230165166,0.9413752480564256,0.1773831377361261,0.6206008531654916,calibration,45.78468967287291,37.66443107389438,0.8226424890722864,True
peptron,SASDSU5,partly disordered,173,28.888309101808417,1.65371886158501,,0.074433708522272,population,21.406196975446143,19.43911853509072,0.9081070569138577,False
peptron,SASDSV2,partly disordered,70,35.05842320873547,1.9354034956399468,,0.0127478501506322,population,18.0222942114448,15.03397344219782,0.8341875493659796,True
peptron,SASDSV6,partly disordered,187,1.3427955963969662,0.9358365148325544,0.4712820571002354,0.9981846143697894,fits,25.263349986622327,21.72653414472731,0.8600021040848557,True
peptron,SASDSV9,partly disordered,255,3.2669918791248245,1.1982762107275866,,0.6373885215638037,calibration,31.767099566376483,27.86775855601636,0.8772522180625096,True
peptron,SASDSX6,folded,184,1.813006445621136,1.3136826912292563,,0.9997946638400266,fits,22.509096576227357,21.064828865493656,0.935836264869953,True
peptron,SASDSZ8,partly disordered,198,1.4704090154497282,1.0100468469596704,,0.9984678259148714,fits,26.42961129668143,24.85376032355672,0.940375552427342,True
peptron,SASDSZ9,disordered,80,11.19745481387314,1.1889792583400025,,0.2059753820357157,population,26.355636594609223,27.04574671707255,1.0261845362750404,True
peptron,SASDT25,folded,377,1.2147095742850635,1.1680200145687305,,0.9999999191687228,fits,39.57807578328492,25.702246343901283,0.6494061632666881,True
peptron,SASDT45,partly disordered,218,39.69651834134186,35.88870752693696,,,unresolved,33.589216805493976,30.33556682345101,0.9031340920842552,True
peptron,SASDT75,partly disordered,349,5.737862747662968,1.2295969038802463,,0.3526105727469499,population,31.300107262558324,29.152718530547613,0.9313935663543412,True
peptron,SASDT85,partly disordered,369,5.202424474479023,1.1959582674578697,,0.3271372327189981,population,30.568120068067515,29.91778264206949,0.9787249780310373,True
peptron,SASDTA2,disordered,80,89.78559105579416,14.782582931510248,,,unresolved,22.53150109032888,31.92359466176353,1.4168427808596378,True
peptron,SASDTE2,partly disordered,449,19.44348911260849,16.559320670746253,,,unresolved,48.74204099460493,55.83246813141196,1.1454684086288436,True
peptron,SASDTH2,partly disordered,305,5.148781223121198,1.3506937869320288,,0.0229477484919997,population,23.42879596042196,22.371436647540047,0.9548692423345997,True
peptron,SASDTP5,partly disordered,440,506.9721425546356,301.6827128795127,,,unresolved,36.39055865597784,50.45525504586045,1.3864930055854532,True
peptron,SASDTQ2,folded,231,1.8688319969234144,1.2798312294880907,,0.9987761784540652,fits,18.832074139431395,18.91639207906016,1.0044773580968553,True
peptron,SASDTQ5,partly disordered,327,1.1690452086753476,1.169045208675347,,1.0000000000000004,fits,27.247743965286617,26.16097525666861,0.9601152774335174,True
peptron,SASDTR5,partly disordered,168,1.4754336158817507,1.4754336158817505,,0.9999999999999996,fits,30.47208928230184,34.331767215672315,1.1266627272456888,True
peptron,SASDTS5,partly disordered,177,22.77110086133481,1.1022518598306237,,0.0449869323934119,population,22.123223122068904,30.139449743673364,1.3623444277252674,True
peptron,SASDTU2,partly disordered,400,2.034837114483793,1.1761374146301753,,0.9843442314551616,calibration,31.65433596798184,29.33322877942382,0.9266733255467495,True
peptron,SASDTU7,partly disordered,281,7.039978384805304,1.0377629038041738,,0.1541663639948802,population,33.431462555760696,27.834343396186625,0.832579291132161,True
peptron,SASDTX8,folded,120,1.3700994275357377,1.003318462865053,,0.9986052518327376,fits,14.86711228909389,15.687105949466709,1.0551548709949774,True
peptron,SASDTY8,folded,274,1.0060314906042318,0.9991110645330076,0.0791372873527019,0.999998804430286,fits,20.538675937569227,20.279675442604027,0.9873896206477732,True
peptron,SASDU37,disordered,114,11.338741079800691,1.015168129515769,,0.2617278845659711,population,34.32186712621504,29.846396964176183,0.8696029517980246,True
peptron,SASDU52,folded,329,3.765268924061544,2.692989254119888,,,unresolved,26.575514957447503,23.577683607684104,0.8871957380858471,False
peptron,SASDU63,partly disordered,113,4.346576859261738,0.9343091848213884,0.4659188240444891,0.7836715211640094,calibration,26.724696513501627,29.014177056040086,1.0856690941796772,True
peptron,SASDU67,disordered,138,19.265039750438184,1.0720176989845938,,0.1813170417321017,population,33.7676215019629,33.60928170954516,0.995310898861842,True
peptron,SASDU78,folded,388,2.756025400217443,1.0865965830960769,,0.5405255664595776,calibration,22.704915920206776,22.48943103240505,0.990509328968272,True
peptron,SASDUA2,partly disordered,165,21.78330502106853,1.2872942698806862,,0.0382661976828156,population,21.538223153890417,23.44899928159572,1.0887155878204449,True
peptron,SASDUG3,partly disordered,283,174.96141037135837,21.92634160600212,,,unresolved,29.15323482319129,22.75813917459981,0.7806385573547329,True
peptron,SASDUH4,partly disordered,99,1.7772840238091572,1.111195240836763,,0.9998671783328756,fits,20.384643855307846,17.66350370681962,0.8665102923650204,True
peptron,SASDUK2,folded,388,10.2929267553385,5.207998568154979,,,unresolved,29.20039733438655,23.605845562801196,0.8084083682999348,True
peptron,SASDUL2,folded,287,4.479804959615916,1.20702758404175,,0.4573786956581406,population,23.386662922140715,22.61448957617511,0.966982320285013,True
peptron,SASDUL9,disordered,76,9.483711474671894,1.2447368105127263,,0.2502015340161629,population,25.490139065991244,27.47944277754837,1.078042089390216,True
peptron,SASDUR3,disordered,51,23.604640641893557,1.0675725841523866,,0.1213890463636613,population,20.82789397547116,23.113812072843373,1.1097527239222709,True
peptron,SASDUS9,partly disordered,159,38.35161855122638,9.07258064426416,,,unresolved,30.681734540791947,44.05904381926155,1.436002379874717,True
peptron,SASDUV3,folded,453,1.2050125489459915,1.0648311056697994,,0.9999582864057166,fits,34.6364194493831,33.01624475730713,0.9532233782292752,True
peptron,SASDUW6,folded,239,1.183464018399874,0.9865462384445904,0.2681935487493321,0.998590580545384,fits,26.026228222674646,26.25024021806322,1.008607163261306,True
peptron,SASDUX6,folded,172,1.0328895378640497,0.9640967905802628,0.9001963826936844,0.9996691622525528,fits,22.211930808762325,21.713350201944813,0.9775534774031969,True
peptron,SASDV46,disordered,130,5.170749651610072,1.0667853713189792,,0.4837849188256682,population,33.81936850990636,28.92221815978645,0.8551968719142276,True
peptron,SASDV64,folded,249,1.756197847488556,1.4304897452722103,,0.9999272554581584,fits,20.66752056167986,19.794093623143574,0.9577391523124584,True
peptron,SASDV74,folded,80,2.307641099221719,1.8325940799681817,,0.1427035709905187,population,14.08041935723002,13.459572506395064,0.955907076693979,True
peptron,SASDVA8,partly disordered,221,2.3364780478139027,1.2745162249074569,,0.8331394527375428,calibration,22.12293278099644,21.48014415608043,0.9709446920406429,True
peptron,SASDVK2,folded,223,1.410765435868795,1.3364912549462205,,0.9999983871341738,fits,18.663984889649686,17.574704563539893,0.9416373120450893,True
peptron,SASDVL5,disordered,62,3.1782477342783757,1.2546448104975494,,0.5517701375100811,calibration,22.515081103785832,23.624731188724677,1.049284747402143,True
peptron,SASDVL7,partly disordered,114,1.9457747861120005,1.1019668109577891,,0.9896758478790628,fits,19.753090206209997,19.24241550249164,0.9741470980799849,True
peptron,SASDVN2,folded,211,0.8450697983827171,0.8150082777557981,0.9999879493196652,0.9999879493196652,fits,24.693000068151267,25.235981886725423,1.0219893013030235,True
peptron,SASDVQ7,disordered,203,2.7947345940802606,1.1743078192311158,,0.6803476663936577,calibration,47.21996125949661,37.46329211883599,0.7933782900192784,True
peptron,SASDVR6,folded,297,1.0536574571066435,1.030651724130499,,0.9999812763237472,fits,26.60592993883429,26.644751546823603,1.0014591336622536,True
peptron,SASDVT4,partly disordered,365,2.468535258722153,1.5623079668205502,,0.3305661358592648,population,38.40668108786685,32.8126458280808,0.85434734006336,True
peptron,SASDVT5,partly disordered,427,2.2193663433244044,1.167745327621112,,0.7930698125725659,calibration,25.31770607776811,23.93191978270266,0.9452641447527376,True
peptron,SASDVV6,partly disordered,74,3.006422001441776,2.3136694008366683,,,unresolved,28.341010059830506,29.2791286402193,1.033101099022524,True
peptron,SASDVX5,folded,464,1.780254729486407,1.026681174055407,,0.9992299692777412,fits,24.40596585354083,23.785724595365306,0.9745864899632505,True
peptron,SASDVX6,partly disordered,215,4.4313145497165545,0.9918953600429038,0.0753395255343723,0.3367261674611385,population,23.64694306192277,21.524309376541208,0.9102364445237952,True
peptron,SASDVZ8,partly disordered,150,2.61103310502668,1.0182077472781712,,0.86112653053063,calibration,17.5317001270869,16.93938536212364,0.9662146420102111,True
peptron,SASDWA3,folded,385,39.50873055478509,34.78984186459423,,,unresolved,19.81080023035202,22.14363474531925,1.117755693250246,True
peptron,SASDWG9,folded,111,1.2989025431545258,0.817071752851763,0.4198728404941404,0.999954818041824,fits,16.041263311539243,15.450526281056597,0.9631739085002301,True
peptron,SASDXK3,folded,357,7.938217716212823,3.726392249225401,,,unresolved,19.30717223931749,19.12211861730409,0.9904152912855588,True
