model,label,n_conformers,n_dropped,chi2_raw,chi2_raw_noback,rg_model,rg_conformer_median,rg_conformer_iqr,nrmsd_raw,nrmsd_best,chi2_best,phi_at_best,phi_at_chi2_1,phi_at_chi2_2,chi2_at_phi_0.5,chi2_at_phi_0.1,chi2_at_phi_bench
bioemu,SASDA25,100,0,1.6041544140522246,1.6228567828476563,18.736747962624243,18.708306386485553,0.6289706492000597,0.01569876295913914,0.014750501364796406,1.217699774331467,0.0338914464930232,,0.9999648264148496,1.4354014314537809,1.2560457976327388,1.2560457976327388
bioemu,SASDA37,100,0,2.7369068270124988,2.755136846864091,47.028780817335004,47.852809013870534,0.6618203654196009,0.016134191642427822,0.014143979488594109,1.3182239902882196,0.023030229058657193,,0.822481579719021,1.81334477142993,1.5473804322099838,1.5473804322099838
bioemu,SASDA46,100,0,1.6975485576674743,1.7747360322460641,28.94530117515779,28.016406551789018,5.596901862182538,0.01592229287761666,0.01199466771803469,0.8427541603498805,0.04561983569716047,0.874164347243857,0.9951978736950453,0.8538050608560508,0.843965551378954,0.843965551378954
bioemu,SASDA47,100,0,12.373713576617561,12.687869888512509,68.00924264134542,72.70259589525136,10.883690554965725,0.01367900385975362,0.009232470497651437,1.2217683547075049,0.017522186994240713,,0.18766349723848613,2.9381172367031487,1.4398476998907328,1.4398476998907328
bioemu,SASDA57,100,0,56.61944015769401,57.82871741978587,70.91294900783198,68.80691153361207,21.174840766524483,0.0325213630420685,0.013161428939022005,1.3586913899299045,0.017867567137738825,,0.12604738245808045,12.386064868261673,1.8343583417873153,1.8343583417873153
bioemu,SASDA96,100,0,0.9527827088547909,0.9526923736917686,15.130113553788977,15.134760972705038,0.07215965690376613,0.034152656366264016,0.03465894963890978,0.9340060936524275,0.02847968289668712,0.9999995664332062,0.9999995664332062,0.9393852261063886,0.9354181239199465,0.9354181239199465
bioemu,SASDAB4,100,0,8.745815224261616,8.76824733370849,34.447432710821936,34.27224079213683,3.52118601088781,0.0370111016061972,0.033396836811605865,1.6046282513904548,0.03385935001372083,,0.20079928274926145,4.015536517259678,1.755596964472473,1.755596964472473
bioemu,SASDAB5,100,0,6.090551516254599,12.696675549740391,29.526618254798233,28.148161606997157,2.9743395522688907,0.009361652230672998,0.005814341545296894,0.9819623707647128,0.04901271864200072,0.11138036194329012,0.8377852506336153,1.2772608148674531,0.9949056096616121,0.9949056096616121
bioemu,SASDAE6,100,0,1.927608955234069,2.175220114096946,28.07095936380371,27.211392506328167,5.802181057136938,0.019402195212820862,0.009110609149208679,0.9770268834668786,0.06381793869730132,0.4320087020187187,0.9986697538505552,1.0377597815120028,0.9772446603524626,0.9772446603524626
bioemu,SASDAG6,100,0,7.167843645804175,9.8143568642779,27.147445509729305,27.369543218334027,2.8594652303409944,0.045045280043775636,0.04070122453345931,3.3049255400104784,0.019879404028690206,,,5.478345239024033,4.367917189522637,4.367917189522637
bioemu,SASDAG8,100,0,156.1858796220484,187.29614366955764,19.00294484147567,18.351303910863734,1.8141875851783524,0.021527895919211747,0.0035080515649742734,1.9124376417995987,0.034641612026120136,,0.034641612026120136,,4.419654773941164,4.419654773941164
bioemu,SASDAH4,100,0,3.751157549846064,20.805322608885263,26.108822211135923,26.082809064117612,0.2766470968923791,0.016001946118507047,0.011467911503431828,1.9326054177508145,0.013306626266421335,,0.023320091428051488,2.898256316880747,2.377721458181096,2.377721458181096
bioemu,SASDAJ5,100,0,3.3173965676738573,3.9956329941716326,22.663015961678262,22.664910800525846,0.05011247724039691,0.016635507947667254,0.016382111857199066,2.8792681054344644,0.010000000788084528,,,3.1650843313499006,2.985570705012742,2.985570705012742
bioemu,SASDAK2,100,0,2.142756141366371,2.198536950565155,16.548685652385068,16.538069322006535,0.10188899028919707,0.013089734995036255,0.010422194079383778,1.4804039877146966,0.031131767361659447,,0.9697577910013421,1.6198337190601733,1.5359533543774686,1.5359533543774686
bioemu,SASDAN2,100,0,5.025638487034379,5.656422156628912,18.071181159227393,18.246547208475413,0.2973252423915831,0.010659039365236595,0.006959826273570446,1.2415346598131194,0.03237254359928358,,0.19480671809166822,3.575848721771292,1.342673786040732,1.342673786040732
bioemu,SASDAQ2,100,0,1.0989359439237893,1.1005108256892642,13.005415267557813,13.010923695023422,0.11387649063539129,0.01622952661889989,0.015944618883379197,1.0637435022900126,0.010000010654216447,,0.9999984683485827,1.0819892789137515,1.0724153217818313,1.0724153217818313
bioemu,SASDAR3,100,0,14.026863102565834,15.042556501015104,18.371563654889947,18.224626480021342,0.6310884653984274,0.03247337289854886,0.02099822109550957,2.6707576145927003,0.024585526103075152,,,8.74758605539379,5.185787159752846,5.185787159752846
bioemu,SASDAS6,100,0,4.250205319144311,7.01393659736163,36.46496676201915,36.35403248851962,0.2479029825417527,0.012787745000016667,0.013787305045406354,3.0662114000007197,0.02695397675403675,,,3.719509456911097,3.333986223779589,3.333986223779589
bioemu,SASDAT3,100,0,29.92319712987097,31.316270231549165,23.32861870712098,23.316486314707138,1.0919773059340159,0.03982569019840695,0.04722360490023252,7.94023862824236,0.010000000125948861,,,21.39349657170576,17.333264679871682,17.333264679871682
bioemu,SASDAT4,100,0,15.60628372494329,20.93091698058419,26.233495126116882,26.354486041223915,1.688463398167201,0.021359330364458935,0.01256738586691598,4.2980757315961835,0.01902806627946954,,,11.443093833871226,7.153109125710293,7.153109125710293
bioemu,SASDAW6,100,0,8.71286253452471,8.776795953388751,16.45564600401395,16.413987937925114,0.5519719754640633,0.036304598110024976,0.032269768126780236,1.7080318080923376,0.010630668037257748,,0.028014776760316315,5.136021078395413,3.117197720225749,3.117197720225749
bioemu,SASDAX6,100,0,1.4082051741766513,1.7941864122624958,15.155858645881183,15.152145432486343,0.11579414829458656,0.030990184383352496,0.029876034631633484,1.0602327136033152,0.02382786613919225,,0.9999594760136453,1.2485121950994806,1.1006462237993153,1.1006462237993153
bioemu,SASDAY4,100,0,394.372146909623,393.6638293870239,27.92671742960586,27.60047636113125,0.7646434302954042,0.029523740272213456,0.011261454402296535,68.6300474079285,0.03581242637032671,,,,,
bioemu,SASDAZ4,100,0,6.634150327311234,7.222219217216796,24.207006272621744,22.577060779570715,2.594947850722445,0.037399079993018676,0.01991282744862285,0.9822088574595673,0.06321154939085813,0.32535241930602965,0.5890437646704221,1.6650784484742924,0.9826105206871644,0.9826105206871644
bioemu,SASDB26,100,0,23.04168304643956,23.401902743921735,53.96166914018679,53.923210804150955,2.7953910108276574,0.02347498671017815,0.015562114676635692,9.054475484311196,0.010583382103767773,,,15.77378047799643,13.054099770174629,13.054099770174629
bioemu,SASDB43,100,0,2.0235501851147406,2.0302606919815775,29.627509742692716,29.670277520710933,0.47079508826121597,0.016873665774155052,0.011574465137051189,1.0986762927449487,0.038118202617975536,,0.995725806596205,1.2654072320496494,1.11073548271115,1.11073548271115
bioemu,SASDB53,100,0,143.65384320265284,194.92604374289638,38.96562104671693,39.04349490374196,0.5008951315430394,0.015709514118540765,0.003995405575754363,14.047886276982542,0.023819447416491037,,,,20.19371729207252,20.19371729207252
bioemu,SASDB64,100,0,8.550023665365819,9.136778208019276,40.17811562444568,39.96421634125545,3.75578561129948,0.02171723388851547,0.018593294418218543,1.3978307946841673,0.05511656952202393,,0.163191128305537,4.704111247327138,1.4999406171930003,1.4999406171930003
bioemu,SASDB76,100,0,3.387880589946824,3.5375748658031285,34.65576287780197,34.64134091673001,0.8090937695108877,0.013323944982620123,0.013021323265119495,1.3982419182294379,0.012281493884983306,,0.03212536059117568,2.913992851209043,2.5316819519651528,2.5316819519651528
bioemu,SASDB84,100,0,4.550120313198536,5.143107337050836,16.30409732365514,16.25596394713551,0.20616595991857523,0.023477035501474033,0.013896305152578463,1.1959402482365058,0.012170804854166255,,0.19162786456771538,2.989775636338328,1.6786881009326855,1.6786881009326855
bioemu,SASDB85,100,0,1.786341327223208,1.9284772698629478,16.291658545683973,16.257956713303905,0.13893387529594392,0.05160173276759508,0.04353072028946828,1.3696418401354,0.019999982782075196,,0.9999922083659726,1.677562225577151,1.5040222197254902,1.5040222197254902
bioemu,SASDB93,100,0,13.595112873252939,15.061681318997756,54.3201547120224,55.61037309039955,1.595411486640863,0.027788124969790304,0.022171030776407728,0.9040892499485118,0.05687789920076754,0.09656440770189999,0.1911951288833701,7.250802459071307,1.040259726635561,1.040259726635561
bioemu,SASDBB3,100,0,7.894534915794753,8.877558826214848,21.279320099572544,21.253175397225643,0.175140924199642,0.006984175147888422,0.0025317714318717818,1.3820457380556965,0.028348730725043146,,0.09703874433734087,3.8005326598712954,2.483478748310244,2.483478748310244
bioemu,SASDBB9,100,0,9.816834061619282,9.795568695505155,34.698015829067636,34.18543595320806,2.6927919286468835,0.030794970493463074,0.03458367345179094,1.012322686473775,0.05508274357507791,,0.14776044988634612,4.985819522072282,1.2809395695873296,1.2809395695873296
bioemu,SASDBC7,100,0,1.1481947706885887,2.0283185959643535,36.41680469492506,35.77349430117091,6.439944241581799,0.05909125317819736,0.05085753718980106,0.9224856752193344,0.03512786872051748,0.7890233592839536,0.9993672480501098,0.9548471790270356,0.9271346876642902,0.9271346876642902
bioemu,SASDBD4,100,0,4.138567542897896,4.1352550676190205,41.822081330287,41.76880933682904,0.43544764308586537,0.013873205337620608,0.015212987310852156,1.2043192936061657,0.01564575483215441,,0.05012134115483094,3.3427681750282505,2.2504780187171463,2.2504780187171463
bioemu,SASDBD9,100,0,3.3796259520470153,3.496867701540316,28.862961779404127,29.06873134037161,0.7854858564894691,0.021415576240667106,0.018544591139245264,1.6822503246538925,0.017350775031121493,,0.0427387563789818,3.0238829081375447,2.669744067457761,2.669744067457761
bioemu,SASDBG3,100,0,16.383036888729706,18.016364871599148,28.87745600272813,28.89699789231322,1.9232746047240639,0.024598320913197885,0.020191642152664127,9.997233331135195,0.017572424417072945,,,12.94986752129418,10.514740048663922,10.514740048663922
bioemu,SASDBG6,100,0,1.562564781767029,1.632242634541747,24.952295680232616,24.98221471964687,2.930569372160601,0.03429440388833165,0.03231430341398793,1.0668658375974849,0.03443870285592668,,0.9998404834985037,1.237054184663068,1.1109129499351627,1.1109129499351627
bioemu,SASDBK6,100,0,9.368473814030274,9.622971049651225,17.505855591879023,17.392279689578558,0.4206327737151483,0.02853818252774591,0.02547422269634901,1.0711292393808953,0.019921125099647875,,0.20730542364712334,4.898478701694326,1.1297225340587211,1.1297225340587211
bioemu,SASDBM9,100,0,1.2980821031771401,1.3010504608379534,19.34286828115234,19.32620944232051,0.3166265869847571,0.06992255373844973,0.06581350736007509,1.0726517769447554,0.01994058297317402,,0.9999924065981516,1.211263002269089,1.1657407571825893,1.1657407571825893
bioemu,SASDBN2,100,0,1.70549355693458,1.7315848905396576,19.440996563567705,19.25625476036067,1.0614279507329947,0.017573455035211717,0.013402168818326555,0.9699450854684489,0.027602408397433012,0.20915117495526148,0.9998865297487209,1.1117360928363353,0.9767858286865291,0.9767858286865291
bioemu,SASDBN3,100,0,4.511410095349843,14.410537129593372,31.621505815717075,31.684172709966205,1.3427762861936223,0.008239904163064722,0.007097018191761088,1.1169987262875514,0.03767038695833822,,0.2623305190111471,2.6034353449628527,1.3242543722886158,1.3242543722886158
bioemu,SASDBP2,100,0,6.778894259252769,6.943593341125765,23.216142814079173,22.94439384721081,1.8186979096730944,0.0341852656690384,0.01709211245325855,1.4674128847999257,0.02213113954970296,,0.17361471505215925,2.8244748701154756,1.7150064628222041,1.7150064628222041
bioemu,SASDBP4,100,0,5.003099141872897,5.2358961856174115,20.66147328363174,20.661533968312625,0.33712725557157697,0.03075323087251441,0.019718924424254724,1.6014387297748434,0.025020892910646703,,0.1818346015367948,3.135513057887261,1.7968346967891862,1.7968346967891862
bioemu,SASDBP9,100,0,9.450620138769684,9.453353995294279,47.09240958507152,47.17814724950806,6.916169272140195,0.03956174889028708,0.03922649358778531,1.0795198487744557,0.04752454021898681,,0.12384493006096936,4.64195929797423,1.6960459701792843,1.6960459701792843
bioemu,SASDBQ3,100,0,1.3846087232651692,1.3977464364036356,19.06963694086785,18.346660250602632,2.605468938435095,0.021893445947401502,0.01673680530903299,0.9963734080043775,0.04669968367372561,0.059103210040243645,0.9993060079209208,1.1547156500173064,1.0068572611089106,1.0068572611089106
bioemu,SASDBR4,100,0,182.46063253381402,200.10061510115798,27.993127815088826,26.95534305591847,2.7439967973506256,0.03215547288525428,0.012698591586380441,3.72268167563844,0.02615831225587382,,,,4.842798017927227,4.842798017927227
bioemu,SASDBT2,100,0,3.277463688546601,4.32920596198616,17.7025031688419,17.692058671673117,0.12814367359172607,0.018268385379372035,0.02406196289230619,1.222132546420263,0.019996254960702273,,0.18893068759361836,2.7346228688042507,1.5113126365335374,1.5113126365335374
bioemu,SASDBU7,100,0,2.339715780445417,2.4725907501522544,25.12768445891303,25.026160343990103,0.7749683521293065,0.019936189483089957,0.01842880027102924,1.1916369711126575,0.05117117745303873,,0.9799005930315612,1.2582268904983787,1.1977252179027114,1.1977252179027114
bioemu,SASDBV9,100,0,2.945836403829575,3.0777330616598677,17.36575384328868,17.41477097786295,0.5189677385268752,0.015150394374258918,0.009164242812726176,1.1316225414571628,0.03487762672588332,,0.5158341540966759,1.7581279320424046,1.1835366576223676,1.1835366576223676
bioemu,SASDBW2,100,0,45.248001019461796,61.57153169533939,20.467291332120812,20.51564265484148,0.8829743813624056,0.020848198888961434,0.00737145713520275,1.1021306137757687,0.047856289706252754,,0.08060914903100351,21.782695628383244,2.533051290069674,2.533051290069674
bioemu,SASDBW3,100,0,1.0418139992930602,1.041078263603494,23.365020620906478,23.354877188915026,0.5912777583460596,0.04365099839572544,0.04680561083345194,1.0047818913485715,0.030531553196517652,,0.999991992503774,1.017564382005835,1.007001643462238,1.007001643462238
bioemu,SASDBW9,100,0,1.6436107604782528,1.6441166314465439,26.71860799805233,26.870252034818527,0.9269840825630702,0.012036941915284378,0.009288936574376808,1.124111985490752,0.053906806720652393,,0.9999253476673599,1.39135192945129,1.1572223632323664,1.1572223632323664
bioemu,SASDBX2,100,0,336.0669401656219,348.68659930494516,28.586969320799486,27.685311384318865,3.454702697305631,0.036554038142753244,0.004345031844786378,1.4916460789644659,0.043872846291243446,,0.12488676782001062,,1.6881792834323959,1.6881792834323959
bioemu,SASDBX9,100,0,27.59923970947003,33.176619573402164,17.076885458801726,16.885737994201776,0.8309212092384186,0.08381929171116957,0.07013013032189293,15.286565061476617,0.010000000576299708,,,24.450462697755768,21.980711772326927,21.980711772326927
bioemu,SASDBY5,100,0,7.601847703911844,7.722110369702807,61.124014631878616,59.21504380073834,21.67650340058654,0.041694536693106674,0.026970482901603456,1.0035255301758996,0.061816469179878604,,0.7300052795993375,1.1016069570237041,1.0045839080553298,1.0045839080553298
bioemu,SASDBY9,100,0,21.458829797876025,21.54201280331047,26.46950062263565,26.56424316016553,2.106956166672756,0.020095918571739056,0.010002665224551661,2.7887441606260537,0.014931225432032869,,,10.236623761849158,4.1641656358626795,4.1641656358626795
bioemu,SASDBZ6,100,0,2.5628298643212037,2.618202477271219,66.13751776614004,62.87021637382594,21.5689355450574,0.06559969204593781,0.05101210195858575,1.070322866612558,0.016226018771040546,,0.5337860028961927,1.8370428574794788,1.3704118703256898,1.3704118703256898
bioemu,SASDBZ9,100,0,14.714865812564037,18.297321310009348,47.8565900239472,47.99786200421946,1.5957775270180505,0.014873109109368047,0.011786796468643532,4.403531632572469,0.01400071188834958,,,9.069637232065471,5.451661051994938,5.451661051994938
bioemu,SASDC23,100,0,1.2346687021724794,1.2423845412720884,33.61287173395925,32.8552601970117,5.300244516148368,0.03301268537496803,0.034435195133618465,0.998694712403227,0.042368162794499405,0.056991706525908174,0.9994772120826956,1.0242925498364837,1.0045712224873176,1.0045712224873176
bioemu,SASDC26,100,0,133.30857856612587,133.51247764188267,27.504485108010158,26.666070970868283,3.9768179036921225,0.025461271836153983,0.004580002110341261,1.1245564524247804,0.03972385569408813,,0.08898080033587215,,2.7245448180016867,2.7245448180016867
bioemu,SASDC35,100,0,24.200181666554297,24.8605837719119,35.98239269961801,36.51026506465231,3.472524504042852,0.01696896783627074,0.0030790126152420603,0.4432041819653187,0.04023697959647152,0.09817345664929546,0.13566949570890782,13.777353215518996,1.0998512954343012,1.0998512954343012
bioemu,SASDC36,100,0,1.139316014208171,1.1385901543682397,21.535439788175687,21.48516010864202,0.3138305149998075,0.035882155720903065,0.029229678728582103,1.0001171946676086,0.05173491443723382,,0.9995158491915572,1.010290591455034,1.0005447144695243,1.0005447144695243
bioemu,SASDC45,100,0,4.868203207653393,5.51840112443919,30.387843850194514,29.428084044627802,2.655280617059965,0.04379114816399431,0.02491161862563598,1.0090881906064963,0.038850203013374676,,0.7301727364233536,1.4377090018956564,1.0149366651109701,1.0149366651109701
bioemu,SASDC46,100,0,0.96473199588153,0.9645532595806364,20.49820634271393,20.545395798367462,0.46783771553939246,0.026493693740209042,0.026781053017864646,0.9604657727416456,0.06799394805879132,0.9999977124256035,0.9999977124256035,0.9607281696008333,0.9604840512140168,0.9604840512140168
bioemu,SASDC53,100,0,37.0959039092409,37.44741282748355,21.329021998443967,20.467185442835266,5.465649564478127,0.030224384171321506,0.01706140835907371,0.9958752405857544,0.063572625259718,0.1096408826998804,0.412005577342307,4.204603885337274,0.998594458967334,0.998594458967334
bioemu,SASDC55,100,0,6.520673002566931,6.727606906230888,19.171875341762433,19.145553680584825,0.2873164772986563,0.07580898464598879,0.06080743527474948,3.47948997360268,0.01000000005742356,,,5.924162564167952,5.190985496250002,5.190985496250002
bioemu,SASDC62,100,0,3.026628535031724,3.0282065339387505,20.463347692284575,20.599840488815637,3.991795744553933,0.04277587935938555,0.03669833279336161,1.0357195129252452,0.02163884757910044,,0.5663107202748584,1.843633552733074,1.1575164970283296,1.1575164970283296
bioemu,SASDC65,100,0,2.0417800500607424,2.036145126290848,41.42093246645254,40.04458925653164,8.32164443871347,0.050834454167062164,0.03954781390740602,1.0731630649901933,0.05361345118418551,,0.9990398991096708,1.2750501634381413,1.1032995125881533,1.1032995125881533
bioemu,SASDC88,100,0,1.0827513969185336,1.1028575296040082,17.797000599211025,17.50013458673582,1.0494405457033729,0.07349962567376732,0.07230471467367329,0.9981805022348014,0.016048955019872305,0.1611357084883348,0.9998324964052466,1.0057896265051702,0.9999709705071146,0.9999709705071146
bioemu,SASDCA6,100,0,5.434104310146779,5.4379440130211965,14.093502939428692,14.019595998351015,0.35568685628504326,0.036094668017665914,0.021744319239689495,1.0196666432596972,0.023491726469836566,,0.20656411054741053,3.635624220866275,1.5019202200311748,1.5019202200311748
bioemu,SASDCD3,100,0,37.958133242967726,38.595081203077335,25.68252502986427,24.90103776771314,3.732673300443686,0.028831149953174262,0.0048105898189992145,0.9610820637894378,0.09254322160781904,0.19627473026595305,0.29861146244846887,6.1284777893666975,0.9610864149706799,0.9610864149706799
bioemu,SASDCD6,100,0,1.1265202766441622,1.2775427885594672,23.438966102609196,23.82473564872604,4.472179033090541,0.021324299687038507,0.019652979199484975,0.9918682859226324,0.12729928188830664,0.439236438666773,0.9998988286694144,1.0028750644985065,0.9918682859226324,0.9918682859226324
bioemu,SASDCG6,100,0,3.3614180560062996,3.535783358927351,17.44983215533514,17.446613634152836,0.13457861544011962,0.02493714241896708,0.023369872660362022,1.7832067095217188,0.012657263721820116,,0.04204766548230578,2.7362078442356097,2.440280287064736,2.440280287064736
bioemu,SASDCH7,100,0,1.7698417677119564,5.332930080855718,16.932436324050865,16.888042664246612,0.234324478556438,0.024049698978666996,0.026120329511135694,1.4736758628077855,0.031900748327324174,,0.9999774210269575,1.609122196430917,1.522481402058957,1.522481402058957
bioemu,SASDCJ6,100,0,3.863234817833285,4.0807150690927205,21.368337212510827,21.235662304685476,0.3217378002016069,0.026987083419532917,0.030383919257066596,1.6913154025211117,0.013664569316848922,,0.044717143732087516,2.8108466799863785,2.150860261374602,2.150860261374602
bioemu,SASDCK3,100,0,2.6335503637465894,2.879177619443727,25.94254395614593,25.879616103646523,0.19132375673608237,0.033102363860625976,0.023871412893349146,1.3311749039539191,0.03546879014757017,,0.8499845560467826,1.609683213611828,1.4209079901134611,1.4209079901134611
bioemu,SASDCK6,100,0,4.100696013059747,4.44761920256558,29.490381377947262,29.398275223544754,1.3002817781779967,0.056325715543401295,0.033332895644787364,1.089113056229596,0.010000000670353065,,0.42184667621376143,2.375643109621488,1.2879742720319167,1.2879742720319167
bioemu,SASDCK7,100,0,6.303820966532098,7.328067243155109,26.814085051866,26.717752843652832,0.36594253719376013,0.019539394525724483,0.006274281291733974,1.3664274402847079,0.022816502529424368,,0.21004258421248026,3.2031280712187447,1.668840672041245,1.668840672041245
bioemu,SASDCK9,100,0,4.1747354275865485,4.696818077268999,25.50714880302639,25.517998470485345,0.6533178684102943,0.022717658811838064,0.018945768270119807,1.3388797125591776,0.03949773614383937,,0.36975909047997824,2.059471699686103,1.5219318879701307,1.5219318879701307
bioemu,SASDCL2,100,0,6.568234283890417,7.3560487184024685,21.96936343221654,21.93765099063649,1.301230099223229,0.04039445955076907,0.034411849636538386,2.7607930118604047,0.017693539950391576,,,3.696090620868559,3.006087360652774,3.006087360652774
bioemu,SASDCM6,100,0,1.3470456898249672,1.3507701242343577,25.95871544402346,25.511922887883905,2.285623290172367,0.04575986197837047,0.04366294076925671,1.3091100588779594,0.032682273628569236,,0.9999671054792282,1.318256860262916,1.3107723775389806,1.3107723775389806
bioemu,SASDCN9,100,0,1.4229535803842763,1.4220559365698833,26.730485716009156,26.74123711893785,0.4244851288387075,0.022404470556005498,0.023025715931036004,1.0587698471468392,0.033678448254625314,,0.9996644598104596,1.2322530266468692,1.095285331952755,1.095285331952755
bioemu,SASDCP5,100,0,38.26635881088082,44.05839167772569,18.30593830291529,18.348449777178626,0.4606878387224036,0.05640634087414405,0.027892616579323508,12.602700023770868,0.01000000007728802,,,30.28492671645808,21.647137210278725,21.647137210278725
bioemu,SASDCP8,100,0,96.20009624084103,110.52942845043177,19.899798270434346,19.42191682613455,0.4875176557717289,0.02567306621972123,0.007594061867990768,1.630290787194498,0.034673522016126154,,0.12273811139013917,,1.8348665895404817,1.8348665895404817
bioemu,SASDCU2,100,0,11.737958408870252,12.129568141336984,40.06893656936642,38.61756351561287,8.304501536265576,0.03835782749113747,0.041290636827418924,1.1778798318129429,0.04788812186099954,,0.26761479461070264,3.7480764966398428,1.3042771503313484,1.3042771503313484
bioemu,SASDCU8,100,0,1.0292690678402934,1.029046447409755,21.18440958860401,21.1872844226861,0.04086411042009175,0.0562904857211607,0.05576046478165206,1.0245791530568096,0.010000917934057768,,0.9999999914449283,1.0282623209589126,1.0263918263703111,1.0263918263703111
bioemu,SASDCV7,100,0,179.48787046638034,188.67587571515523,48.00983782869577,47.63359395106265,8.90685324979583,0.20210367152521808,0.02306731674784254,8.187597123285906,0.02957096232109253,,,,29.68105191125628,29.68105191125628
bioemu,SASDCY4,100,0,2339.8331644674345,2346.3315610382238,66.47137733864773,62.99020476964991,17.518912362586256,0.030896046285174728,0.006155591065819245,84.92085281576205,0.04158572495205146,,,,,
bioemu,SASDCY9,100,0,2.0360602636364273,2.0501737619336744,20.694774501299296,20.12433285606179,3.533309201510278,0.036002265053420086,0.030299607045478582,0.9821365723674278,0.05512251328809239,0.4792266445530409,0.9959129178107595,1.0064883133869809,0.9823252803713765,0.9823252803713765
bioemu,SASDD32,100,0,6.135794389969503,9.189035504922959,25.521199269032124,25.436060382170865,0.26029757569965284,0.03467724368030067,0.03282907894700051,2.480723604156951,0.010000000442562287,,,5.167026102576045,4.385089583658889,4.385089583658889
bioemu,SASDD43,100,0,2.3495026607490597,2.7062582607889594,17.24291713129892,17.236423975780795,0.12903878096083332,0.030193550449560385,0.024414958329722798,1.2128994707552636,0.03158475830942259,,0.4628218694460635,2.0419773273462964,1.3967640614024996,1.3967640614024996
bioemu,SASDD76,100,0,1.853208824303758,1.9229948385696851,24.33662362850187,23.993063567675897,2.2486186258377394,0.030570901247288493,0.0330630264818689,0.9640221408337247,0.03789990784982748,0.6547565285724134,0.9995785832296746,0.9745391103853042,0.9653522808529349,0.9653522808529349
bioemu,SASDD85,100,0,12.70311600710158,14.87274157705098,34.82032504036784,33.970743491249856,4.018586912616627,0.031408611873376645,0.017204129649516918,0.9905538206061683,0.039095720346081865,0.18008404662657831,0.3883610778924407,3.570761993297012,0.9909602521992121,0.9909602521992121
bioemu,SASDD88,100,0,3.2385671754712857,6.092811114189176,14.087165255829111,14.046859790736661,0.5785973856975044,0.10157055102063123,0.10196439569305007,1.3689360652502403,0.017193822041438604,,0.11830923695307011,2.7508377694603583,1.9445128415052297,1.9445128415052297
bioemu,SASDD95,100,0,28.076649102334073,28.54051853539189,27.37361551520793,27.433522015413182,2.769920670940042,0.029853259649599437,0.026525687481812353,3.1668061549759625,0.029983903572124004,,,4.481413356619906,3.3235386038269703,3.3235386038269703
bioemu,SASDDD8,100,0,11.834644456055619,12.946905353009342,22.280796476133393,22.34004874208655,1.6759861550156288,0.052536969192605275,0.047959508487255886,5.590104847388115,0.014387143765602546,,,7.00538739270759,6.041853529837438,6.041853529837438
bioemu,SASDDD9,100,0,18.112588158687046,19.892587403328918,21.25128128362962,21.47793060077784,3.2769133126197048,0.02898608926563371,0.019254497901228036,0.9919589487213067,0.027297626370876116,0.061598152193704736,0.23987477669158408,4.881208949903088,1.072294144010761,1.072294144010761
bioemu,SASDDE3,100,0,37.31661707867534,38.76979092695161,17.2984628061132,16.790125458688323,1.484285138986671,0.02530898161661248,0.00915397094937235,1.1845022510776928,0.05301234356944033,,0.26608938909665253,,1.2034613157276526,1.2034613157276526
bioemu,SASDDE8,100,0,3.841308177795279,3.9305649603895616,22.412660776435576,21.806191851471162,2.6348830731201147,0.022674286115403803,0.013471949766520703,1.0023773213854974,0.033452116205575005,,0.7628019771547406,1.3698186303084503,1.0232704675136104,1.0232704675136104
bioemu,SASDDF5,100,0,1.3093664084328718,1.3088439254329498,21.10491843368452,21.120889390027813,0.12638885839258762,0.019225435017050974,0.01877232194305787,1.188032158455398,0.027777648172256034,,0.9999064614538669,1.2482079430815212,1.2043839128765872,1.2043839128765872
bioemu,SASDDF6,100,0,69.4984922115896,69.47884770991365,40.503439683786226,40.68158975884033,13.917296221595194,0.015172429192505294,0.004098487024206721,0.8152747467883709,0.04972101094858652,0.2740700492577188,0.362561133692758,4.56505848651644,0.8210395350507997,0.8210395350507997
bioemu,SASDDH6,100,0,5.435700517490524,10.331122173667769,20.213738205453105,20.1915186981143,2.1765020061588807,0.037749841971354114,0.031871883275492986,1.4820981202836052,0.062112289607677694,,0.222498358229525,2.960221400493022,1.728932333712189,1.728932333712189
bioemu,SASDDJ2,100,0,1.5786323538532088,1.7106396542467024,13.139593483474917,12.998180752513264,0.21456928995321078,0.008891100932591477,0.007298577099508507,1.0964822211986824,0.028193117561893927,,0.9964620328361687,1.1069403099027446,1.1010644377228453,1.1010644377228453
bioemu,SASDDK7,100,0,2.50706727011072,2.504883147443694,27.638009928413034,25.94066022831524,4.018415417004867,0.01713850566760697,0.0159384980724752,0.9838102351276996,0.04640827193055997,0.76595811993168,0.9660986734612365,0.9852398011732911,0.9839954906085152,0.9839954906085152
bioemu,SASDDL7,100,0,22.944036791469557,23.278371944024308,16.02283029588474,15.876709687126151,1.0804044910209747,0.02319732406317023,0.012535386809832495,1.7528293324590711,0.013898902752012651,,0.021413418739685483,12.491264117772662,4.576472560657853,4.576472560657853
bioemu,SASDDM6,100,0,8.84922866460291,9.460119542739742,22.286722221284304,22.133688492295143,0.7635411686928109,0.021976243549941227,0.013927305304448466,1.0262202684816129,0.053683937650175144,,0.44523183813275663,2.2059561803788674,1.02772307495387,1.02772307495387
bioemu,SASDDR2,100,0,1.136068163003582,1.264345399172784,25.416397645987608,25.530883771294988,0.7282416439363892,0.0753695301601967,0.0737778692623534,1.0762665945745196,0.022988920224338866,,0.9999962571064878,1.1096267939591904,1.090245693728712,1.090245693728712
bioemu,SASDDU2,100,0,1.4386467406689643,1.4802933270863727,25.116294170608477,25.1622525330911,1.4493086077013153,0.024016624645216443,0.022149201764368957,1.028156309781647,0.02932250663337316,,0.997662723544599,1.0640328992844028,1.0317210676409054,1.0317210676409054
bioemu,SASDDV2,100,0,1.0780612970521302,1.0772183960154829,23.288449181361177,23.242981107909863,0.21039946236497542,0.04766341778805083,0.043740469390272256,0.9673187377285857,0.029657753182721455,0.3195715941090181,0.9999618347245434,1.020669525058435,0.9825762076491826,0.9825762076491826
bioemu,SASDDX4,100,0,1.1979292902059815,1.2018442368445665,18.936093153568024,18.648723597645585,1.1945834194546983,0.04071854966016843,0.048243452700652154,1.0992961469419307,0.03625038224556024,,0.9999947330263342,1.1389728692148946,1.1040889683478128,1.1040889683478128
bioemu,SASDE27,100,0,1.3248203392470719,1.3259337135274425,17.775224190228673,17.75213436134894,0.20694310935797589,0.04101017369714343,0.0434571239087226,1.2294205587690392,0.025157791503731656,,0.9999984370693622,1.2810465135951459,1.2426232166484865,1.2426232166484865
bioemu,SASDE34,100,0,1.0942227123997252,1.1845480065349803,15.73518311914876,15.733122620967094,0.06406110751794003,0.052766730433808744,0.05321684927066723,1.0769425194094453,0.017446749621934234,,0.9999998366674113,1.0882575828371002,1.081987861331759,1.081987861331759
bioemu,SASDE48,100,0,5.843923887309349,6.338790189716983,14.210796048595071,14.192248345987384,0.06648496452826791,0.030060143801779515,0.025143698411353506,2.262305024342858,0.02768686695248066,,,4.754240417246111,3.3034815890753455,3.3034815890753455
bioemu,SASDE53,100,0,4.287513052650169,4.633205292490057,12.514655330094474,11.999597389323924,0.964301078782535,0.16423808076790342,0.10998923099607573,1.0517130614706993,0.01224982010968412,,0.06507487704386924,3.407922193287153,2.055227581846847,2.055227581846847
bioemu,SASDE59,100,0,2.73496026560076,2.8834884265159895,29.867430522574146,30.289830709101096,5.255983406384914,0.01899035522404217,0.014274614465526397,1.0067521702064381,0.041085694514021186,,0.9792354644970795,1.1102845176938982,1.0099366606708213,1.0099366606708213
bioemu,SASDE73,100,0,28.157721710761944,28.601723342403723,13.624560055288988,13.513942210678476,0.7956189942515266,0.13552248147173832,0.09110022505427315,13.95684023453038,0.010000000120571794,,,24.471132256333025,21.589736593698248,21.589736593698248
bioemu,SASDE79,100,0,23.56799037755297,23.508416705262576,35.18075706259929,35.78809904022938,3.6732865596387967,0.02362385372835917,0.009895109889934363,1.142999000849616,0.05815431849082298,,0.32266643157605107,5.395738080388465,1.146385088386844,1.146385088386844
bioemu,SASDE93,100,0,44.354854101541484,50.28642499385953,15.76026389421324,15.7599592261809,0.22499087331579837,0.08857515837248044,0.08356589206087918,41.37151291615089,0.010000006739101078,,,43.58186756848761,42.337087313874704,42.337087313874704
bioemu,SASDEA9,100,0,1.4126806364853235,1.4355181182946903,30.191321689344598,29.706264414108876,2.0346421332480666,0.018780169999230212,0.020771515662506526,0.9911986527360012,0.06461347336389797,0.5480943255580527,0.9993678847025135,0.9992557251002093,0.991660149343877,0.991660149343877
bioemu,SASDEB3,100,0,6.077497829934343,6.25008682637587,38.662938392514036,38.938788457032985,14.48480628751873,0.02611111594768243,0.010512450465260507,0.980682933300481,0.0663906665652559,0.2292784976574507,0.5261684031663744,1.9014783445248304,0.9812306841002787,0.9812306841002787
bioemu,SASDEC3,100,0,3.319070660973848,4.303868613082938,46.606073664564306,43.854892604526015,26.834938691199653,0.0349779393316165,0.01973825931949608,1.0230790617332015,0.03778500489882233,,0.7458369270815335,1.6227438170992445,1.037119029186707,1.037119029186707
bioemu,SASDEC6,100,0,6.440592505941132,17.8284340513781,25.622603546442548,25.48775592645837,1.5280849221108177,0.07689745974344099,0.034612791923015286,3.0528368019163765,0.013847162637627171,,,5.378800354750226,3.647228910520774,3.647228910520774
bioemu,SASDEC9,100,0,29.23860989321664,34.72451758027362,24.25231377822099,23.858811410661346,2.812254973329562,0.07322673580960845,0.02084371217081531,1.3078382847229622,0.018646021013585427,,0.043576364179626674,9.474830042257228,3.2786668010714863,3.2786668010714863
bioemu,SASDED2,100,0,155.62165583942772,155.3750601474313,50.603127941207646,47.627777283773135,15.40550492986074,0.037786202581069565,0.0197019324309536,13.70556811355493,0.028195077843506663,,,,22.80499477148555,22.80499477148555
bioemu,SASDED9,100,0,17.822836102709058,17.889134615333376,28.63543194554659,28.320244458146114,1.2145035927911145,0.01602370313782528,0.012451905745689483,1.6349141512035743,0.0121813937003771,,0.0175831843541699,6.6878489229066265,3.796377455730171,3.796377455730171
bioemu,SASDEE2,100,0,26.9480579253961,30.378194236973734,38.86179153119965,38.56555557947004,7.856110832734899,0.02654144869310634,0.008167212723266159,0.7620044006591183,0.05749410208226907,0.12160934961949751,0.2769761549267884,5.4840860920107195,0.9340559457742637,0.9340559457742637
bioemu,SASDEE9,100,0,4.3296738007253746,4.323505338824133,24.441025101832114,24.586338981009128,0.6056808988076767,0.01514605632584519,0.014390754050510372,0.978398918544472,0.04714483679408769,0.07944020963786502,0.2707314908611354,2.9004786486331446,1.0456175791918498,1.0456175791918498
bioemu,SASDEJ3,100,0,11.285372426884427,11.517096990003319,27.148635531699004,26.79890267197525,3.7233678330010065,0.04753904598675419,0.02126542732088614,0.9078739181502044,0.028218486845657358,0.04892309757118716,0.17227992865923475,4.670461166681537,1.3924070088629603,1.3924070088629603
bioemu,SASDEK2,100,0,1.348086199108685,1.347364064265304,14.061052375534928,13.73019595066111,3.1278046922695655,0.0929788297686472,0.0729119060483492,0.9867909954144871,0.04750349629800473,0.4041951999130104,0.9960891550841502,1.0082962159399322,0.9877109522944824,0.9877109522944824
bioemu,SASDEK4,100,0,1.1133682453737337,1.1297527656067048,17.093938669826706,17.08937800052665,0.06142796539468165,0.02909027366751942,0.032538955676404885,1.0818392830281645,0.015507133654225062,,0.9999998982586916,1.1005659220261979,1.0908296751550994,1.0908296751550994
bioemu,SASDEK7,100,0,1.4523828975800244,1.4511217907501108,20.0860034148568,19.848788771625195,1.0965133436292724,0.02725141268540814,0.022772410484143236,0.99075258429097,0.048529942176966906,0.32469942797903195,0.9985026794864774,1.0555639412075468,0.9910555503126818,0.9910555503126818
bioemu,SASDEL4,100,0,1.0500134813217572,1.0541458929981753,39.02097750328471,39.08793286535905,2.536348082275623,0.06708225751024313,0.06289845947679594,0.998598336027594,0.07573366061416724,0.15100905964131978,0.9999954163973535,1.0061192018355976,0.9990701910199402,0.9990701910199402
bioemu,SASDEL6,100,0,5.711526698079653,8.222093619471,25.428204430354146,25.37677984707544,0.5524238225295726,0.01114317209287185,0.00415046696428445,1.395748465478697,0.04197062001741798,,0.5204822606579833,1.8328554976737719,1.4136371384977826,1.4136371384977826
bioemu,SASDEP2,100,0,1.0143865965447192,1.0141202723753555,23.241197006555556,23.403425219508414,5.465196142883354,0.09721212868232086,0.09530687353397814,0.9980790897579421,0.03895034857362547,0.16135603836267454,0.9999925956717575,1.0039905998332048,0.9989650163539198,0.9989650163539198
bioemu,SASDEQ7,100,0,1.90496099015062,2.0324227478538726,21.89242424293792,21.779559183445258,0.3167032377703336,0.010962993577244081,0.007212825821434128,0.970407183117448,0.036846183147791096,0.14689872101993615,0.9988098251384468,1.144894864471759,0.982405885621231,0.982405885621231
bioemu,SASDES5,100,0,1.388857915028894,1.3881855396891825,15.023413190933619,15.008511812390825,0.20662230553914007,0.03529302532256005,0.03942749882281865,0.9959458611673441,0.02701880383462211,0.04966740668061882,0.9997112218705287,1.1682544400756723,1.0285117829716395,1.0285117829716395
bioemu,SASDET2,100,0,5.687628648506263,5.710182637961288,33.60738959135351,33.47400531119223,4.089388611424887,0.02768916064503476,0.012848765529609368,1.1736706458357231,0.036433038946258565,,0.18394000594673582,3.0252059547432935,1.5156912529047133,1.5156912529047133
bioemu,SASDET5,100,0,67.40385615650123,70.45996813303736,23.641984183402545,23.652863393114373,1.274727947423898,0.029172289151166788,0.015372954416988042,3.96142717876755,0.016258410738278165,,,52.64692597428024,26.954281977350497,26.954281977350497
bioemu,SASDEW7,100,0,1.5091919303205041,1.688612629423582,21.257224179926325,21.341868887578073,3.510530954179515,0.029219368756347643,0.030495758243707743,0.9913449280336091,0.04997468612051312,0.25943258259912116,0.9981176289148701,1.0238193717406503,0.9936150467725153,0.9936150467725153
bioemu,SASDEX2,100,0,1.7632608090224333,1.7902731575569968,26.737420871244687,25.308146459884345,9.041695820692095,0.05731599567342954,0.04518030412890332,1.0327877789605002,0.06823423467882928,,0.9959269308523875,1.049175306398442,1.0331520992560894,1.0331520992560894
bioemu,SASDEX4,100,0,1.0248015024382349,1.0442639153439273,24.60648174336342,23.435003677427446,6.1744163479087995,0.07786922890309465,0.07886410725652385,0.98609626003855,0.05164360522716339,0.8116571028461383,0.9999948703692324,0.9899041617194599,0.9864800003655546,0.9864800003655546
bioemu,SASDEX6,100,0,9.097352452556875,12.919969566952142,25.573541372743044,24.835713335798037,0.24335951103891418,0.037125674671515514,0.029685008803457886,1.2767139040456335,0.019702063615750304,,0.08675326533336529,6.424977026557174,2.26478210620211,2.26478210620211
bioemu,SASDEY9,100,0,2.3488355966929118,2.376856886497942,26.79796108113201,26.69111959542615,1.5331143419168392,0.03605160061100388,0.03646155536590582,0.985351079450148,0.04451690760620112,0.21593507221845148,0.9599605559328238,1.0511835680390151,0.9876133281838705,0.9876133281838705
bioemu,SASDEZ2,100,0,1.7529612685851015,1.7828208394338656,31.249203463951748,30.328988848374436,9.85266766696818,0.025003035673158362,0.019360211098952248,0.9865743144484621,0.042842596141791194,0.4612966442541106,0.9943699542908705,1.0134606913770392,0.9868833629530538,0.9868833629530538
bioemu,SASDF27,100,0,5.622023218165473,5.6167875232018964,37.310323032687755,39.09000820967232,12.971816871965565,0.027521692616806016,0.023512694928170524,1.1166209317693698,0.1273870985575725,,0.5814128149299167,1.3989917363931825,1.1166209317693698,1.1166209317693698
bioemu,SASDF34,100,0,11.95754399655002,11.985811839181164,61.07191454471328,58.07304518250835,22.602054946195494,0.03460820081170875,0.025950569626064658,1.0066405365420796,0.06748418862215844,,0.3434766594515062,3.4359119976772092,1.0307727156232558,1.0307727156232558
bioemu,SASDF37,100,0,6.633330548911863,9.33301092697603,17.086176071285433,17.1334742293945,0.49282576132459255,0.029627618817462318,0.02422218193330806,1.372868207963855,0.01645089785685959,,0.04960958868004903,4.07285810635158,2.5455808896745493,2.5455808896745493
bioemu,SASDF38,100,0,64.12707963262973,66.16339063010574,28.88067925893764,29.05784296525769,0.8032545340613915,0.01674661683561584,0.011002125220186496,8.987415765405782,0.020340777051253593,,,,13.293272013695281,13.293272013695281
bioemu,SASDF52,100,0,7.775759419563619,460.6118255759168,29.57900293461895,28.664398826733265,6.389225717560656,0.01256140236804845,0.005874655101335143,1.0149212461342585,0.051473553167886245,,0.7581549146462475,1.4936983970582878,1.0210881490100039,1.0210881490100039
bioemu,SASDF53,100,0,1.2865992771563606,1.382214932432763,20.52156279109659,20.506186628925832,0.25280980478595794,0.02417899263097909,0.02165686667985424,0.8992834674192957,0.032550200559692766,0.2699907090381621,0.9996965324211129,1.0407715687670374,0.9399100728824797,0.9399100728824797
bioemu,SASDF65,100,0,2.235147895851256,2.234307674975627,32.15362560519514,32.178629718248935,0.820525182021413,0.015581492638362286,0.01586119509748798,1.365418444099234,0.030177762704267874,,0.9265677804894645,1.792828916849332,1.4813580038928178,1.4813580038928178
bioemu,SASDFD3,100,0,4.6277561755561125,5.3865926212532225,26.059869520791672,26.113731208966108,1.068793341096228,0.006722634326254035,0.006131505970244983,0.8824650206070167,0.02952499879810572,0.09897511397009646,0.45241382754521114,2.160894288810046,1.0854873725449457,1.0854873725449457
bioemu,SASDFG8,100,0,1.0494234350715619,1.0477952713828858,20.237055873331396,20.220518334276875,0.1855942156519852,0.028208078663451677,0.02459400331004638,0.9946111636457515,0.03302954345522715,0.16547348417360452,0.9999717231227991,1.0083949088281599,0.9966971715441776,0.9966971715441776
bioemu,SASDFJ8,100,0,1.2319939153443937,3.5174692276450394,20.772319074801576,20.856351919770624,0.7215102619864737,0.023452155589326718,0.021818573415064633,1.0024238993576753,0.04500332316021404,,0.9997628595666428,1.0241788618980543,1.0032795903536598,1.0032795903536598
bioemu,SASDFK8,100,0,62.05863819683483,64.29487825553888,32.35766321875194,31.666398793342594,7.506430223270186,0.03143138905708396,0.008718924541489564,1.0060268652484712,0.05227521000907445,,0.32995284298949307,8.13408940509581,1.0145043561270977,1.0145043561270977
bioemu,SASDFP4,100,0,1.0612551941167598,1.0915653011659578,26.787354855922636,26.182987093819428,0.37279919246748605,0.0516875098658868,0.05106586897981828,1.0276840478521012,0.028943898997310154,,0.999994337676704,1.0391044229065889,1.0312967842795138,1.0312967842795138
bioemu,SASDFP8,100,0,1.1377663297050566,1.1391043708553459,18.315813835130257,18.307240150659688,0.04236551437560365,0.023880985038508187,0.02189900171001061,1.017832507268834,0.019995202623826643,,0.9998270763062653,1.0629499727538505,1.0363387901601615,1.0363387901601615
bioemu,SASDFU7,100,0,1.3617311945653672,1.3813906202448847,33.224112656077025,33.637170816242474,3.2974230283823758,0.03550633379816998,0.03417485991504035,0.9974991116701463,0.04776626444625491,0.12257446659348467,0.9992875653852856,1.0549610201963007,0.9993715132890979,0.9993715132890979
bioemu,SASDFY7,100,0,1.1150203353380477,1.115976379122453,23.07414732270367,23.04749134501902,0.1513574590515212,0.02110062812813178,0.020577772174910823,1.0607954355812879,0.034096820958317973,,0.9999725516425376,1.0868900824325343,1.0698053336106552,1.0698053336106552
bioemu,SASDG45,100,0,9.495599597173383,9.89966509267913,15.797103995396817,15.793092737430914,0.27587347644882243,0.018680135555399158,0.012227301302504708,2.0221328844786215,0.026477401596762783,,,5.746755054591057,2.803201109489519,2.803201109489519
bioemu,SASDGA5,100,0,1.6521578928738334,2.342333632275439,21.141538421850807,21.00236116044801,0.2364160883492623,0.04093045573925001,0.03519981287649932,1.0400742594594747,0.014190551044885811,,0.9989487293695845,1.3364727621519663,1.26526448403944,1.26526448403944
bioemu,SASDGB5,100,0,241.73268107872894,250.940672215447,20.89316252402488,20.563385980932885,1.3845117956468478,0.019517177026304178,0.00904790976144813,45.89023154559184,0.01291031040060034,,,,56.68944656497964,56.68944656497964
bioemu,SASDGD2,100,0,1.2517518174268518,1.3912824362676197,21.026779802206597,21.02558249790406,0.09646567316645971,0.05662477216096928,0.055596152195695664,1.1299351879549084,0.0192467465864892,,0.9999827187498621,1.210696973672899,1.161260703634059,1.161260703634059
bioemu,SASDGD6,100,0,1.046192600920449,1.095768440901825,20.900212514230105,20.894724486602094,0.5345641378139376,0.04698621714449566,0.046104556345232806,0.9951192053258402,0.04404958338583744,0.14540864869818518,0.9999992438593156,1.0176486652126213,0.9998243930708883,0.9998243930708883
bioemu,SASDGG2,100,0,1.1976117531809891,1.1940907781050065,30.70496236139812,30.71418279903172,0.6132674042701041,0.025125732377744427,0.023273304311706707,0.9461662616061095,0.02428852577462745,0.08137828730586555,0.9999966607389098,1.0999976876046553,1.0010224286688543,1.0010224286688543
bioemu,SASDGP5,100,0,7.473228642309798,7.478116094937056,28.050696998293585,27.87453940068438,2.373182417436194,0.05561380555946383,0.02458150108666769,1.056967614065513,0.023988364837406326,,0.09953830051694856,3.3909512506149957,2.0322133435862773,2.0322133435862773
bioemu,SASDGQ9,100,0,1.5417742447940332,1.5669708271894771,23.92379876270344,23.74820231205178,1.5945261662936545,0.03453427665297271,0.03163251126661288,0.9822747591672513,0.04920798076794986,0.2844892450610947,0.9873779021111728,1.0129110514576802,0.9842251530832945,0.9842251530832945
bioemu,SASDGR2,100,0,2.4155586971623246,2.461218622864699,19.16163406826743,19.215299527725247,0.4142153469324299,0.08692686297062184,0.07146520322111895,1.7655763585482633,0.010000000221629748,,0.09754741769777343,2.22485440946735,2.1233149621896974,2.1233149621896974
bioemu,SASDGX4,100,0,1.8242485215986057,1.8756685651755882,26.55518430432857,26.31981803197283,1.5549763527067206,0.04432733855113763,0.038963335127915326,1.1535854698723154,0.06604290169726705,,0.9988189146907294,1.2118261330945705,1.1697737259052126,1.1697737259052126
bioemu,SASDGZ5,100,0,15.297216129022422,18.08203477514758,27.86728199819266,27.40939557194292,0.8679278235271681,0.030624280567817363,0.025523683166267706,1.0313459225564516,0.035543230196200426,,0.2530298356680413,5.604965270622966,1.056559743831096,1.056559743831096
bioemu,SASDH24,100,0,32.48267819991605,35.68236681271825,16.68279397024202,16.65610078313134,0.19613174366666897,0.03637658760492254,0.012736662681678888,3.570720358262589,0.01701628399707837,,,24.885797767706237,13.109760932472657,13.109760932472657
bioemu,SASDH25,100,0,4.343261050520747,4.345931255397562,25.586504709587043,25.963451245069102,1.7254015566300964,0.028346081351239654,0.025514518230422653,1.045846543241472,0.04165028343638794,,0.4231008875992072,2.155867720940346,1.059711818374768,1.059711818374768
bioemu,SASDH33,100,0,13.140092557085108,20.350468933655527,34.079545265059245,33.659981897458735,3.841317224277656,0.04726879323476591,0.028647813760606433,0.9134217363286781,0.055523999694827096,0.2610180936296029,0.5995534449344703,1.2926246975576874,0.9274398721161895,0.9274398721161895
bioemu,SASDH34,100,0,7.984859673871897,15.293472202520206,29.307329116763597,29.038144773846597,2.3279128435931185,0.025117603733340925,0.025771136835201335,5.487845739687225,0.029144921878033584,,,6.69059306975574,5.961333468858682,5.961333468858682
bioemu,SASDH64,100,0,1.165973570231321,1.16589994804977,13.58006907595726,13.503315152767584,0.2323395083312061,0.04224425018165261,0.040178288066973614,1.031121732575274,0.03323389227398525,,0.9996860535984371,1.067718207707562,1.0325467866552773,1.0325467866552773
bioemu,SASDH65,100,0,7.296769467678063,7.580264615524295,38.45287978523408,35.15531190978561,11.271986308160209,0.05181524300522193,0.03268235210200444,0.9821089153000334,0.06220119228130934,0.20497441923322968,0.6298989850853797,1.5514450196501348,0.9830182705420061,0.9830182705420061
bioemu,SASDH84,100,0,2.331008037531264,2.3410095712167562,19.80444599031161,19.794648221781284,1.4124044758442231,0.0266834605970843,0.024871027426815406,1.1537483511480533,0.021411306405843007,,0.9601866085269983,1.5456140202842363,1.301890754887779,1.301890754887779
bioemu,SASDH95,100,0,5.49044007244031,5.718145732956969,28.431943405179425,27.009142058729978,9.640051484342003,0.03724548666579443,0.025913707558304414,0.9639856296787934,0.04597193374061871,0.5622081217666537,0.9080374476246926,0.981675248770422,0.9655883438678056,0.9655883438678056
bioemu,SASDHC9,100,0,2.4784923326593105,2.483925659239615,30.97609983344616,31.252421613755295,0.46041234020778177,0.02147985843950668,0.020088798088389127,0.9715409309440965,0.04262570732721664,0.20454730379423977,0.8490996266952405,1.2671470977123702,0.9746037865029917,0.9746037865029917
bioemu,SASDHD5,100,0,64.6314518236697,71.92167991366773,59.03710995136167,56.9237340199356,20.397915720431165,0.07382924841405784,0.04335532415153728,6.022005008646309,0.014736604852664053,,,37.80359488088041,18.804744577211608,18.804744577211608
bioemu,SASDHF8,100,0,3.92530419608576,4.282858180322664,14.898136436889333,14.916118065418425,3.4509705767715637,0.023928174623292206,0.022776268640566758,1.0156977225239348,0.08669142163712378,,0.8676570158735758,1.0770714849399428,1.0157710757333673,1.0157710757333673
bioemu,SASDHG4,100,0,3.3017323603345097,4.783204830419705,23.620663726551083,23.6977701496808,4.257172757552521,0.011098338159896097,0.007484105753059795,0.9881424873566336,0.03446288116801971,0.25705222607559286,0.936970077136824,1.1158256123405965,0.9909512171830628,0.9909512171830628
bioemu,SASDHG9,100,0,1.3539375798275486,1.4378769939732678,24.60253166440354,24.477789348893445,0.2917993791072462,0.052664838113618447,0.045972691766320115,1.107405277088211,0.02521180309717149,,0.9993380480479732,1.2032203647658235,1.1573997227832498,1.1573997227832498
bioemu,SASDHN7,100,0,1.763083979393651,3.594557400339578,14.720421482747401,14.701813898480644,0.2965784320709588,0.05981217862201618,0.05078436166742218,1.3119671312204038,0.014542219583523008,,0.9999758934643682,1.6653089976235447,1.4905003887043018,1.4905003887043018
bioemu,SASDHP4,100,0,1.4727310971383127,1.4721692151937216,21.06825683077994,21.07934600145404,0.25660391999310406,0.0837916256955608,0.07576653125908096,1.3025412550664603,0.017996447890548214,,0.9999973180745712,1.4129692161247576,1.380558881957908,1.380558881957908
bioemu,SASDHP7,100,0,1.79214803881316,2.6202648255169048,19.15411038391194,19.13191789086837,0.1762243823874634,0.03511506131969921,0.03479859872719111,1.5726468312020918,0.028276042763218302,,0.999996456684511,1.6912315732812064,1.6142399917164099,1.6142399917164099
bioemu,SASDHS8,100,0,1.4178279876012638,4.412931454702372,32.957453567740174,33.119692442523956,3.0957094732030583,0.3133871270420114,0.33212843024573074,1.2439477879398442,0.01744953355960272,,0.9999571473623832,1.361423649984996,1.2806544192807037,1.2806544192807037
bioemu,SASDHT5,100,0,1.3628620681788886,1.361705881506579,32.82829099858831,32.59296064383608,8.212321624850283,0.13848795425915025,0.14852939480487998,1.19485221673631,0.03690700735498417,,0.9999873719499637,1.2671856371390338,1.2015098071032002,1.2015098071032002
bioemu,SASDHV4,100,0,1.5378500819732446,1.5715383937688139,35.91530489756479,36.3770380934339,7.847360891590569,0.03448938771164253,0.03127138619644201,1.008095038952964,0.04686759154908514,,0.999485668083553,1.1420352416816537,1.0248443586358196,1.0248443586358196
bioemu,SASDHW9,100,0,2.2680490436721445,2.350229339319441,30.91898111794891,30.91364613581802,1.7548000505632686,0.04350068399709836,0.03577651702882828,1.0578167649690549,0.023245076625110894,,0.9779038671511896,1.1164754703700521,1.0695596393927893,1.0695596393927893
bioemu,SASDJ28,100,0,3.964981447841837,4.181954420080647,20.445344913894274,20.42809218209663,0.1215906763386343,0.02324906075824764,0.0255474898980898,2.0696753638869687,0.01898541063240066,,,3.4421785869477968,3.0222755681732343,3.0222755681732343
bioemu,SASDJ29,100,0,1.2910819116993653,1.3062157089392894,24.401128430540037,24.26784241592722,1.3175719778693598,0.026713127473100173,0.029302269743186646,0.9951032549610347,0.05276735593281525,0.5145620059206827,0.9980287292035155,0.9993022693606961,0.9955705879325115,0.9955705879325115
bioemu,SASDJ63,100,0,2.3947131930192893,2.443444401707017,28.675173486720706,28.519649778846954,0.611870376570824,0.030320649316100456,0.017732619379992227,1.1696948946759513,0.025191655342195137,,0.8369850725304293,1.6659033135630545,1.2666841657263697,1.2666841657263697
bioemu,SASDJ83,100,0,1.1861217727601554,1.3122585334952588,20.008565699619243,19.993529113849732,0.5831743936547085,0.022286411098971327,0.022411649117052755,0.9611064933777522,0.01782084228161564,0.4592323514422989,0.9998193423787517,1.0037345760609107,0.9772236058334802,0.9772236058334802
bioemu,SASDJ84,100,0,112.16819647899419,118.39738357436318,22.166159878817872,21.505802455996758,1.3191193952404525,0.05329502972071112,0.010120212619696294,1.2350694275478513,0.04411193302826838,,0.09117519497412598,,2.4469038490359774,2.4469038490359774
bioemu,SASDJ86,100,0,2.798637281372667,3.139050445721434,28.548774601793976,28.26912821466852,5.884366087175874,0.04012552010892569,0.03372527510292104,1.0432552802578785,0.04321427710819911,,0.7589484106933371,1.70700385237048,1.1722450497976766,1.1722450497976766
bioemu,SASDJ93,100,0,1.3073810093272349,1.3072003285190041,21.84468886696808,21.839378992500198,0.1425019929210265,0.022950459870449972,0.023910479581625878,1.2115137198351766,0.017762213942988585,,0.999973100456352,1.2692773634504178,1.2398543823842323,1.2398543823842323
bioemu,SASDJ94,100,0,2.633449555970421,2.8423439210374024,21.976613798291357,21.772334157280252,0.9053005077909795,0.009499449635511104,0.007275505812452124,1.0620162683376873,0.02044857254119536,,0.9559081679857104,1.1718500239615348,1.0770622107079662,1.0770622107079662
bioemu,SASDJA4,100,0,4.008912513973181,4.198551300480379,21.879163944720908,21.87101394355691,0.25949958920419647,0.028460631526995486,0.02494934296036632,2.3068102869335734,0.010000001211051837,,,3.376123021102333,2.7018468167403973,2.7018468167403973
bioemu,SASDJA5,100,0,8.033212589202703,8.128813965741767,21.209562937649377,21.279366019293285,0.9890563193396638,0.026951861362037453,0.017179856790234514,2.7591587053570326,0.023164408317259712,,,4.517907160398724,3.4129972940384503,3.4129972940384503
bioemu,SASDJB2,100,0,1.3905898842946385,1.4046737155412943,20.402510103284072,20.40213624627846,0.08940405146356767,0.033437248235649406,0.034441671842996825,1.241023441555522,0.01972455031045529,,0.9999797016719755,1.3410658703626779,1.3111547730213295,1.3111547730213295
bioemu,SASDJB9,100,0,1.0261958623887169,1.0253703761139867,18.573361044586175,18.643681491564386,1.8462125531692628,0.09960222114588668,0.09468435821588332,1.0122741287527457,0.020918106319441864,,0.9999992902678935,1.0172598066159233,1.0147150513531868,1.0147150513531868
bioemu,SASDJC4,100,0,2.5923422629391175,2.5990066294525263,24.317482249225275,24.482769996769807,0.8907878259422866,0.0342396041192359,0.028284442448670136,1.6528343628307363,0.03199476668593689,,0.2619320274490799,2.295421208162823,1.7894026899391553,1.7894026899391553
bioemu,SASDJD6,100,0,68.86485314853948,80.19539289286949,30.977730014070683,30.803021322694324,1.8063419563430614,0.016830863359244618,0.015214257897192498,17.52912057482001,0.010000000054296954,,,47.6338890819931,28.524266671118305,28.524266671118305
bioemu,SASDJE2,100,0,6.77370435787057,6.801635461445348,14.512568430398408,14.298434938377643,1.6620254962337508,0.019424914776872273,0.012976286961281759,1.1093563170226797,0.05931751628119899,,0.8100664261515123,1.1140338536050998,1.1096823338894801,1.1096823338894801
bioemu,SASDJE4,100,0,1.5972216015704126,1.8929032245689068,22.339923963691437,22.573311432092282,0.9590962475674871,0.04711292183637836,0.046659930634172044,1.4954012115792845,0.015090195956338572,,0.9999999592240164,1.5716549315379915,1.554958945140501,1.554958945140501
bioemu,SASDJF5,100,0,2.969787855879276,3.1218764132499492,20.359838222117002,20.48549813780076,0.8518654292988188,0.02395975049243826,0.020255981244781045,1.4103677818183349,0.025722481369144297,,0.3859685865521032,2.167535018265662,1.5739007882455356,1.5739007882455356
bioemu,SASDJF6,100,0,5.897015253093152,6.098765555519513,18.216680108778117,18.069992443781114,2.269599296535848,0.03387877455786054,0.024038667029781007,0.9708898752347904,0.04033804175230401,0.15972679698858508,0.42454963957772046,2.34318834796206,0.9721979593041955,0.9721979593041955
bioemu,SASDJG2,100,0,2.5903290418252283,2.5957368778739114,11.42430205501602,11.41076154206935,1.1246965644028926,0.016064481385080286,0.0132509213559112,0.9976832331694983,0.04149682917171315,0.10759894855299544,0.9801686710558704,1.0239910135565176,0.999231784083803,0.999231784083803
bioemu,SASDJG4,100,0,2.4077344641320195,3.3272701017095394,26.52633577071052,26.060170506397768,2.4795858500227723,0.036581107201868045,0.03598096368854301,1.0721408210791274,0.03952978683377505,,0.8956452578429961,1.5937099186045633,1.1609335469938404,1.1609335469938404
bioemu,SASDJG6,100,0,12.369041529657878,12.375855262450626,22.91977088557393,23.99233210034709,4.4060323110489,0.06888962902862783,0.05423469813840986,6.563777318130617,0.017872426023872692,,,10.098508212319667,8.202360739635436,8.202360739635436
bioemu,SASDJH6,100,0,40.719840401228986,44.50732667329144,16.867675088792478,16.49784760700784,2.4290794224422783,0.01765735731717088,0.0069235222828577725,0.9952973505012038,0.05200615090943134,0.307585025788132,0.5167705851326122,1.965076664341662,0.9956509799958836,0.9956509799958836
bioemu,SASDJJ4,100,0,1.036931483518885,1.0369038803230544,17.815077232320103,17.78409719405404,0.10667725725393495,0.06236312264795422,0.0618024933727219,1.0032956085232168,0.04755534290212458,,0.9999945154500369,1.0206984181219108,1.0056500102558459,1.0056500102558459
bioemu,SASDJJ6,100,0,37.11082014829822,37.0908373792365,49.27241806260221,46.18226150574499,14.046476659450263,0.0404262438397014,0.0239079947899577,2.5637988714690025,0.051726729772096885,,,14.228377311264031,3.602438280936559,3.602438280936559
bioemu,SASDJK6,100,0,162.38147947677345,162.63434061608112,52.70673962988518,51.152765289403646,15.220944873640626,0.040014030637263664,0.008410691143302222,1.6008209866771628,0.025938086430275134,,0.04294562089463533,,3.953198482330597,3.953198482330597
bioemu,SASDJL9,100,0,1.5377128318165925,1.5769689858811529,14.390900199605756,14.273480470709332,0.40884775860377687,0.02425684383146479,0.023151574731645877,0.8372976724580516,0.028941516230468877,0.39353129944743037,0.9997905770480304,1.071016193195844,0.8506835963149623,0.8506835963149623
bioemu,SASDJM2,100,0,31.128382215641466,31.53127054973858,37.25357802286794,37.18193706034202,3.5653091513698243,0.018424526630467696,0.015147748777086646,3.1829678176573486,0.02577084756525101,,,16.343053984244975,4.584355972182217,4.584355972182217
bioemu,SASDJM5,100,0,9.332919972946826,9.593098767191313,38.20226334503773,38.01334461874582,9.359266303106423,0.030298661382684194,0.01275568414001495,1.049136873956036,0.014900874654003254,,0.1491024208163068,4.18934166467913,1.9071344706709805,1.9071344706709805
bioemu,SASDJN5,100,0,3.3716315987097536,3.7218531891286415,28.75214224551412,28.073246727804282,2.1694626328630235,0.02736322120942965,0.03268668915147736,1.0271680487460975,0.048990518823254704,,0.8657852831330544,1.3094449849318945,1.0371544846287057,1.0371544846287057
bioemu,SASDJP5,100,0,1.218522916537791,1.2168955276633735,29.271437523127258,29.117173285147043,0.9063848348950003,0.03743112701689735,0.03782291188727421,0.8772352809874117,0.030080114998068196,0.9305303115234529,0.9985108684741094,0.8938380004976585,0.8801750705301917,0.8801750705301917
bioemu,SASDJR3,100,0,0.9844866712162017,0.9831052723956163,23.89629751640258,23.843744498800195,1.095521968503796,0.06948047762243917,0.06874966349494922,0.9683626008592362,0.03089069807971951,0.9999991900962741,0.9999991900962741,0.9734083132322988,0.9702463264350002,0.9702463264350002
bioemu,SASDJT3,100,0,3.9241744765399793,4.172656667594678,31.904374762964345,31.906747086648227,1.359145262590733,0.02299916986486406,0.01960129095320777,1.7201594823197097,0.019545786785220766,,0.03617540772339669,3.051433766671622,2.3205350909620255,2.3205350909620255
bioemu,SASDJT7,100,0,25.104122828209732,25.092454645863494,51.00597069690098,48.70152675869133,22.933144653209105,0.022767630078271636,0.017898138145366817,1.014622151840075,0.06143061837853631,,0.20555674749125125,,1.063139091345335,1.063139091345335
bioemu,SASDJV9,100,0,3.07055433924454,3.2292541200327234,18.725036454084584,18.32583704869988,2.0065312454620567,0.021740760926297176,0.016153634324713503,1.0682346818167638,0.03554156602905685,,0.782481013772462,1.2701147546091096,1.0686780216378462,1.0686780216378462
bioemu,SASDJX3,100,0,20.705867101522966,23.006903963636457,25.53376580657576,24.396237429262353,6.978175487908814,0.0224699325461014,0.017723489970897136,1.0225747473132933,0.020402040692577735,,0.38193097053807856,2.6893179145037767,1.2171565116138428,1.2171565116138428
bioemu,SASDJX7,100,0,19.446506844273088,20.608159756995413,27.171576262681878,25.569384707098646,4.338258336965133,0.026194217009088236,0.0098104749456923,1.0647435268104184,0.042980198619472575,,0.3657176024137084,3.4311652602857876,1.0709973945768072,1.0709973945768072
bioemu,SASDJY2,100,0,1.1915322752636286,1.2992565974687929,20.499585967727022,20.69326884345891,1.7110686524973815,0.018814644881118985,0.01679121652625048,1.0085738043721504,0.025467444393891623,,0.999933644900753,1.0902380873745245,1.0304637426149563,1.0304637426149563
bioemu,SASDJZ6,100,0,3.707624349397432,5.519605862587612,24.587725108130208,24.665627594698808,1.7077184362870383,0.020065882933972212,0.01607306801216055,1.2341215340651748,0.023002164004868826,,0.23995546180186347,2.696205665776126,1.7260592047303518,1.7260592047303518
bioemu,SASDK42,100,0,16.271852944146385,18.223566891616297,27.948805043609717,27.2419403975705,4.252343108212713,0.026926718767872056,0.01078339972991109,0.9836220396082201,0.05710032286730692,0.23251900969224784,0.40108392744269045,3.3394730996024906,0.9846598689007351,0.9846598689007351
bioemu,SASDK52,100,0,1.2400305185501483,1.2625697312597808,26.905342740160492,26.827105384845943,1.2922561879991576,0.08990474848379328,0.10026446501687311,1.1251215080520809,0.022527691633722206,,0.9999535671544961,1.171214936657763,1.1312227828475168,1.1312227828475168
bioemu,SASDK56,100,0,1.3357092299521331,1.3499606785942397,20.3825424730427,20.348306692022177,0.11038876810191312,0.07460955457789574,0.0710072723294692,1.1443739753465276,0.011914547325714273,,0.9999957071634236,1.3000085226464604,1.2623682344135374,1.2623682344135374
bioemu,SASDK68,100,0,5.382964432863366,5.45781910028852,43.43802784536256,41.695207992556874,19.78003767685113,0.020900486910120544,0.009048622096660625,1.1216894276320495,0.17838555026525904,,0.8082569089397402,1.139674929293844,1.1216894276320495,1.1216894276320495
bioemu,SASDK76,100,0,1.0520824252052345,1.2111149522346851,21.71613592497766,21.734857046216202,0.2729390515293879,0.05791919304422737,0.056045218069071936,1.0002421100730827,0.018758902222298503,,0.9999999422210698,1.0340634388409553,1.0164746654611472,1.0164746654611472
bioemu,SASDK92,100,0,42.24348039804221,535.6116383437785,27.05765288641797,26.933101749508257,1.4865916944666147,0.015184561590390815,0.008463118458334794,7.373050919573783,0.020544129099427523,,,22.30476190925715,11.482487800733386,11.482487800733386
bioemu,SASDKD6,100,0,2.274724409610527,2.317225387959452,24.449295617756363,23.23332350612995,6.891601847956942,0.016016792872909438,0.012201425336821144,0.9520768106351573,0.0508705258164859,0.8002447847199747,0.9669569035539374,0.9548815958591172,0.9523088735824818,0.9523088735824818
bioemu,SASDKH8,100,0,4.781391032100006,5.168270572928989,44.222252300124566,41.79098959978348,18.340660242943045,0.020869205801109403,0.014196280317438784,1.0387491022401392,0.05315528562402371,,0.8886426537617657,1.0413374826245398,1.0391896984277722,1.0391896984277722
bioemu,SASDKK2,100,0,13.833565823461864,15.035225319400208,28.74409381757085,27.971703812850976,2.9817701731283854,0.016282017521767386,0.004720545476416732,1.033802175928889,0.07167621019054927,,0.6215304390915711,1.240426108177811,1.0346461082145983,1.0346461082145983
bioemu,SASDKK9,100,0,5.013386218038124,5.057501449034778,25.403543322652766,24.8122708472181,3.1766501707773322,0.028498882993762815,0.02680968457514622,1.1104874133824727,0.024543782988005098,,0.44333693626462556,2.0658777614408437,1.2124913716756,1.2124913716756
bioemu,SASDKQ3,100,0,33.54054307649307,33.872447257305396,34.42832504079722,34.12125387796084,2.638511667877289,0.020700473998805074,0.01802365004147968,6.831711700875546,0.02111488818622083,,,25.0232503535868,12.066742559019916,12.066742559019916
bioemu,SASDKQ4,100,0,85.96226539507674,102.1752445154353,19.93271325499278,19.921664452395177,0.1420223752653058,0.2035120127195777,0.1319806983512092,41.9945521206847,0.010000000032060726,,,84.68624208391327,81.37421413224858,81.37421413224858
bioemu,SASDKU8,100,0,19.94735774567947,22.34171754560556,19.968405047867385,19.536321888864844,2.9845919572792923,0.04577117586032243,0.02166115032443855,1.111591467373282,0.019221872826279948,,0.04682332560159495,10.954191349154508,4.719657999646043,4.719657999646043
bioemu,SASDKV7,100,0,1.0396992352890675,1.0990218363369408,24.666618207270098,24.655545180075734,0.27306219009966526,0.08132227289975204,0.08086204664867788,1.0135063873764114,0.02905529031605557,,0.9999998101928527,1.032504241260845,1.0205765984008364,1.0205765984008364
bioemu,SASDKW7,100,0,1.1045505312702304,1.205387921898403,20.490016067109504,20.562543413589715,0.2809734956492278,0.043184653233527374,0.04280279014141888,1.0721834213363057,0.014087828632910469,,0.9999985458290623,1.0886776921638286,1.0793965732333013,1.0793965732333013
bioemu,SASDKX6,100,0,6.717844035768575,7.517611203954853,27.87358704628404,27.83145434149747,0.9197433667383024,0.07777560538564882,0.09068341956281123,4.494324572037242,0.010000000000216032,,,5.840290131608119,5.253538677195388,5.253538677195388
bioemu,SASDL26,100,0,3.808780249917931,3.80057537913561,28.629563179934003,28.886533904223526,1.8206688089543555,0.05808337471374668,0.036678332125560875,0.8418377598637171,0.04125596425385186,0.1291110133127774,0.36408135221734494,2.385770378192244,0.9048594916102616,0.9048594916102616
bioemu,SASDL49,100,0,10.542162470487595,10.770783044040696,55.818353584536275,54.14158616342731,5.722629132671301,0.016721436332366044,0.006604829859864221,1.0798558702625307,0.031177390642051737,,0.17477401537257214,4.302540695921172,1.4340844314871777,1.4340844314871777
bioemu,SASDL62,100,0,2.7949964683528643,2.9356684512371736,22.38213291750915,22.255858514060428,0.34871451402736753,0.020239086165319144,0.017062211437711302,1.2232202129357614,0.02646193823257549,,0.5038450748775624,1.8056636019378696,1.394569950441191,1.394569950441191
bioemu,SASDLA5,100,0,1.272157398766821,1.2809286823405879,14.906598315487912,14.902390117772956,0.07453239665606937,0.034669443876296724,0.02772367485693156,1.1235450685407122,0.011670539470343926,,0.9994188290175985,1.1645745454158105,1.1276814841301441,1.1276814841301441
bioemu,SASDLB7,100,0,2.243946106112321,2.2907167189445143,32.92078335339295,31.677449764698494,6.137761489353803,0.024563709442392032,0.02376953504968002,1.1450602616074617,0.04072611726560468,,0.9621307196275717,1.5674839775287575,1.1617807108975733,1.1617807108975733
bioemu,SASDLF3,100,0,22.616245896519047,25.589658486700213,39.80211854548519,39.5727069727218,9.240670945937836,0.02146716900530834,0.016291358288290377,3.522203177828554,0.0676846715813671,,,6.288373425361288,3.572044697619596,3.572044697619596
bioemu,SASDLF9,100,0,12.231109394738082,12.559011667931413,46.28328078234075,45.49217930445589,17.054735427175622,0.055153343285162214,0.026283030026048308,0.9610706825345224,0.02960033396733415,0.030986941819143618,0.12639215424508157,4.6979535474507506,1.7148776790316589,1.7148776790316589
bioemu,SASDLH5,100,0,192.33480525452308,237.0874181947025,42.434996357098434,40.526495176109265,9.731517775614222,0.14547707720775038,0.1135961173721547,36.683316255262014,0.01850490069389979,,,,43.91306890740537,43.91306890740537
bioemu,SASDLH9,100,0,633.1131250437415,655.147620349731,23.038148527803386,23.333653392138892,5.537027178567325,0.012222141437355572,0.0016492838596395096,8.821717337596867,0.043719789549340665,,,,13.38921942323639,13.38921942323639
bioemu,SASDLJ9,100,0,584.1016955401697,593.3013685105624,17.982711506452656,17.375981767548822,2.162548927496477,0.052425589252692424,0.006126600326209543,5.0866707721555,0.01859954328321076,,,,13.450258870411638,13.450258870411638
bioemu,SASDLK9,100,0,8.888180348544271,11.148783701728576,78.27335496516739,73.7765117903985,18.56610928965071,0.019435386308084078,0.00887582562056403,0.9269574939673051,0.08505627087424042,0.6756155157349348,0.8362509609042056,0.9319210444877495,0.9271461147585558,0.9271461147585558
bioemu,SASDLM8,100,0,4.913493804002004,5.15104194159132,24.320972992662355,24.38771531597702,0.478053307657035,0.06393774212495229,0.052679855798210766,3.013209235152626,0.010000000271890123,,,4.366416469056284,3.9519918054231202,3.9519918054231202
bioemu,SASDLM9,100,0,2.0504286186751295,2.053464710564213,21.568451499127786,21.719703334054763,1.3520610758906493,0.01925938530209906,0.017933541769476286,1.1724481657225463,0.02909545921316016,,0.9920910570688543,1.4385531769499702,1.3545417819819587,1.3545417819819587
bioemu,SASDLQ3,100,0,0.782194553241963,0.7796980232170142,17.31112549948734,17.3174898509582,0.06460153635701005,0.027195646662085026,0.02719314705072591,0.7804075478411576,0.04445984669582888,0.9999999976021564,0.9999999976021564,0.7809365155809286,0.7805538179349111,0.7805538179349111
bioemu,SASDLR9,100,0,1.1304267409302173,1.13003807108964,17.738560009290154,17.84949640843375,0.8023914656195288,0.02950859382994942,0.03188688727274738,1.0277826871814493,0.02584748646785997,,0.9996336212789171,1.0554234401868938,1.029962917277373,1.029962917277373
bioemu,SASDLS4,100,0,35.8050859867315,37.110099185785224,65.59627478258875,63.156050648247515,21.94350339460196,0.04196697462222841,0.014170072226701264,1.0286210262191915,0.07342833968435025,,0.1435794924476857,14.716141617956406,1.1412546643051231,1.1412546643051231
bioemu,SASDLT4,100,0,8.52768634239539,14.287646637618941,76.00554909212612,72.96996270088174,18.233964795952517,0.05763300943795043,0.028636582539380034,1.0091842944905407,0.04802706705803454,,0.28633985030295844,2.73216586056115,1.0522225700809977,1.0522225700809977
bioemu,SASDM43,100,0,2.3812323339304817,3.0389462804180685,17.46954319247039,17.430907078485774,1.4533616701303096,0.09562382640684157,0.05814349171749211,1.0322391422763686,0.0222279406069878,,0.9405106460521578,1.3703769517861273,1.0628889682370208,1.0628889682370208
bioemu,SASDM53,100,0,1.6236817673143233,1.8576751717169042,21.952218988452195,21.277856041054825,1.8302807980489035,0.04280491959197114,0.05009779040599108,0.9283936709873812,0.04755312764583044,0.589234740018174,0.9997758171893625,0.9690378262836842,0.9287185458105097,0.9287185458105097
bioemu,SASDM55,100,0,3.9220484072692057,4.245918691084564,16.611016833571608,16.60100044682548,0.11215360340251124,0.016819277517369724,0.012662690709716484,2.1702032725494367,0.020031104226063183,,,2.9602465070447193,2.344056745679438,2.344056745679438
bioemu,SASDM65,100,0,4.336348587679039,4.352897126923415,37.291842641975904,35.44066698102496,6.9599791745813135,0.013672945056117065,0.006498153883016795,0.985919347237367,0.08044337291016981,0.26585325950386024,0.8971186072336009,1.183718376849862,0.9862148701264559,0.9862148701264559
bioemu,SASDM75,100,0,8.73985594219691,9.027280329652028,30.245924379670264,30.21147661030971,0.5919182970087533,0.016310676715620184,0.010235330932069544,1.8385624874404054,0.0313440869541505,,0.04228391220794361,5.5840190303450425,2.848550314788058,2.848550314788058
bioemu,SASDM82,100,0,1.0569771080957269,1.0568686524278819,13.894436964991154,13.9016535450718,0.1498192766295965,0.10123545262332745,0.09726199215451029,1.0383445025627407,0.019928624834033733,,0.9999995305125059,1.04765399035637,1.042078825984389,1.042078825984389
bioemu,SASDM97,100,0,2.7347223654749016,2.893840479829036,24.48387800678476,23.750565797833644,1.7618553137051123,0.04288569350295891,0.029542317127175255,1.0315399088885069,0.04014850477159724,,0.9884321435918928,1.0998729297956564,1.0511529390073473,1.0511529390073473
bioemu,SASDMA5,100,0,1.0252182751521182,1.081408693102895,12.408207641130822,12.355647236235704,0.7861521014273549,0.05358865265299224,0.05502246673591823,0.9984061745874292,0.024216009185025707,0.06833650404909714,0.9999972158183756,1.007362011861299,1.0003792869028836,1.0003792869028836
bioemu,SASDMC9,100,0,1.128473868749178,1.2778517072502473,31.746439982871532,31.464271826193386,3.389068055464225,0.034374466291343234,0.02944296393307187,0.9858076321004228,0.051450375871642,0.7800429331271661,0.9994090013003942,0.9900188017856977,0.9867074660198238,0.9867074660198238
bioemu,SASDMQ2,100,0,1.4218990275177927,1.4252417239851611,56.691552417853316,57.024532195918226,2.8663290550176868,0.03502702445986023,0.03423471728292571,0.9911406240533547,0.07594901268957002,0.33984792467117053,0.9983636824839033,1.0809786867732494,0.9913186338172447,0.9913186338172447
bioemu,SASDMQ3,100,0,1.1509883443210438,1.3020927693670212,32.210229962335525,31.856581899208482,2.217621419217526,0.04231830602472924,0.0393116632547689,0.9847394889665398,0.018519560192216775,0.31196482351557087,0.999811519767363,1.012351748654193,0.9950862370841632,0.9950862370841632
bioemu,SASDMQ9,100,0,25.78368891416044,25.870237318091824,35.138739275918724,35.443645253776225,1.4842909390097532,0.026521425058167906,0.02420100774236,10.368512432137605,0.028769954270478234,,,22.736649229169277,14.59839905407714,14.59839905407714
bioemu,SASDMR3,100,0,1.3716717609564217,1.3835834295131988,13.810972386339131,13.798106309554964,0.14144379796865003,0.04463581506100454,0.043573608041818535,1.3263649857554125,0.018552349790817105,,0.9999988332999358,1.3595233214758873,1.342258538057323,1.342258538057323
bioemu,SASDMS3,100,0,1.2558366642606547,1.3408928876535169,24.25918527735325,24.348651352205593,0.47471414444713034,0.02605542872105965,0.023180290296702207,1.096969561411317,0.01000000126116307,,0.9999802341510236,1.1899461257009307,1.1652607202562095,1.1652607202562095
bioemu,SASDMS4,100,0,1.772342881538473,1.7750607635010942,31.020992232640214,31.27891788748973,2.0813944744283894,0.042549593457078996,0.03746217774685084,1.005482178563569,0.030808750127390372,,0.9995104883094852,1.4255464698267888,1.0444719470361394,1.0444719470361394
bioemu,SASDMT5,100,0,1.8978820841087265,4.080724170024868,45.8878926606768,43.770131546355564,12.543147485518404,0.0410485327670678,0.03702287121076318,0.9917434308769927,0.026595752092300404,0.03872102630706022,0.9967898637580253,1.2757887623326114,1.1189733090237557,1.1189733090237557
bioemu,SASDMT7,100,0,1.5392328946683151,1.602964058452818,22.86870451122355,22.864240829002533,0.03750444797825736,0.053680616966910455,0.04829163267854415,1.3556037903040943,0.012477208284923267,,0.9999820586013809,1.4797077608352431,1.3829929025446932,1.3829929025446932
bioemu,SASDMU6,100,0,1.784473636336216,1.8011447407618522,18.335572177168988,18.361613300217122,0.9571060116500192,0.05073575330208285,0.04875523095941155,1.0475292916601757,0.0187733495934992,,0.9996223651392291,1.3473210165440053,1.1066678284726537,1.1066678284726537
bioemu,SASDMV6,100,0,3.108897569330631,3.6615225073450035,21.777768757775522,21.69035088952962,1.2924192329641002,0.050604410605024006,0.025636963156117888,0.9940564773974586,0.05303761882687517,0.14851577923315895,0.7863104752459134,1.2943825708315346,0.9956604603030883,0.9956604603030883
bioemu,SASDMX9,100,0,5.198732246272499,6.827480589177763,20.537941820815796,20.461652661219773,0.2963834946580093,0.0235830519496719,0.021301679176081615,1.509932344456458,0.037824430689729356,,0.6244468341775534,1.70405752895701,1.5544138181044267,1.5544138181044267
bioemu,SASDMY9,100,0,1.37127376037275,1.379083666113712,22.672611112509664,22.494072524209137,1.208708578432347,0.02942516828843233,0.028112745633485214,0.9902985581567555,0.03702663714251774,0.42951615502291146,0.9938388292384179,1.0168586692835835,0.9908050768498136,0.9908050768498136
bioemu,SASDN65,100,0,4.657164461735748,4.7888597510280935,18.912995048969105,18.697200175520994,0.40544658441939063,0.029363072346569975,0.012445159390458156,0.929763553882751,0.028147031356425507,0.25865389340560324,0.8067422237988517,1.2258207612269507,0.951842755968172,0.951842755968172
bioemu,SASDN68,100,0,9.646172549717893,9.7757506119482,19.786847827849293,19.578164517700557,1.0097014874963612,0.02728277981923594,0.02188618757422074,1.2006837217312576,0.029918823968659768,,0.3216067620449584,3.3890035283827733,1.3352611509995966,1.3352611509995966
bioemu,SASDN73,100,0,1.3224023163271217,1.3235831861289789,22.307148772103044,22.30855904772571,0.10822964161290116,0.024718850088138213,0.024335599920459902,1.0642429956228145,0.023597578477548814,,0.9999828420065784,1.2164086880289966,1.1247765256688165,1.1247765256688165
bioemu,SASDNB2,100,0,4.626497059507063,5.031639341260935,14.743464708278577,14.736284376344464,0.21770640604471936,0.05306862200152605,0.04544079399241904,3.328795880788055,0.010000000720612821,,,4.272484729904784,4.008929170155951,4.008929170155951
bioemu,SASDNB7,100,0,1.0587966661501154,1.0973023079740172,22.583711019053524,22.36912144568032,0.9701552512957612,0.057283437528167634,0.058324140388744346,0.9870833946811295,0.042885623416658664,0.6713164065343398,0.9998921264504823,0.9949126949967504,0.9882913923931442,0.9882913923931442
bioemu,SASDNB8,100,0,1.4237937695788903,1.4556305172027306,26.526470260660492,25.267817344116544,4.952024773062401,0.027903116634413968,0.02860512071202587,1.0711412000204705,0.06304820982211999,,0.9973988150314169,1.0772241319759293,1.0713365293055863,1.0713365293055863
bioemu,SASDNC7,100,0,23.67700960297968,23.87787013831,29.58599090782116,28.609017500214943,3.870507965421261,0.032453192775571106,0.01880237262437506,1.0258762058378539,0.03381301862239722,,0.5192584873282741,1.8828729987837285,1.0511182904534055,1.0511182904534055
bioemu,SASDND2,100,0,3.1652845910745455,3.2407009098210473,13.581288142576202,13.588321411168602,0.0586124911151078,0.013245611004120712,0.01235380130170283,2.274779379635221,0.03471051283007608,,,2.6787132875180464,2.357314313309535,2.357314313309535
bioemu,SASDNG9,100,0,86.35206798541259,86.08707488842764,20.908229989874133,21.322969170267637,0.981130035873715,0.028257627086945812,0.02015365160921258,8.142818081983267,0.021840459172084225,,,57.42330994706626,19.853308579983622,19.853308579983622
bioemu,SASDNK8,100,0,1.2778503750155137,1.2871937829412665,29.232449928095992,27.971133969323198,3.4521712726802356,0.0913663921472438,0.08918875725388872,0.9987153834237806,0.04484697485877064,0.14222646027676508,0.9998172399483665,1.0227508450975848,0.9993115049017577,0.9993115049017577
bioemu,SASDNL5,100,0,1.7315796871780953,1.8658757382590565,24.799687265258548,24.973478645607308,0.35371771930461904,0.030557068067038198,0.028140842104119483,1.1076739025330764,0.04955215504344981,,0.9997029459544775,1.4890571015233545,1.1904965354305042,1.1904965354305042
bioemu,SASDNL8,100,0,1.091991889461852,1.09057818403582,29.827544833223726,29.556284977454204,1.5026569894805633,0.08233130631513383,0.08113767840811915,1.0790240475343955,0.017049368488593744,,0.9999998848887017,1.0877844906297505,1.0823267240826064,1.0823267240826064
bioemu,SASDNM3,100,0,2.4142646899363336,2.530625279375079,27.504215172400595,27.479179226421515,0.3881176739858141,0.014120436798250887,0.010631868331583704,1.3520227464882324,0.01983252612158688,,0.12694648675724512,2.2081590129802637,1.7513133096330686,1.7513133096330686
bioemu,SASDNM8,100,0,2.0389752831009145,2.0436808033003104,16.227027593085907,16.226134105905714,1.200865878289063,0.082960887315279,0.053207876954564845,0.9831288838985157,0.07872571728277551,0.18080950373322796,0.9978888708072602,1.2454068951125907,0.9844706321824218,0.9844706321824218
bioemu,SASDNM9,100,0,4.750615031261383,4.9772696578433475,20.53188234717311,20.407626283050046,0.31274021529688767,0.017887087690108987,0.015947905754362366,2.3520259301843898,0.031955914489433905,,,2.968203533319272,2.443568871468489,2.443568871468489
bioemu,SASDNQ9,100,0,4.340301238825106,4.4606293685128975,27.25011005718899,27.309817608132352,1.0669187253650918,0.021016239342540544,0.021294189929012566,1.3039901506010303,0.04794836927237355,,0.46962199177805436,2.250359807836065,1.328926994364442,1.328926994364442
bioemu,SASDNS3,100,0,21.20887546926848,22.696040724075576,39.24580199473704,37.84536671425488,6.494521892168777,0.020660066798168633,0.01379399760012026,0.9727055760100718,0.055367294302217894,0.2059816542453223,0.4005221158397872,4.212712991689798,0.9732959041156013,0.9732959041156013
bioemu,SASDNS9,100,0,2.325767799586542,2.4320471855658665,28.265415082652893,28.396829032970082,0.7153662731091472,0.03779954267440524,0.038451481846542915,1.834317086922924,0.03591431385914938,,0.13866937329277063,2.1142639904078497,1.9276496344528946,1.9276496344528946
bioemu,SASDNU3,100,0,1.0885462677322648,1.0839900656662647,39.73010917513306,38.85671814113474,3.3990415914069487,0.024458700944326353,0.020931081597760717,0.9294565411595562,0.04016629303719533,0.7609679973038628,0.9999883367096635,0.9790691035869995,0.9422953136365307,0.9422953136365307
bioemu,SASDNW2,100,0,174.80339661908542,202.0499865143301,34.63933410680486,34.89178640088683,5.44766805026072,0.10657598189568734,0.09362213171774438,23.086882309149384,0.03359810721250149,,,,55.74236353916935,55.74236353916935
bioemu,SASDNW9,100,0,1.3013549048612705,1.4332639764622446,23.288770210619088,22.823875651967136,0.052098944674654035,0.028857387557899218,0.03276084538737817,0.9809079934722487,0.013917790947238756,0.8452358788160109,0.9977736374852322,0.9931334742533368,0.9874911709735438,0.9874911709735438
bioemu,SASDNY9,100,0,1.9737238801346109,2.2779004144880153,21.72777205289086,21.610084931632727,0.14796070172176812,0.07757478604809181,0.052770348811715544,1.1071267721595686,0.01765279595144908,,0.9999759528066967,1.8055329862770286,1.37077748925313,1.37077748925313
bioemu,SASDP28,100,0,1.3823738763029154,1.3911120562909638,24.39137323537279,24.293408270149335,1.3729579223494035,0.03186696658062074,0.027829560951121265,1.0452092686886474,0.0438580478470519,,0.9985252491029919,1.0877705960124795,1.0509195208566453,1.0509195208566453
bioemu,SASDP35,100,0,1.4063366573190907,1.8286463178167602,15.716211244700297,15.708024274014736,0.16863916285201697,0.020516815107774967,0.02317598184888687,1.0513929246151281,0.01222700734625229,,0.9999994424961293,1.284157967944515,1.160958103354743,1.160958103354743
bioemu,SASDP64,100,0,0.9754513712163067,0.9752560658729479,20.526745390562503,20.72268679800047,1.3206541461577501,0.08241182154371324,0.08122386326023445,0.9725211963389088,0.019574864120323533,0.9999995363322745,0.9999995363322745,0.9734125754587313,0.9726156300171158,0.9726156300171158
bioemu,SASDP79,100,0,1.4718059155814434,1.4936670972050836,50.61481793987923,51.26403485726773,2.472361887462405,0.04248338715307122,0.03497419680149576,0.9977252001047282,0.012105795589211248,0.012951526759652528,0.999986524872808,1.2803755258689011,1.049450816670618,1.049450816670618
bioemu,SASDP89,100,0,1.3642521566770243,1.3994664050934853,25.163758020815354,25.055393424081622,0.407969927654495,0.11947871638294255,0.11554626788435296,1.293118507547227,0.014817953167797349,,0.9999986430896066,1.3420688349101795,1.325877339487654,1.325877339487654
bioemu,SASDP98,100,0,2.498335251787164,2.7527284939792946,20.770094798166944,21.039787506003705,0.6584259583095893,0.03693516612259105,0.032132308622899314,1.0915917298339184,0.03149533321109325,,0.6454310818209801,1.827926340916662,1.113583676565877,1.113583676565877
bioemu,SASDPA8,100,0,77.11423871413632,87.48405953403771,20.00397560998297,19.511032998212716,0.34278466927028006,0.048025313112057114,0.018755580251181844,1.3103974608787656,0.10123142436547194,,0.14177057725645273,,1.3103974608787656,1.3103974608787656
bioemu,SASDPB6,100,0,9.649424817898824,9.84736021323047,29.465537814417072,29.47374944373662,0.9083740802845099,0.06131364562710004,0.048400526379721504,4.8916233470675,0.010000000436436922,,,8.129941700327386,6.254346925366446,6.254346925366446
bioemu,SASDPC7,100,0,1.353756036941615,1.3808008486170653,22.53340886857715,22.493795157562886,0.6560115729312805,0.03036239531423118,0.029762909887508095,0.8282965556210472,0.03054789239678982,0.7289568941586986,0.9997040715570605,0.948345002985421,0.8516029040940073,0.8516029040940073
bioemu,SASDPD7,100,0,18.83711511312625,19.916052756284547,25.686340143823042,25.425367796027842,0.9415424652723452,0.029281289190002818,0.027777012175912125,1.1812941010594238,0.05150269238299332,,0.2462528388414648,6.898645365691488,1.1955190757714964,1.1955190757714964
bioemu,SASDPJ4,100,0,1.8492390620062016,2.010917968655017,25.037787392281036,24.98524870369334,0.2039061693118711,0.023200355401495787,0.022572596495489265,1.091787449010736,0.025871995802803634,,0.9995472112433775,1.4800932810505236,1.106855246299604,1.106855246299604
bioemu,SASDPK4,100,0,4.710055773628192,6.197796348967643,19.82442080064502,19.332043100338772,3.9429043844487417,0.03973649221243874,0.03156758653140734,0.9991954488116456,0.04309025416713995,0.047690976425132564,0.7856853041080772,1.305738164633235,1.0123023665052815,1.0123023665052815
bioemu,SASDPL2,100,0,2.193488001756951,2.6286083557621365,26.522611647412692,25.619580657228205,2.6949772552493734,0.035077545478146156,0.03128960546610734,1.1100027472382503,0.029053074939896742,,0.9922028776649914,1.1779996775948747,1.1128203166475867,1.1128203166475867
bioemu,SASDPW6,100,0,5.336221346525691,5.604021091569724,14.969470302955289,14.977621644154063,0.5248012074557842,0.0218583326209231,0.01573827439818343,1.5425146655144824,0.02585252281140048,,0.118689972903854,2.7868607837989776,1.8001741308272814,1.8001741308272814
bioemu,SASDPW7,100,0,1.1045093568595183,1.129794994170913,22.650728385939626,22.606265779046225,0.11124450243340434,0.03546339408124033,0.03279694970953759,1.0254879771544798,0.011995260153220626,,0.9999976830901106,1.046693770883349,1.0379177140734364,1.0379177140734364
bioemu,SASDPY2,100,0,9.24090543240465,9.59395716594595,34.39935950822177,33.7897209583935,7.1633331136454785,0.06562125258375454,0.052694969605273694,1.055841357629961,0.014266824459341293,,0.08072726031685308,5.110777431108748,2.5530508994137127,2.5530508994137127
bioemu,SASDQ26,100,0,13.701252031223486,13.902483896190047,28.54844576574483,28.296661169454815,10.865601162857871,0.02504421331733988,0.01171647560026109,0.9169352560893428,0.06406806806412298,0.29626950105361377,0.40913024894328776,2.1599131221994936,0.9173642124070129,0.9173642124070129
bioemu,SASDQ28,100,0,1.116326126531815,1.117821992741343,25.48052273632771,25.479749284095558,0.12185946403843673,0.019299646591583213,0.018729085082223762,1.003557864313565,0.03276240786200871,,0.9999800446378938,1.07764115473831,1.0395980181282676,1.0395980181282676
bioemu,SASDQ46,100,0,25.533813444120426,28.09201907052568,51.5634367091451,49.894270808589056,18.433593003461986,0.027780745715401643,0.009496135366889712,1.0425451821666822,0.04955106797738506,,0.3234710353425626,4.810961030193511,1.0436981079622185,1.0436981079622185
bioemu,SASDQ59,100,0,0.8741855725674723,0.8731081070475458,26.378356680953047,26.45456520903046,0.5468867027767175,0.04411212400039603,0.04236204069517648,0.8416562920145705,0.027456594812201165,0.9999963860224493,0.9999963860224493,0.8490452241944005,0.8425487447449163,0.8425487447449163
bioemu,SASDQ85,100,0,1.1453130651291765,1.232310402063846,20.531807730639013,20.52863478953919,0.08799354596443365,0.06610525650885592,0.06366480338240536,1.0728422513926466,0.01000000050380647,,0.9999984914675598,1.1252960254667015,1.113183340591145,1.113183340591145
bioemu,SASDQ97,100,0,8.089240649598075,9.138866033786957,26.184358302407247,25.678527677307798,1.2179730219691542,0.025692947324284912,0.02860470152260368,1.0302050551411082,0.02777162691000622,,0.3397759061647865,3.7987609492408305,1.0877124864055414,1.0877124864055414
bioemu,SASDQ98,100,0,4.449755559361148,4.660301100405456,19.47789185125559,19.442738489160277,0.21505754921424725,0.02740657737172807,0.01721176198234078,1.4381703255763696,0.010000000403203044,,0.02321471363018579,3.884250818316878,2.802689340804897,2.802689340804897
bioemu,SASDQB5,100,0,1.631793659420085,1.6381894704791178,25.29248157809504,24.974696608966138,0.41649175081346357,0.06638466099101224,0.05772856748666373,1.2036249087629058,0.03155324562996515,,0.999951653731823,1.416163637790716,1.2699947745306388,1.2699947745306388
bioemu,SASDQC5,100,0,10.539754261403116,14.250135286357736,24.457433829422577,24.88254860453847,0.7396294518302184,0.020448944533909667,0.01668311954505297,4.024673245072592,0.015663925136498814,,,7.925804988163711,6.873492345889535,6.873492345889535
bioemu,SASDQC9,100,0,3.694011914602019,3.803909496135978,26.011796173894325,25.968548003417002,1.825113627306994,0.055046125562709415,0.032670030809585845,0.9930297266062196,0.07188366230596469,0.12667706058911055,0.49215727961377775,2.265248921914977,0.9953355201675798,0.9953355201675798
bioemu,SASDQD9,100,0,1.204038934836945,1.2030443834038134,16.990061337373707,16.580267540637966,2.0389736921466515,0.046547387407460006,0.03438776364848505,0.9655930495816125,0.025921366715002635,0.12979714493871777,0.9997139826070334,1.0695506437527607,0.9901537217949207,0.9901537217949207
bioemu,SASDQF5,100,0,2.477738404648016,2.4728991351345573,57.412353153135506,55.354735160629915,15.270334965112752,0.059850292387742,0.06274794439738052,1.1702658602158267,0.04239496101910815,,0.7430433809735507,1.6886236197906896,1.2821262895167072,1.2821262895167072
bioemu,SASDQF8,100,0,3.762868122862061,4.703412700742347,28.130944211589267,27.225685366714437,2.39863477584899,0.04316934626034659,0.04293179410224546,0.994880973093741,0.03727445073417378,0.04657678223444654,0.2947422604688577,2.5264689933357487,1.126491482181777,1.126491482181777
bioemu,SASDQG6,100,0,3.2901466554038614,3.376638068461252,47.56205426676831,46.7174093272415,9.165649221068449,0.027046060602459617,0.026403109334220413,0.9938867258472038,0.03609768774137853,0.2248670650222731,0.8729042146326131,1.0467020630887127,0.9945559699410276,0.9945559699410276
bioemu,SASDQJ8,100,0,1.5488437765257819,1.55873545806289,25.792686082334736,26.327470666934026,1.9115810407443732,0.03472582653011876,0.03118352966384516,0.9614589455463145,0.05773195302626925,0.5427279346318088,0.9961370661980624,0.9985644569960015,0.9650345276683938,0.9650345276683938
bioemu,SASDQK7,100,0,1.1211662515802128,1.120256846919404,48.276000185283486,49.148017379886,16.13810253178785,0.07796230562681906,0.0716172307301909,1.0178663320182129,0.043570711989580395,,0.9999901130790678,1.0590910172154935,1.0230852008019553,1.0230852008019553
bioemu,SASDQN5,100,0,287.9618422381186,315.6506174013619,27.310541494508684,27.337578998031496,2.86196253510375,0.10489431950540351,0.06837596429296808,106.3802535492633,0.015073919005988598,,,,,
bioemu,SASDQN6,100,0,11.873573258745175,12.067666146499866,16.409130869682947,16.40468521370206,0.7102932584867787,0.037774729241766246,0.028039527208306984,3.4610088970818764,0.010000000110611442,,,8.851390804983033,6.212763877386811,6.212763877386811
bioemu,SASDQN8,100,0,24.24965660815681,24.241760236433503,45.77458834947183,46.14490725912434,15.451926160160681,0.030773905209496515,0.02301747350706828,2.0671385191714284,0.02490071471258049,,,11.51816649582551,4.213756897738817,4.213756897738817
bioemu,SASDQP4,100,0,1.4455136887503117,1.7260984349194064,31.34450842240086,31.3206345580714,0.3810078647232409,0.03679679395811368,0.03289998654692951,1.155331451651736,0.0388862604089091,,0.9997721217908128,1.3034124814068688,1.180334478767101,1.180334478767101
bioemu,SASDQU5,100,0,1.8132175247164375,1.8240887011363218,20.15310991618381,20.220891279612545,1.522700970202198,0.0611210704187553,0.04911566474299916,0.9666034963769522,0.04827877705087039,0.22029967917528798,0.9993082639812786,1.1141569558217328,0.9735323094412308,0.9735323094412308
bioemu,SASDR22,100,0,11.490039364709078,11.944474957498985,22.797918044982286,23.1309995555788,3.725056325811863,0.049050140732359325,0.03831891386840385,1.002983133402814,0.048420156430463136,,0.26147399852959474,4.031478807807485,1.0278191316303658,1.0278191316303658
bioemu,SASDR25,100,0,1.194625410968922,1.2742803740678246,15.729333202728437,15.38380820156395,1.4428515264584245,0.033782192975334,0.03598885729977884,0.9877313396842207,0.05533684896141557,0.8137784203839026,0.9956890002084252,0.9880589292189266,0.9877594135631693,0.9877594135631693
bioemu,SASDR33,100,0,1.0151830987160027,1.0172055109656841,15.810634437021532,15.828443441419143,0.21455535986274654,0.03783652572934428,0.03846952713419668,1.0071225596123967,0.06286205321272217,,0.9999903401400804,1.007842942846625,1.0071800232413384,1.0071800232413384
bioemu,SASDR36,100,0,1.5636568214302176,1.7058229147786927,25.529668771524538,24.98530491188241,0.3902620397305334,0.04357013333467314,0.04334967593031531,0.9535299306105214,0.035622814582651575,0.38346435410157104,0.9971677134896929,1.1008002920276339,0.9608935104849926,0.9608935104849926
bioemu,SASDRA6,100,0,13.461792858785977,13.501378779579184,36.21384507937053,36.19721571748457,8.658305928197379,0.039860354596232106,0.013448871650186163,1.0388955187487865,0.03481635922322593,,0.10286203226677727,6.303069297362295,1.9732347982794158,1.9732347982794158
bioemu,SASDRD9,100,0,1.1777568798388551,1.1801249999757748,25.41443575270905,24.73200165010014,0.3554029472816751,0.013818960460277491,0.011140409468318485,1.098976324125345,0.01810275294498098,,0.9998386639620357,1.1039305109592625,1.1006765231493176,1.1006765231493176
bioemu,SASDRF8,100,0,29.07824243121984,29.082630159514437,32.503933410429006,32.07711263380803,10.583993798406421,0.03478772562663635,0.022265635920957372,1.089208320217172,0.029592120045983036,,0.08918452317797333,14.147995480836798,2.3218418159891696,2.3218418159891696
bioemu,SASDRG9,100,0,1.1679700376623865,1.2252938358266316,15.280893461128517,15.255507918916873,0.5310715793185992,0.024649971893183586,0.024364540913368433,1.0428101308057054,0.04021090410919861,,0.9995474269962312,1.0508624331892449,1.0449830494544763,1.0449830494544763
bioemu,SASDRH2,100,0,1.0468992461119653,1.0793331665785857,23.60751417904681,23.445338214995385,0.0852546884319878,0.053493604595433064,0.05294293007337745,1.0006743011939647,0.016573563093841462,,0.9999641629958606,1.0056109870570145,1.0042069536243743,1.0042069536243743
bioemu,SASDRH9,100,0,39.19101813917819,40.434990200087725,32.62281622459804,32.04792608804692,5.420149987687893,0.06892952901037637,0.03798171041311035,3.5313727091840534,0.028517224067920628,,,24.22626938746537,8.940147920544273,8.940147920544273
bioemu,SASDRJ2,100,0,1.175794074192508,1.1752990539549883,37.153035065395784,37.0472552687055,0.6111425966657436,0.05337201963802966,0.0513554392912096,1.0506795543778213,0.010000001983932109,,0.9997898512891945,1.1225030769381408,1.089004265470843,1.089004265470843
bioemu,SASDRJ6,100,0,1.3173434562659974,1.3393079503693606,23.823343921300758,23.79515062992029,0.8002866723454716,0.04004994683608418,0.03942482063583516,1.0141319129986206,0.036946256487944695,,0.9995604889835396,1.111832070569632,1.017158995964804,1.017158995964804
bioemu,SASDRK5,100,0,15.51153312067239,15.354377797222647,14.755290903102582,14.708661674270903,0.2645691227144997,0.020999252503109998,0.0062428469825030405,2.2970000271844913,0.02557814089850473,,,9.703459716873452,3.8990096532422487,3.8990096532422487
bioemu,SASDRK7,100,0,1.494333582796343,1.5134472935765177,30.952820234320598,31.339261711866452,1.934105066898205,0.025447340341338186,0.023099778123744426,1.019477159405688,0.027580824627041256,,0.9964944032539639,1.1220216107953456,1.032540195032422,1.032540195032422
bioemu,SASDRN5,100,0,36.06437998237714,36.963448295138235,38.52896287327576,38.57603360182959,5.227053658133009,0.03951029160654359,0.024479269294148103,8.788877927181519,0.019188513896725892,,,26.56691238361254,13.326343824965479,13.326343824965479
bioemu,SASDRQ5,100,0,9.642972079935683,9.67164848265193,15.2051421262528,15.20241305289143,0.4558782122203624,0.047594569844693464,0.03572411952647579,2.687157022290452,0.018916699808433593,,,7.445122233712555,4.093436181784791,4.093436181784791
bioemu,SASDRQ7,100,0,1.0733487483009831,1.0803169693014916,51.35948399161472,50.0207457109352,12.416054323735167,0.07558964379676807,0.07700453583744625,1.0127310985048767,0.037927289973007594,,0.9999324988452005,1.0217951674945067,1.0151074083223166,1.0151074083223166
bioemu,SASDRW6,100,0,8.493375868144533,8.875952981526863,22.992838982953177,23.268608045495366,5.392291939834699,0.025673813687890325,0.018191974975229765,1.0492999943775896,0.10196370966176005,,0.7280224143011818,1.23828523955135,1.0492999943775896,1.0492999943775896
bioemu,SASDRW9,100,0,1.2907817290136996,1.4409716145050397,34.730474970780584,32.15077711222003,10.892850178888423,0.03703297974772294,0.03401222515692284,0.9184427178249313,0.07975544783724309,0.8363481510483614,0.9943593890182173,0.9211955766334763,0.9186241928364751,0.9186241928364751
bioemu,SASDRX9,100,0,30.981114788052256,30.9521990803809,63.629859809238575,62.73714527941269,14.601867430666566,0.050168546187444145,0.022488525777531063,1.2494643915598482,0.03950232829025778,,0.0629214270182226,12.159795215499814,3.1981470203171485,3.1981470203171485
bioemu,SASDRZ9,100,0,0.9780661407152867,0.9813917346287809,14.320302532657168,14.30326429599226,0.23139394544659808,0.09210306268893866,0.09120054035535695,0.9755697453523287,0.017345839520006637,0.9999998648620197,0.9999998648620197,0.9767990953003965,0.9759099174243974,0.9759099174243974
bioemu,SASDS28,100,0,124.9317163259677,139.15180054524166,20.632459141956573,20.592143111948534,0.22016851798412773,0.17540784081795419,0.16867560209107516,115.06412178079769,0.010000000140734412,,,122.88536947330554,120.93573715331205,120.93573715331205
bioemu,SASDS37,100,0,13.710958440736354,14.672083070293601,53.79073634579696,50.04479338832909,20.77135187792191,0.024006275137430897,0.012893085984743938,1.039458083102987,0.08206908439759716,,0.37317567268777574,3.005384688936903,1.0743103762610493,1.0743103762610493
bioemu,SASDS75,100,0,15.829495062066059,15.90701502556809,31.055335410321863,28.80836320036799,4.446266639790686,0.09055891170920817,0.0630674724898472,3.634335825105262,0.023099885037422774,,,9.243593725393245,4.453324153762786,4.453324153762786
bioemu,SASDS89,100,0,1.1953205615322307,1.195087934363375,15.236307678735713,15.246949862476505,0.14900073296166383,0.07695130714176393,0.07618766289427786,1.1916645894401168,0.04683833978001526,,0.9999995015226737,1.1927912668095855,1.1917534198362423,1.1917534198362423
bioemu,SASDSB9,100,0,29.977216472904825,31.90721855725644,21.389435414835383,21.106085409584786,0.2953616923175879,0.019058582631517076,0.009799600996932238,4.189015392765554,0.010000000074921736,,,7.9849674985370775,6.196474606362767,6.196474606362767
bioemu,SASDSG5,100,0,44.66290050540579,44.665991691785656,32.843612379795836,33.12043506827305,3.914614814153218,0.04160630315776869,0.02169221040485475,5.7287922284995485,0.02091534167773824,,,,16.016247211928885,16.016247211928885
bioemu,SASDSG7,100,0,14.652171452667577,19.36935643804621,25.702373967691933,25.32850444603819,3.4403911169208,0.21699742960304894,0.11772564544478457,9.664015446870676,0.010000012350139344,,,11.755460243227194,10.037911821703046,10.037911821703046
bioemu,SASDSJ9,100,0,1.084872110079298,1.1069992494249106,24.76765100737497,24.411853474293288,1.11902152855696,0.06593821200574052,0.06616008260739198,0.9170932735830672,0.03778014975096114,0.7903973188438657,0.999779445294563,0.9547585387332251,0.9213863040230204,0.9213863040230204
bioemu,SASDSL2,100,0,1.1286291507596582,1.312690051968701,18.05292011979047,17.835316595803658,1.4151078446867231,0.07783891383761829,0.0750195258767686,1.0180480398574658,0.035198296477246205,,0.9999655632320296,1.055369335323143,1.0232505332305282,1.0232505332305282
bioemu,SASDSN2,100,0,3.181676591625009,3.449786081345554,19.307262639625336,20.20865409462614,3.588589097429665,0.015697947533165134,0.011641186470976223,1.171162907975687,0.028056601840977996,,0.7316865956701752,1.7038362354004393,1.343794197248715,1.343794197248715
bioemu,SASDSP6,100,0,2.771853578014457,2.771934283033613,52.63167027787938,51.37485427925595,15.34911315079993,0.03709088055476957,0.0296556918326439,0.8596192988592681,0.026575183994502923,0.25262866960018754,0.9075484436610891,1.2831354571306122,0.9008609874107227,0.9008609874107227
bioemu,SASDSQ7,100,0,1.8759048026642078,2.0811588774455645,30.063567703691632,29.649951764745026,3.5136581019143414,0.015993304986887846,0.015647920059560106,0.9443572102698892,0.04527378342868963,0.6053581205330362,0.9839902862661689,0.9844199652442984,0.9460610625441453,0.9460610625441453
bioemu,SASDSQ9,100,0,1.7229633471758932,1.8091798357813045,19.101658267451338,18.953976159564828,0.9223751132376599,0.06623341344855808,0.05762680520503899,1.0929507093572413,0.05175141174448189,,0.9997754696394785,1.1492862417469856,1.093212959086977,1.093212959086977
bioemu,SASDSS6,100,0,6.664186901110858,6.660499088822251,51.04828172070112,48.517138785533334,11.801093628908696,0.040068045677134435,0.02694586784009054,0.9277421087610619,0.04316196954169211,0.11974155310183585,0.47112023453429835,2.2154591457777255,0.9776451711232984,0.9776451711232984
bioemu,SASDSU5,100,0,12.192395921379301,13.818363997209492,20.705328770366634,20.749125966674423,1.3718942479835512,0.02588384574896555,0.010920711444952904,1.003366147262581,0.059414810993249884,,0.5906032530719806,1.5044147835487438,1.0081832985109098,1.0081832985109098
bioemu,SASDSV2,100,0,44.48300513275042,46.54490014621271,14.733878054274063,14.577392770455265,1.0993145166826892,0.03626586821189259,0.009139540727149913,2.6769013669877246,0.015892157576398582,,,21.813735252162505,6.827488826130516,6.827488826130516
bioemu,SASDSV6,100,0,1.02063343823635,1.033646132595745,23.646855762453452,23.915745941752405,4.541285555109798,0.06606162925001963,0.061894883087838914,0.9298061688912372,0.027291502666888477,0.9849025114656615,0.9997608768874876,0.9377709940267878,0.9319116759482664,0.9319116759482664
bioemu,SASDSV9,100,0,5.200346288500211,5.997211921925519,38.71888302208271,37.18306079195996,10.155299962599528,0.05628464943842103,0.038862766453770944,1.061429404504554,0.032061947375810966,,0.4451369923108917,2.3272265931625444,1.1122993281433469,1.1122993281433469
bioemu,SASDSX6,100,0,1.6842189136808288,1.706669923663744,21.14856987093881,21.108496733002408,0.24101464489074687,0.02565600078732412,0.024101956336954892,1.2530637870588066,0.01999967537469529,,0.9998713956461956,1.5394571521663933,1.3602232019687275,1.3602232019687275
bioemu,SASDSZ8,100,0,9.50515762724321,12.289793258774067,19.922559664403607,19.765350211839255,0.5089316818432756,0.043655498995376324,0.03319276092633477,3.1243787224209925,0.017879059604880704,,,8.034236570191556,5.2102550537586385,5.2102550537586385
bioemu,SASDSZ9,100,0,5.254343096333761,5.73845083755763,29.79043823408415,29.459548876088743,6.875692236915139,0.023076746393970338,0.014802651052995905,1.0090154896651424,0.08724864163096108,,0.6810162189611709,1.3204398237116979,1.0095207165075388,1.0095207165075388
bioemu,SASDT25,100,0,1.2337629207310647,1.2312276994164009,25.53008274655754,25.493161825036417,0.2084959391279284,0.08371042041499224,0.08164072299965289,1.1486878585087281,0.010000000236962263,,0.9999997982231703,1.2173334560702065,1.2015739073848584,1.2015739073848584
bioemu,SASDT45,100,0,41.33522184890244,55.06783427453266,29.761638558577324,29.88933873524784,0.6830668502982711,0.13981468093800617,0.09048172292836958,27.01124718820214,0.01171461635305807,,,38.748016395855565,35.28185330963407,35.28185330963407
bioemu,SASDT75,100,0,1.687895030574768,1.6903523679670405,30.870974862370556,30.853477188846245,3.111191984830029,0.03523361125515768,0.0286838697702549,1.151248906645602,0.06431720185109105,,0.9967999911859065,1.271591071943717,1.1591172332736073,1.1591172332736073
bioemu,SASDT85,100,0,2.589024770186897,3.0601495155353846,31.37851537654934,31.079919205758394,1.840206436034041,0.013227158441748715,0.009542787386412966,0.7608691608070076,0.08505239498501538,0.8994135509339135,0.9822655584444808,0.7743725984816302,0.7610642994077716,0.7610642994077716
bioemu,SASDTA2,100,0,13.396766131980447,13.979933993893063,26.702088937707114,25.46413000436361,7.347194078406517,0.03171284831733702,0.02612263941894349,0.9564722492482904,0.07413575065545505,0.2571073134263284,0.525237118037766,1.904625951428062,0.9599725275935932,0.9599725275935932
bioemu,SASDTE2,100,0,13.999869753188262,13.999805702141002,53.481289156488494,53.95053143805548,1.669821948829508,0.017722589333037313,0.013431243174946931,1.0954267729410962,0.03790231029226451,,0.1160277764699663,7.279572062021696,1.7213593499141322,1.7213593499141322
bioemu,SASDTH2,100,0,3.569349145140812,3.7139236096167085,22.60224726954818,22.598243361487764,0.7002081297861444,0.026545415346041937,0.021565837663596706,1.134941997868885,0.023264579342516113,,0.6106978779251633,1.9997255041251703,1.3721563411915252,1.3721563411915252
bioemu,SASDTP5,100,0,427.7960597864404,430.14129241300583,47.44563060640268,48.683867985971844,2.972430034263276,0.05556471675248124,0.01946880999269734,8.343375628509929,0.01789371645722369,,,,,
bioemu,SASDTQ2,100,0,3.717025780183623,4.354699070044096,18.650283159848392,18.59079429314514,0.11732070360925917,0.010094716658500393,0.004350804677032282,1.284975757783052,0.05615748853123599,,0.709072435057529,1.4719646759742526,1.290817162388035,1.290817162388035
bioemu,SASDTQ5,100,0,1.087138261778076,1.099683694756706,26.483900975038953,25.883450465459873,2.349221357541527,0.04350286458626984,0.04506640931862927,0.9226784487673715,0.05161141749445041,0.9228424730220164,0.9986648675383691,0.9637023597347353,0.9268451603389702,0.9268451603389702
bioemu,SASDTR5,100,0,1.1999807601461963,1.2577423295264079,35.54526550635718,35.8758938929503,10.93630810487204,0.1068525308414402,0.11158461002263931,0.9981744257182141,0.035389794689953104,0.12549229638963383,0.9998612955832076,1.0409014546190163,0.9990252054217736,0.9990252054217736
bioemu,SASDTS5,100,0,15.847292933452055,15.873491849372494,30.078927831644297,27.77527449259825,8.0718058809632,0.07967458330906087,0.034391560346207044,0.998649769987059,0.01975229400836732,0.020871478785761278,0.1208904902474345,5.899376321740322,1.938158837264301,1.938158837264301
bioemu,SASDTU2,100,0,2.4296250794957914,4.092883520547754,30.124774513258085,30.173596426115175,0.7405030756545941,0.02041213818331836,0.01862951407248983,1.7334895015262064,0.023827352860076863,,0.30846402036568676,2.114581966718187,1.87600273565569,1.87600273565569
bioemu,SASDTU7,100,0,2.307046004675587,2.3055060652324677,39.23906824623284,37.1747060610459,14.754623741531482,0.045892357634783915,0.05000047766807621,0.9785511496915308,0.06105271034563667,0.23118023029619075,0.9791187044438456,1.1189904274249864,0.9805264835217306,0.9805264835217306
bioemu,SASDTX8,100,0,1.0050430632384948,1.0043009134208498,15.098303629118046,15.052856508731496,0.23137916601114128,0.03904544851688381,0.03866742780410919,1.003056265005291,0.015906517421263113,,0.9999996288791644,1.0039705646864996,1.0034036200766843,1.0034036200766843
bioemu,SASDTY8,100,0,1.0236296550141282,1.0428433168161677,20.086573470680346,20.083148705003545,0.11001815178745034,0.04020868676226392,0.04015047992915201,0.9983261487539015,0.017475190303891764,0.04696748501316775,0.9999993419085793,1.012854955491999,1.001773891258123,1.001773891258123
bioemu,SASDU37,100,0,4.146594789114675,4.374039105881627,31.634713930435833,29.64180176511597,8.69243292191588,0.01858257708255153,0.01645856058045739,0.9988047211370586,0.0775465151268207,0.5139581865068672,0.9194737913604607,0.9996871149725856,0.9988557661500433,0.9988557661500433
bioemu,SASDU52,100,0,3.951110414312372,4.89821078894857,23.51918599522779,23.51528458142104,0.048660141105962396,0.07766104188986205,0.05535279663634548,2.7891062611225967,0.010000000088866572,,,3.8960053041102247,3.793825621747222,3.793825621747222
bioemu,SASDU63,100,0,1.7518859476746083,1.7639607473367285,27.832675093262903,28.02509220640726,7.032824181150023,0.018299133467032404,0.014916591702386127,0.9319424567989947,0.06083821509673798,0.8059654193704624,0.9956616412175697,0.9386557785072392,0.9324679379534785,0.9324679379534785
bioemu,SASDU67,100,0,48.38121855033613,48.353209494774575,52.977073425551914,52.5850667062968,18.285905978925292,0.03844866219104339,0.017992179300703112,1.1991963118085907,0.011614674139105712,,0.023067359993610505,,6.534223902775803,6.534223902775803
bioemu,SASDU78,100,0,1.3348686602054767,1.4103369759984123,22.614687974251517,22.46722825653915,0.2794488393453278,0.015784588003749087,0.014310473174708615,0.9405965922648574,0.061562502849091566,0.45674596726149397,0.9983796978609046,1.001938275949036,0.9448685913163016,0.9448685913163016
bioemu,SASDUA2,100,0,12.626945696673621,13.352994246869189,24.36390223402946,22.893280740094806,6.425756519271239,0.0276096732321803,0.02407530692462197,1.0682894917150507,0.020235412810636896,,0.31713516484274273,2.863025223001967,1.1506164250798605,1.1506164250798605
bioemu,SASDUG3,100,0,16.407320169220238,20.58659792042628,30.81249565435158,31.903881701690196,7.7091646797688504,0.01947735755933021,0.015608724034150909,2.146518312484865,0.06547446976024583,,,3.553518835486086,2.229101390936885,2.229101390936885
bioemu,SASDUH4,100,0,1.7568446431215892,1.7963993050309133,17.787321236867555,17.68660532810234,1.1278680302408475,0.05037076859323319,0.049616385650175454,1.0002444363086112,0.06904617641075633,,0.9997992251501483,1.245989924610367,1.0350677951846707,1.0350677951846707
bioemu,SASDUK2,100,0,8.402988497264184,10.01358634214154,23.916093800028243,23.860069984744815,0.7053243128727047,0.027439312567522207,0.02529935476808354,4.6040127866189335,0.01000000022567311,,,7.010506060795961,5.758370058523986,5.758370058523986
bioemu,SASDUL2,100,0,4.247967112043567,4.64511463044646,21.275389924824538,21.231695832743775,0.2313188860352362,0.025585916953581343,0.028209574971815407,1.624442749018969,0.036177562235196456,,0.13076311172531882,3.022538116422738,1.786840302653407,1.786840302653407
bioemu,SASDUL9,100,0,9.379028642886936,9.907691521226011,28.491718245353027,28.299951679059724,7.087074475142355,0.013527758580247694,0.01017388654542241,1.0090278713405307,0.06300411997747431,,0.6515467361219146,1.5219051848031269,1.0202185611185786,1.0202185611185786
bioemu,SASDUR3,100,0,14.86988987460703,15.864584274898483,17.653326212572843,17.397095535090052,2.9374752012715177,0.022619550764817333,0.013209763586567745,1.0100825744077928,0.05038170105179885,,0.532257087324085,1.9458396051546945,1.010777527698958,1.010777527698958
bioemu,SASDUS9,100,0,5.030660068126305,5.001048534313256,27.941821145378487,25.276976109537056,18.469167848919472,0.05372446836481997,0.03200957141134989,1.0021791313080917,0.05710676302472839,,0.722472061589577,1.5093440418591155,1.0064537577441819,1.0064537577441819
bioemu,SASDUV3,100,0,1.1444126437218511,1.396430398662074,34.15870459035357,34.03386939595326,0.915301448132972,0.025362050321505177,0.023642627111451812,1.0206696593227882,0.06725143247197214,,0.9999419436311487,1.0416058948249614,1.0213885451428533,1.0213885451428533
bioemu,SASDUW6,100,0,2.263766199881259,2.3323024777282226,26.10132704949169,25.818181080566276,2.934318395820025,0.024911295921372676,0.024833225767610382,0.9748087286176912,0.05262972204360307,0.21052618903633744,0.9609626033287904,1.1280446208834285,0.9807083711839254,0.9807083711839254
bioemu,SASDV46,100,0,4.733546329033468,4.735109809859853,42.7759052416855,42.25728382184508,14.016322959653309,0.025317678147271285,0.02126208051293461,1.0997905824889302,0.04998548575688325,,0.5731182549846765,1.9505205016692648,1.144839699303408,1.144839699303408
bioemu,SASDV64,100,0,1.8641991256289372,2.8328489158660797,19.69886499121039,19.711813333149742,0.15009433615937695,0.0441828137258192,0.04067347535573176,1.3772016697777165,0.010000002207927081,,0.9999616347859142,1.7468754071235149,1.5684312440566808,1.5684312440566808
bioemu,SASDV74,100,0,2.46589930142594,2.7314998284685297,13.429353012652891,13.421435187395874,0.08128248114736714,0.05084080489665522,0.042436605983490326,1.8373339115129972,0.010000003830184255,,0.11049404890200172,2.2087249488805325,1.9424292245259487,1.9424292245259487
bioemu,SASDVA8,100,0,2.1649599884266277,2.2184373520652723,27.03032466057808,28.297599868208913,4.061389631440896,0.06142483583434903,0.04745113346219778,1.2702582132909659,0.029672956227230443,,0.9114753920839666,1.6863068496842775,1.3486177872457956,1.3486177872457956
bioemu,SASDVK2,100,0,1.3342715150543005,1.5530893692667163,17.71259244414573,17.71263617561568,0.06093163630449894,0.04851136784806718,0.04824107639800653,1.248583527545319,0.03318231869080738,,0.9999966967888524,1.3100859991026228,1.2749113995586516,1.2749113995586516
bioemu,SASDVL5,100,0,1.8147006487505293,1.8299148673953043,22.957794478492385,23.584666416503218,4.069616943542691,0.011858793994935907,0.007868387824737819,0.9679364645212223,0.05574670679986734,0.29831876135826446,0.9982578358401111,1.0524719965712166,0.973254919572203,0.973254919572203
bioemu,SASDVL7,100,0,19.525471229053867,20.21798955896667,17.144020790013943,17.02564357916342,0.7971753399077777,0.04168134889514266,0.01826838966317534,1.2000248874257868,0.05353626947620502,,0.07746741940442978,10.706753755285732,3.921862880612404,3.921862880612404
bioemu,SASDVN2,100,0,0.8409663221047411,0.8401334483483178,25.182354526394132,25.502947372869603,4.060454140234704,0.04381114183021329,0.04485275006767105,0.8186178833201839,0.06599807818398708,0.999998180887364,0.999998180887364,0.825083405660533,0.8200655839872107,0.8200655839872107
bioemu,SASDVQ7,100,0,1.8210617863614438,1.8263050897453774,50.47261301496347,47.268938706006956,15.907458844744156,0.05314468668164633,0.051243753675955336,1.0836343520112202,0.10272042985898645,,0.9786551972300093,1.0898330489024288,1.0836343520112202,1.0836343520112202
bioemu,SASDVR6,100,0,1.1053232194859115,1.1063099917524277,26.18039327216167,26.161413652358085,0.1889011060568606,0.03170607469880332,0.03463960741390132,1.0337052133185352,0.01706199365619672,,0.9999667925702214,1.0820665632626687,1.045879612568194,1.045879612568194
bioemu,SASDVT4,100,0,1.4014982814194397,2.1935628591815313,38.06408819798767,37.27779657871233,6.60786458250773,0.043833928767656585,0.048660580950612195,1.072449629261508,0.04379876923457743,,0.9997669367339888,1.1370740479811485,1.0775270262698216,1.0775270262698216
bioemu,SASDVT5,100,0,2.315745395326707,3.0956540631324025,25.175567206998554,25.123363554472398,1.1224295108521503,0.029064386998198483,0.03377304960238153,1.1186459317204158,0.015486953117435902,,0.854074583997078,1.7816414933392855,1.2914600572685213,1.2914600572685213
bioemu,SASDVV6,100,0,2.8384633684213187,3.1897545237111546,29.27338503217543,29.355885192983543,0.4133835952231273,0.02422040023002797,0.019846697605137333,1.4867502514404085,0.028421413086929914,,0.24147541239913253,2.290526296532346,1.7417279823676792,1.7417279823676792
bioemu,SASDVX5,100,0,1.2835606891821942,1.3499143731662944,24.541485297495615,24.46110469244602,1.1208715099059852,0.02976355543604129,0.029556038696401495,1.0630346445387078,0.038697114860438864,,0.99994332293493,1.1684657014275908,1.106239755255028,1.106239755255028
bioemu,SASDVX6,100,0,2.743820309801643,2.7436515801978603,22.09917228476233,21.868926944432935,1.5449877642965681,0.048700858136476795,0.052627669548165626,0.9871789311169169,0.02900681449723995,0.13035282693637007,0.8863351931388874,1.2332974887937753,0.9993299510916127,0.9993299510916127
bioemu,SASDVZ8,100,0,3.3634999124124954,3.410813627895194,16.877760951808593,16.8258144174021,0.21914887648537018,0.016527921702649384,0.008102960020116295,1.0654059171614685,0.026684857480144677,,0.5426751807349361,1.8865789584784154,1.119736297799521,1.119736297799521
bioemu,SASDWA3,100,0,32.726918243998895,37.21044324211794,22.006906176527057,22.006582122208258,0.15397291171952077,0.054993342810962555,0.052187520871641545,27.94349473669166,0.010000000497579164,,,31.364450283003073,29.468055992049237,29.468055992049237
bioemu,SASDWG9,100,0,1.0948164503012183,1.106170264688844,15.564030170466635,15.510163828372606,0.2952010636667044,0.03276484517554698,0.035481776029431644,0.8185514853393138,0.040422168143595075,0.8186162066039269,0.9999801033587168,0.9138649707995764,0.8201321923593234,0.8201321923593234
bioemu,SASDXK3,100,0,14.07968189373445,18.24638638618744,19.197590794594134,19.186033701865817,0.13403366135463557,0.02138290049238,0.011322838938058745,4.446451457103219,0.020217212711482385,,,10.420788361260605,8.505898597912848,8.505898597912848
alphafold,SASDA25,1,0,1.5217421782338825,1.5257205897092219,18.70890656799504,18.70890656799504,0.0,0.015831793230286363,0.015831793230286363,1.5217421782338825,1.0,,1.0,1.5217421782338825,1.5217421782338825,
alphafold,SASDA37,1,0,2.7743356201567773,2.770138064616324,47.77027637021357,47.77027637021357,0.0,0.01757288449253471,0.01757288449253471,2.7743356201567773,1.0,,,2.7743356201567773,2.7743356201567773,
alphafold,SASDA46,1,0,12.926473557689247,21.169235565601696,22.763658707079227,22.763658707079227,0.0,0.02852313979480794,0.02852313979480794,12.926473557689247,1.0,,,12.926473557689247,12.926473557689247,
alphafold,SASDA47,1,0,3.170484928506577,3.190712109391107,75.92403906126896,75.92403906126896,0.0,0.013421041206625324,0.013421041206625324,3.170484928506577,1.0,,,3.170484928506577,3.170484928506577,
alphafold,SASDA57,1,0,2.2600381352162886,2.2791605997101207,88.95883585608276,88.95883585608276,0.0,0.015180713690610078,0.015180713690610078,2.2600381352162886,1.0,,,2.2600381352162886,2.2600381352162886,
alphafold,SASDA96,1,0,0.9408214350584989,0.9927899054460063,15.142235625971479,15.142235625971479,0.0,0.03391781245741187,0.03391781245741187,0.9408214350584989,1.0,1.0,1.0,0.9408214350584989,0.9408214350584989,
alphafold,SASDAB4,1,0,12.139303171660826,12.115632762506326,34.09028421957821,34.09028421957821,0.0,0.03417330698586484,0.03417330698586484,12.139303171660826,1.0,,,12.139303171660826,12.139303171660826,
alphafold,SASDAB5,1,0,13.841080232443794,27.038886783867373,28.026162938727243,28.026162938727243,0.0,0.012676303252782715,0.012676303252782715,13.841080232443794,1.0,,,13.841080232443794,13.841080232443794,
alphafold,SASDAE6,1,0,4.040892920097464,4.0877175049605645,29.606078255513133,29.606078255513133,0.0,0.029936640280371116,0.029936640280371116,4.040892920097464,1.0,,,4.040892920097464,4.040892920097464,
alphafold,SASDAG6,1,0,8.502047007736403,11.237987020544944,27.72786703465434,27.72786703465434,0.0,0.04556849993396425,0.04556849993396425,8.502047007736403,1.0,,,8.502047007736403,8.502047007736403,
alphafold,SASDAG8,1,0,331.52227337290697,440.56483482673985,17.859724121153388,17.859724121153388,0.0,0.0330641383567246,0.0330641383567246,331.52227337290697,1.0,,,331.52227337290697,331.52227337290697,
alphafold,SASDAH4,1,0,4.757491411611233,19.839716827628873,25.917348419845876,25.917348419845876,0.0,0.019057604508756536,0.019057604508756536,4.757491411611233,1.0,,,4.757491411611233,4.757491411611233,
alphafold,SASDAJ5,1,0,2.813378225852672,3.2527209932837104,22.741611305349128,22.741611305349128,0.0,0.01474600183473148,0.01474600183473148,2.813378225852672,1.0,,,2.813378225852672,2.813378225852672,
alphafold,SASDAK2,1,0,1.828752843081518,1.8605575720363694,16.51704505988909,16.51704505988909,0.0,0.010471884556179561,0.010471884556179561,1.828752843081518,1.0,,1.0,1.828752843081518,1.828752843081518,
alphafold,SASDAN2,1,0,5.497246390869978,5.713256436614325,18.41316146025336,18.41316146025336,0.0,0.012026071144469809,0.012026071144469809,5.497246390869978,1.0,,,5.497246390869978,5.497246390869978,
alphafold,SASDAQ2,1,0,1.0764341682402871,1.0759338889037549,13.088802412698211,13.088802412698211,0.0,0.01602338373525104,0.01602338373525104,1.0764341682402871,1.0,,1.0,1.0764341682402871,1.0764341682402871,
alphafold,SASDAR3,1,0,8.375526718723664,8.789654340054426,19.019010667284284,19.019010667284284,0.0,0.031717751786254036,0.031717751786254036,8.375526718723664,1.0,,,8.375526718723664,8.375526718723664,
alphafold,SASDAS6,1,0,5.047210391878506,8.190458572362717,36.20827961321539,36.20827961321539,0.0,0.012663068859611219,0.012663068859611219,5.047210391878506,1.0,,,5.047210391878506,5.047210391878506,
alphafold,SASDAT3,1,0,23.948079394280303,25.63604441116333,22.608740953909503,22.608740953909503,0.0,0.05831524408136829,0.05831524408136829,23.948079394280303,1.0,,,23.948079394280303,23.948079394280303,
alphafold,SASDAT4,1,0,11.09691776258672,15.034450419766877,27.26427059350709,27.26427059350709,0.0,0.017160584535266473,0.017160584535266473,11.09691776258672,1.0,,,11.09691776258672,11.09691776258672,
alphafold,SASDAW6,1,0,5.908987245458797,5.936511437145997,16.784183718894074,16.784183718894074,0.0,0.0342768220115183,0.0342768220115183,5.908987245458797,1.0,,,5.908987245458797,5.908987245458797,
alphafold,SASDAX6,1,0,2.497750407313512,5.205663214198282,14.930438293185736,14.930438293185736,0.0,0.03129792160466099,0.03129792160466099,2.497750407313512,1.0,,,2.497750407313512,2.497750407313512,
alphafold,SASDAY4,1,0,504.4468772144662,506.16728453397315,27.60115308230306,27.60115308230306,0.0,0.034020701038399596,0.034020701038399596,504.4468772144662,1.0,,,504.4468772144662,504.4468772144662,
alphafold,SASDAZ4,1,0,16.060352568618946,17.892770933960797,22.41634754674098,22.41634754674098,0.0,0.05965799152749035,0.05965799152749035,16.060352568618946,1.0,,,16.060352568618946,16.060352568618946,
alphafold,SASDB26,1,0,16.4209572708402,16.43937527519369,54.581225037107615,54.581225037107615,0.0,0.018158111505379833,0.018158111505379833,16.4209572708402,1.0,,,16.4209572708402,16.4209572708402,
alphafold,SASDB43,1,0,1.8919348306686459,1.9434869184978119,29.616259653239197,29.616259653239197,0.0,0.013202591855358077,0.013202591855358077,1.8919348306686459,1.0,,1.0,1.8919348306686459,1.8919348306686459,
alphafold,SASDB53,1,0,166.9900805704488,218.76577711332234,38.60436286676237,38.60436286676237,0.0,0.016728325732007027,0.016728325732007027,166.9900805704488,1.0,,,166.9900805704488,166.9900805704488,
alphafold,SASDB64,1,0,4.094110465629919,4.077039448152399,33.69187753234399,33.69187753234399,0.0,0.019014246560053457,0.019014246560053457,4.094110465629919,1.0,,,4.094110465629919,4.094110465629919,
alphafold,SASDB76,1,0,3.404401892962378,3.571266735962403,34.68155174943675,34.68155174943675,0.0,0.014543390133337455,0.014543390133337455,3.404401892962378,1.0,,,3.404401892962378,3.404401892962378,
alphafold,SASDB84,1,0,6.022489235615488,6.165111751372849,16.043312483073592,16.043312483073592,0.0,0.022965091345139122,0.022965091345139122,6.022489235615488,1.0,,,6.022489235615488,6.022489235615488,
alphafold,SASDB85,1,0,1.7181630724360097,1.7855931359762107,16.263520906120387,16.263520906120387,0.0,0.05036174163099673,0.05036174163099673,1.7181630724360097,1.0,,1.0,1.7181630724360097,1.7181630724360097,
alphafold,SASDB93,1,0,17.535736409013026,19.40691385041021,55.47485473876552,55.47485473876552,0.0,0.03007104194532584,0.03007104194532584,17.535736409013026,1.0,,,17.535736409013026,17.535736409013026,
alphafold,SASDBB3,1,0,8.916282506417268,9.512752593378266,21.24616737940459,21.24616737940459,0.0,0.00836924276374305,0.00836924276374305,8.916282506417268,1.0,,,8.916282506417268,8.916282506417268,
alphafold,SASDBB9,1,0,6.450969440567151,6.442808014214147,33.342710249143224,33.342710249143224,0.0,0.02649975192706879,0.02649975192706879,6.450969440567151,1.0,,,6.450969440567151,6.450969440567151,
alphafold,SASDBC7,1,0,1.502379497517953,3.2588982497618306,30.451943030148634,30.451943030148634,0.0,0.059695954205921734,0.059695954205921734,1.502379497517953,1.0,,1.0,1.502379497517953,1.502379497517953,
alphafold,SASDBD4,1,0,4.6989059310871175,4.69542337639989,41.60958690301599,41.60958690301599,0.0,0.014222914660410596,0.014222914660410596,4.6989059310871175,1.0,,,4.6989059310871175,4.6989059310871175,
alphafold,SASDBD9,1,0,3.7334821194547785,3.855024967851068,29.222283876551383,29.222283876551383,0.0,0.02327577147269839,0.02327577147269839,3.7334821194547785,1.0,,,3.7334821194547785,3.7334821194547785,
alphafold,SASDBG3,1,0,30.49175695620288,32.92723188176748,26.327307021927332,26.327307021927332,0.0,0.02463618738087581,0.02463618738087581,30.49175695620288,1.0,,,30.49175695620288,30.49175695620288,
alphafold,SASDBG6,1,0,2.0176526505154757,2.093068350254912,25.88060538105172,25.88060538105172,0.0,0.03586051697845655,0.03586051697845655,2.0176526505154757,1.0,,,2.0176526505154757,2.0176526505154757,
alphafold,SASDBK6,1,0,18.158859204825767,18.45843843566408,20.970976391449636,20.970976391449636,0.0,0.07813629513287251,0.07813629513287251,18.158859204825767,1.0,,,18.158859204825767,18.158859204825767,
alphafold,SASDBM9,1,0,1.285505446953868,1.2837884275688953,19.343447544406644,19.343447544406644,0.0,0.07027517161746333,0.07027517161746333,1.285505446953868,1.0,,1.0,1.285505446953868,1.285505446953868,
alphafold,SASDBN2,1,0,1.9171140423134123,1.944843931198091,19.29970427668979,19.29970427668979,0.0,0.01899865711735866,0.01899865711735866,1.9171140423134123,1.0,,1.0,1.9171140423134123,1.9171140423134123,
alphafold,SASDBN3,1,0,6.68923850832584,17.79616428813852,30.962669011483012,30.962669011483012,0.0,0.008995265437029278,0.008995265437029278,6.68923850832584,1.0,,,6.68923850832584,6.68923850832584,
alphafold,SASDBP2,1,0,10.424126947890073,10.530509523493171,22.594615881307117,22.594615881307117,0.0,0.03995511030608488,0.03995511030608488,10.424126947890073,1.0,,,10.424126947890073,10.424126947890073,
alphafold,SASDBP4,1,0,2.6042976787185133,2.628675658695618,20.813913350591648,20.813913350591648,0.0,0.02267199155052213,0.02267199155052213,2.6042976787185133,1.0,,,2.6042976787185133,2.6042976787185133,
alphafold,SASDBP9,1,0,10.92968004640227,10.951662624084626,45.46404022142506,45.46404022142506,0.0,0.03871942390862273,0.03871942390862273,10.92968004640227,1.0,,,10.92968004640227,10.92968004640227,
alphafold,SASDBQ3,1,0,6.952884765283411,6.947526222028905,22.57803121823453,22.57803121823453,0.0,0.04415818238053493,0.04415818238053493,6.952884765283411,1.0,,,6.952884765283411,6.952884765283411,
alphafold,SASDBR4,1,0,520.3917894885144,581.6397249893987,25.193332716022624,25.193332716022624,0.0,0.0504385099225023,0.0504385099225023,520.3917894885144,1.0,,,520.3917894885144,520.3917894885144,
alphafold,SASDBT2,1,0,3.7839184560397294,6.9004410369150095,17.575305932904065,17.575305932904065,0.0,0.020412604668950823,0.020412604668950823,3.7839184560397294,1.0,,,3.7839184560397294,3.7839184560397294,
alphafold,SASDBU7,1,0,2.4494857787767543,2.516656521213338,25.159359993119917,25.159359993119917,0.0,0.021206704254357896,0.021206704254357896,2.4494857787767543,1.0,,,2.4494857787767543,2.4494857787767543,
alphafold,SASDBV9,1,0,4.560997640025686,4.651519563480956,18.4230008016009,18.4230008016009,0.0,0.022965192363347115,0.022965192363347115,4.560997640025686,1.0,,,4.560997640025686,4.560997640025686,
alphafold,SASDBW2,1,0,3.7281176047420064,4.249024725985326,22.212913910811473,22.212913910811473,0.0,0.00816047021712975,0.00816047021712975,3.7281176047420064,1.0,,,3.7281176047420064,3.7281176047420064,
alphafold,SASDBW3,1,0,1.0183945983248177,1.0177147723611788,23.291606478316496,23.291606478316496,0.0,0.04564584801806536,0.04564584801806536,1.0183945983248177,1.0,,1.0,1.0183945983248177,1.0183945983248177,
alphafold,SASDBW9,1,0,2.3299308374382464,2.3290256241775937,27.16420152204682,27.16420152204682,0.0,0.014787431695164952,0.014787431695164952,2.3299308374382464,1.0,,,2.3299308374382464,2.3299308374382464,
alphafold,SASDBX2,1,0,1854.7610525797713,2020.211814511632,25.486145861693345,25.486145861693345,0.0,0.07302550008325714,0.07302550008325714,1854.7610525797713,1.0,,,1854.7610525797713,1854.7610525797713,
alphafold,SASDBX9,1,0,12.83365575633779,18.318230022517646,22.154884510008895,22.154884510008895,0.0,0.07972543582464435,0.07972543582464435,12.83365575633779,1.0,,,12.83365575633779,12.83365575633779,
alphafold,SASDBY5,1,0,63.060461126548574,63.093880560967726,38.26627631340685,38.26627631340685,0.0,0.07490349145680897,0.07490349145680897,63.060461126548574,1.0,,,63.060461126548574,63.060461126548574,
alphafold,SASDBY9,1,0,8.917138032616073,8.919292378873797,29.682759215914835,29.682759215914835,0.0,0.01238986389745921,0.01238986389745921,8.917138032616073,1.0,,,8.917138032616073,8.917138032616073,
alphafold,SASDBZ6,1,0,5.38681371935555,5.393148117590603,38.6494699524003,38.6494699524003,0.0,0.10036680488237014,0.10036680488237014,5.38681371935555,1.0,,,5.38681371935555,5.38681371935555,
alphafold,SASDBZ9,1,0,13.628377767849026,16.51760086683988,48.64603320499881,48.64603320499881,0.0,0.01460132158620719,0.01460132158620719,13.628377767849026,1.0,,,13.628377767849026,13.628377767849026,
alphafold,SASDC23,1,0,1.3051477949101549,1.3050726890548745,29.57882573398108,29.57882573398108,0.0,0.03655481679462728,0.03655481679462728,1.3051477949101549,1.0,,1.0,1.3051477949101549,1.3051477949101549,
alphafold,SASDC26,1,0,719.9904409279495,746.9763678007821,25.097061199108747,25.097061199108747,0.0,0.07261751223109186,0.07261751223109186,719.9904409279495,1.0,,,719.9904409279495,719.9904409279495,
alphafold,SASDC35,1,0,31.014650781765333,31.412751091115325,36.142545989834524,36.142545989834524,0.0,0.016761698170964234,0.016761698170964234,31.014650781765333,1.0,,,31.014650781765333,31.014650781765333,
alphafold,SASDC36,1,0,2.9450834140810604,2.9450038766175375,21.830289330432397,21.830289330432397,0.0,0.07095493833907367,0.07095493833907367,2.9450834140810604,1.0,,,2.9450834140810604,2.9450834140810604,
alphafold,SASDC45,1,0,1.508574688172733,1.789837608218801,29.466198999220268,29.466198999220268,0.0,0.030633509203289347,0.030633509203289347,1.508574688172733,1.0,,1.0,1.508574688172733,1.508574688172733,
alphafold,SASDC46,1,0,0.9997142156833115,0.9990481175612991,21.07862960186328,21.07862960186328,0.0,0.02698785962305151,0.02698785962305151,0.9997142156833115,1.0,1.0,1.0,0.9997142156833115,0.9997142156833115,
alphafold,SASDC53,1,0,81.50870768770396,81.88299720889874,24.363262803771352,24.363262803771352,0.0,0.07515791342801531,0.07515791342801531,81.50870768770396,1.0,,,81.50870768770396,81.50870768770396,
alphafold,SASDC55,1,0,6.864432821073243,7.183065139768595,19.065975713483827,19.065975713483827,0.0,0.07977642286780903,0.07977642286780903,6.864432821073243,1.0,,,6.864432821073243,6.864432821073243,
alphafold,SASDC62,1,0,3.831209393895426,3.8205986518796546,15.198160954989353,15.198160954989353,0.0,0.054817073883575075,0.054817073883575075,3.831209393895426,1.0,,,3.831209393895426,3.831209393895426,
alphafold,SASDC65,1,0,4.704323939083414,4.719000597771628,36.57764983424186,36.57764983424186,0.0,0.06771835384886142,0.06771835384886142,4.704323939083414,1.0,,,4.704323939083414,4.704323939083414,
alphafold,SASDC88,1,0,1.0277819856385348,1.040748539249265,17.414123316008823,17.414123316008823,0.0,0.0734364605668678,0.0734364605668678,1.0277819856385348,1.0,,1.0,1.0277819856385348,1.0277819856385348,
alphafold,SASDCA6,1,0,6.384223753062444,6.590136610217544,14.018092234907915,14.018092234907915,0.0,0.03923716535054042,0.03923716535054042,6.384223753062444,1.0,,,6.384223753062444,6.384223753062444,
alphafold,SASDCD3,1,0,97.92902339613151,97.72477861630698,24.951523798279354,24.951523798279354,0.0,0.043023813391306204,0.043023813391306204,97.92902339613151,1.0,,,97.92902339613151,97.92902339613151,
alphafold,SASDCD6,1,0,6.644327655918761,6.936682507423573,28.130151706436926,28.130151706436926,0.0,0.024146420367977324,0.024146420367977324,6.644327655918761,1.0,,,6.644327655918761,6.644327655918761,
alphafold,SASDCG6,1,0,4.973273925644569,5.483745311369683,17.289229046172977,17.289229046172977,0.0,0.03125605469362985,0.03125605469362985,4.973273925644569,1.0,,,4.973273925644569,4.973273925644569,
alphafold,SASDCH7,1,0,1.6600502871913672,5.111173845907174,16.769774319631587,16.769774319631587,0.0,0.022804924279791,0.022804924279791,1.6600502871913672,1.0,,1.0,1.6600502871913672,1.6600502871913672,
alphafold,SASDCJ6,1,0,6.04359318462863,6.493149436836404,21.08793789620869,21.08793789620869,0.0,0.03055416382630972,0.03055416382630972,6.04359318462863,1.0,,,6.04359318462863,6.04359318462863,
alphafold,SASDCK3,1,0,3.6884146776593814,4.027318002045818,25.73728766565122,25.73728766565122,0.0,0.036053865825115966,0.036053865825115966,3.6884146776593814,1.0,,,3.6884146776593814,3.6884146776593814,
alphafold,SASDCK6,1,0,5.968960946680377,6.304002388080213,30.2874626866575,30.2874626866575,0.0,0.06121620773619802,0.06121620773619802,5.968960946680377,1.0,,,5.968960946680377,5.968960946680377,
alphafold,SASDCK7,1,0,3.071245811918824,3.733199334587064,27.058929366732293,27.058929366732293,0.0,0.009474874244747607,0.009474874244747607,3.071245811918824,1.0,,,3.071245811918824,3.071245811918824,
alphafold,SASDCK9,1,0,3.731032317400998,3.8522100018195493,25.782357822266867,25.782357822266867,0.0,0.02052301037331997,0.02052301037331997,3.731032317400998,1.0,,,3.731032317400998,3.731032317400998,
alphafold,SASDCL2,1,0,8.094816001181565,8.543183815056604,21.79177419476914,21.79177419476914,0.0,0.04591979830814608,0.04591979830814608,8.094816001181565,1.0,,,8.094816001181565,8.094816001181565,
alphafold,SASDCM6,1,0,1.4380393621314493,1.452661844643868,24.807429979601412,24.807429979601412,0.0,0.045879450705191296,0.045879450705191296,1.4380393621314493,1.0,,1.0,1.4380393621314493,1.4380393621314493,
alphafold,SASDCN9,1,0,1.3760021071600697,1.395865472127908,26.694305731347086,26.694305731347086,0.0,0.023210419926570185,0.023210419926570185,1.3760021071600697,1.0,,1.0,1.3760021071600697,1.3760021071600697,
alphafold,SASDCP5,1,0,28.918506150103404,29.91558866433942,18.849031707367683,18.849031707367683,0.0,0.048942929091270744,0.048942929091270744,28.918506150103404,1.0,,,28.918506150103404,28.918506150103404,
alphafold,SASDCP8,1,0,9.0147261304806,9.014422240698002,21.923148164874394,21.923148164874394,0.0,0.014615645461584871,0.014615645461584871,9.0147261304806,1.0,,,9.0147261304806,9.0147261304806,
alphafold,SASDCU2,1,0,25.976391517585327,30.602243518210575,33.1465980178485,33.1465980178485,0.0,0.05264574760266479,0.05264574760266479,25.976391517585327,1.0,,,25.976391517585327,25.976391517585327,
alphafold,SASDCU8,1,0,1.0276158066168921,1.0271865243892169,21.21421747897253,21.21421747897253,0.0,0.056023176739918246,0.056023176739918246,1.0276158066168921,1.0,,1.0,1.0276158066168921,1.0276158066168921,
alphafold,SASDCV7,1,0,46.996233416160024,47.21956155297511,40.168184188898415,40.168184188898415,0.0,0.055012452574197755,0.055012452574197755,46.996233416160024,1.0,,,46.996233416160024,46.996233416160024,
alphafold,SASDCY4,1,0,3699.559823341644,3802.5140940690635,39.187644603988446,39.187644603988446,0.0,0.10397177248577476,0.10397177248577476,3699.559823341644,1.0,,,3699.559823341644,3699.559823341644,
alphafold,SASDCY9,1,0,14.713394666827408,14.921020611721259,24.509164962910365,24.509164962910365,0.0,0.06924014410933892,0.06924014410933892,14.713394666827408,1.0,,,14.713394666827408,14.713394666827408,
alphafold,SASDD32,1,0,7.183002790582744,11.074634157572072,25.388825229070115,25.388825229070115,0.0,0.04090175597414919,0.04090175597414919,7.183002790582744,1.0,,,7.183002790582744,7.183002790582744,
alphafold,SASDD43,1,0,1.9269291727453204,2.169176611498119,17.30382398092745,17.30382398092745,0.0,0.028228027153329453,0.028228027153329453,1.9269291727453204,1.0,,1.0,1.9269291727453204,1.9269291727453204,
alphafold,SASDD76,1,0,1.2393771664296651,1.2577702186246504,24.766317116038927,24.766317116038927,0.0,0.03372314388336359,0.03372314388336359,1.2393771664296651,1.0,,1.0,1.2393771664296651,1.2393771664296651,
alphafold,SASDD85,1,0,43.01617937441168,51.03003636623306,31.28606653145185,31.28606653145185,0.0,0.05785931850248045,0.05785931850248045,43.01617937441168,1.0,,,43.01617937441168,43.01617937441168,
alphafold,SASDD88,1,0,3.4174721391138054,5.280778990022062,14.440986500936908,14.440986500936908,0.0,0.08122445538673875,0.08122445538673875,3.4174721391138054,1.0,,,3.4174721391138054,3.4174721391138054,
alphafold,SASDD95,1,0,31.072038336708964,31.63626656100726,27.548069282342595,27.548069282342595,0.0,0.034754754938287,0.034754754938287,31.072038336708964,1.0,,,31.072038336708964,31.072038336708964,
alphafold,SASDDD8,1,0,20.033825332024186,21.96854642751283,21.453964017828127,21.453964017828127,0.0,0.052286873806387114,0.052286873806387114,20.033825332024186,1.0,,,20.033825332024186,20.033825332024186,
alphafold,SASDDD9,1,0,31.686283914029364,34.75814296455259,21.716095957172783,21.716095957172783,0.0,0.02633819374005508,0.02633819374005508,31.686283914029364,1.0,,,31.686283914029364,31.686283914029364,
alphafold,SASDDE3,1,0,2.8447882128676754,2.8528386551282203,20.14342304394951,20.14342304394951,0.0,0.016942541005895175,0.016942541005895175,2.8447882128676754,1.0,,,2.8447882128676754,2.8447882128676754,
alphafold,SASDDE7,1,0,1.7035913566631753,1.9190984066377381,22.28145702450501,22.28145702450501,0.0,0.03720140755088299,0.03720140755088299,1.7035913566631753,1.0,,1.0,1.7035913566631753,1.7035913566631753,
alphafold,SASDDE8,1,0,14.679173618873726,16.888835085260528,24.330902731659975,24.330902731659975,0.0,0.03971933062749791,0.03971933062749791,14.679173618873726,1.0,,,14.679173618873726,14.679173618873726,
alphafold,SASDDF5,1,0,1.453114199130182,1.4594244222107684,21.110385131798555,21.110385131798555,0.0,0.019770810241589973,0.019770810241589973,1.453114199130182,1.0,,1.0,1.453114199130182,1.453114199130182,
alphafold,SASDDF6,1,0,143.73077602450104,145.94588416461315,33.63475037811297,33.63475037811297,0.0,0.04425025535630706,0.04425025535630706,143.73077602450104,1.0,,,143.73077602450104,143.73077602450104,
alphafold,SASDDH6,1,0,4.878955812628276,7.215931812628033,21.727385802700976,21.727385802700976,0.0,0.04179889357524574,0.04179889357524574,4.878955812628276,1.0,,,4.878955812628276,4.878955812628276,
alphafold,SASDDJ2,1,0,1.1193224820413148,1.1173142667891383,13.015458514380065,13.015458514380065,0.0,0.007297315315462341,0.007297315315462341,1.1193224820413148,1.0,,1.0,1.1193224820413148,1.1193224820413148,
alphafold,SASDDK7,1,0,1.9264304050581473,1.9546131041568606,26.10437781064937,26.10437781064937,0.0,0.02079812630039185,0.02079812630039185,1.9264304050581473,1.0,,1.0,1.9264304050581473,1.9264304050581473,
alphafold,SASDDL7,1,0,8.801648493727777,8.894322886195887,18.119530932671,18.119530932671,0.0,0.031089574561985116,0.031089574561985116,8.801648493727777,1.0,,,8.801648493727777,8.801648493727777,
alphafold,SASDDM6,1,0,1.1630134052634815,1.1611900938161765,21.42372205419626,21.42372205419626,0.0,0.015283778812602284,0.015283778812602284,1.1630134052634815,1.0,,1.0,1.1630134052634815,1.1630134052634815,
alphafold,SASDDR2,1,0,1.2124673372954966,1.3603716359181313,24.677269781330928,24.677269781330928,0.0,0.07861652902783525,0.07861652902783525,1.2124673372954966,1.0,,1.0,1.2124673372954966,1.2124673372954966,
alphafold,SASDDU2,1,0,1.2830520419917655,1.2946665261368784,25.66442861159748,25.66442861159748,0.0,0.024507658666624223,0.024507658666624223,1.2830520419917655,1.0,,1.0,1.2830520419917655,1.2830520419917655,
alphafold,SASDDV2,1,0,1.3468064083888838,1.3462565436262535,23.273541088289466,23.273541088289466,0.0,0.059689283047582885,0.059689283047582885,1.3468064083888838,1.0,,1.0,1.3468064083888838,1.3468064083888838,
alphafold,SASDDX4,1,0,1.3424525413654358,1.3413292818174136,18.40416151376611,18.40416151376611,0.0,0.04098125575981076,0.04098125575981076,1.3424525413654358,1.0,,1.0,1.3424525413654358,1.3424525413654358,
alphafold,SASDE27,1,0,1.3613371887729317,1.3648632307870692,17.73861192257458,17.73861192257458,0.0,0.04156201306046577,0.04156201306046577,1.3613371887729317,1.0,,1.0,1.3613371887729317,1.3613371887729317,
alphafold,SASDE34,1,0,1.1293409984651646,1.3601521095626323,15.61715455217886,15.61715455217886,0.0,0.053552020752659926,0.053552020752659926,1.1293409984651646,1.0,,1.0,1.1293409984651646,1.1293409984651646,
alphafold,SASDE48,1,0,7.20699013948042,7.361757202181851,14.110779329582511,14.110779329582511,0.0,0.035458837640279475,0.035458837640279475,7.20699013948042,1.0,,,7.20699013948042,7.20699013948042,
alphafold,SASDE53,1,0,5.322596785766954,5.650571418457554,11.655375161675654,11.655375161675654,0.0,0.16689415563385934,0.16689415563385934,5.322596785766954,1.0,,,5.322596785766954,5.322596785766954,
alphafold,SASDE59,1,0,6.110702947749753,6.269535821394822,34.14319307242621,34.14319307242621,0.0,0.015734374044396777,0.015734374044396777,6.110702947749753,1.0,,,6.110702947749753,6.110702947749753,
alphafold,SASDE73,1,0,27.77493579856244,28.10009202935946,13.688921437632878,13.688921437632878,0.0,0.13324036182144652,0.13324036182144652,27.77493579856244,1.0,,,27.77493579856244,27.77493579856244,
alphafold,SASDE79,1,0,83.76289057251992,84.12859844820764,36.870377775757376,36.870377775757376,0.0,0.026059966665337664,0.026059966665337664,83.76289057251992,1.0,,,83.76289057251992,83.76289057251992,
alphafold,SASDE93,1,0,46.426956533500004,51.81753206913894,15.506220522242979,15.506220522242979,0.0,0.09235128452091317,0.09235128452091317,46.426956533500004,1.0,,,46.426956533500004,46.426956533500004,
alphafold,SASDEA9,1,0,2.2360968154340464,2.236657283641654,32.94136042175103,32.94136042175103,0.0,0.02112911964897222,0.02112911964897222,2.2360968154340464,1.0,,,2.2360968154340464,2.2360968154340464,
alphafold,SASDEB3,1,0,8.995620253019355,9.379818551671564,35.07051560835119,35.07051560835119,0.0,0.0325321578042114,0.0325321578042114,8.995620253019355,1.0,,,8.995620253019355,8.995620253019355,
alphafold,SASDEC3,1,0,2.2725125203951593,16.5612648334732,38.52379019311449,38.52379019311449,0.0,0.025909102195413328,0.025909102195413328,2.2725125203951593,1.0,,,2.2725125203951593,2.2725125203951593,
alphafold,SASDEC6,1,0,7.062899558778731,18.050867778770655,25.691731910778202,25.691731910778202,0.0,0.0533555089827822,0.0533555089827822,7.062899558778731,1.0,,,7.062899558778731,7.062899558778731,
alphafold,SASDEC9,1,0,34.657040042114176,43.78128630151299,22.727509431856348,22.727509431856348,0.0,0.09417885291793102,0.09417885291793102,34.657040042114176,1.0,,,34.657040042114176,34.657040042114176,
alphafold,SASDED2,1,0,227.445317937194,235.96668744320726,37.43693489676063,37.43693489676063,0.0,0.06496333984912879,0.06496333984912879,227.445317937194,1.0,,,227.445317937194,227.445317937194,
alphafold,SASDED9,1,0,7.163536735137638,7.173388194545944,27.757196756228225,27.757196756228225,0.0,0.013097201911885391,0.013097201911885391,7.163536735137638,1.0,,,7.163536735137638,7.163536735137638,
alphafold,SASDEE2,1,0,316.30804779536516,366.3872192659643,47.140760919493914,47.140760919493914,0.0,0.1069134462881788,0.1069134462881788,316.30804779536516,1.0,,,316.30804779536516,316.30804779536516,
alphafold,SASDEE9,1,0,5.5955908750394485,5.659048722561996,24.579908038935432,24.579908038935432,0.0,0.01833982803529744,0.01833982803529744,5.5955908750394485,1.0,,,5.5955908750394485,5.5955908750394485,
alphafold,SASDEJ3,1,0,16.855640203163436,17.831224419794776,25.291684937663923,25.291684937663923,0.0,0.08486573429045528,0.08486573429045528,16.855640203163436,1.0,,,16.855640203163436,16.855640203163436,
alphafold,SASDEK2,1,0,1.8383851988537223,1.8414780015925118,17.02732587064883,17.02732587064883,0.0,0.06561371483595908,0.06561371483595908,1.8383851988537223,1.0,,1.0,1.8383851988537223,1.8383851988537223,
alphafold,SASDEK4,1,0,1.0985636056015844,1.109485974506989,17.081009107057923,17.081009107057923,0.0,0.030181858245779118,0.030181858245779118,1.0985636056015844,1.0,,1.0,1.0985636056015844,1.0985636056015844,
alphafold,SASDEK7,1,0,1.8863677546811242,2.060351517400269,20.4599188286475,20.4599188286475,0.0,0.0274919462924536,0.0274919462924536,1.8863677546811242,1.0,,1.0,1.8863677546811242,1.8863677546811242,
alphafold,SASDEL4,1,0,1.1620123402379605,1.2029551746773983,37.170861834026475,37.170861834026475,0.0,0.06991758094455773,0.06991758094455773,1.1620123402379605,1.0,,1.0,1.1620123402379605,1.1620123402379605,
alphafold,SASDEL6,1,0,18.972027999723856,23.50534561797781,24.892763441728512,24.892763441728512,0.0,0.015565381525243387,0.015565381525243387,18.972027999723856,1.0,,,18.972027999723856,18.972027999723856,
alphafold,SASDEP2,1,0,1.0816533308809055,1.0824857625725433,24.868975608710986,24.868975608710986,0.0,0.1018066498786768,0.1018066498786768,1.0816533308809055,1.0,,1.0,1.0816533308809055,1.0816533308809055,
alphafold,SASDEQ7,1,0,1.548095973526713,1.5610422975608755,21.806974014390303,21.806974014390303,0.0,0.008941313221062496,0.008941313221062496,1.548095973526713,1.0,,1.0,1.548095973526713,1.548095973526713,
alphafold,SASDES5,1,0,1.1164228132029816,1.1212812192719388,15.47179172097555,15.47179172097555,0.0,0.045016565218721195,0.045016565218721195,1.1164228132029816,1.0,,1.0,1.1164228132029816,1.1164228132029816,
alphafold,SASDET2,1,0,4.017909589562667,4.012793021296126,32.53332597351241,32.53332597351241,0.0,0.019754941261762988,0.019754941261762988,4.017909589562667,1.0,,,4.017909589562667,4.017909589562667,
alphafold,SASDET5,1,0,28.69461413873342,30.70042724311914,24.724954432678928,24.724954432678928,0.0,0.02525126071172047,0.02525126071172047,28.69461413873342,1.0,,,28.69461413873342,28.69461413873342,
alphafold,SASDEW7,1,0,3.318207689138359,3.332968237394751,25.01224800133077,25.01224800133077,0.0,0.03266237487678873,0.03266237487678873,3.318207689138359,1.0,,,3.318207689138359,3.318207689138359,
alphafold,SASDEX2,1,0,3.3430523957661693,3.3483895698785564,36.81346571751675,36.81346571751675,0.0,0.05903814595745535,0.05903814595745535,3.3430523957661693,1.0,,,3.3430523957661693,3.3430523957661693,
alphafold,SASDEX4,1,0,1.5924480980681959,1.8910775282295305,21.369390859993548,21.369390859993548,0.0,0.09925515029887604,0.09925515029887604,1.5924480980681959,1.0,,1.0,1.5924480980681959,1.5924480980681959,
alphafold,SASDEX6,1,0,11.439970320845697,15.620795568593872,24.734968186274756,24.734968186274756,0.0,0.041050425719839856,0.041050425719839856,11.439970320845697,1.0,,,11.439970320845697,11.439970320845697,
alphafold,SASDEY9,1,0,6.108687579283082,6.2386528666478025,25.770376624116885,25.770376624116885,0.0,0.0353263694003832,0.0353263694003832,6.108687579283082,1.0,,,6.108687579283082,6.108687579283082,
alphafold,SASDEZ2,1,0,11.373528707090468,12.40672534782036,32.216467373159006,32.216467373159006,0.0,0.05922280650506292,0.05922280650506292,11.373528707090468,1.0,,,11.373528707090468,11.373528707090468,
alphafold,SASDF27,1,0,30.889743955710227,31.032867337194837,33.33582444431298,33.33582444431298,0.0,0.06689156415043189,0.06689156415043189,30.889743955710227,1.0,,,30.889743955710227,30.889743955710227,
alphafold,SASDF34,1,0,41.669842784745285,43.76111523203389,41.41844061995889,41.41844061995889,0.0,0.08049254376543243,0.08049254376543243,41.669842784745285,1.0,,,41.669842784745285,41.669842784745285,
alphafold,SASDF37,1,0,6.742960824679975,12.687130966300309,17.054611116433566,17.054611116433566,0.0,0.034608984002839016,0.034608984002839016,6.742960824679975,1.0,,,6.742960824679975,6.742960824679975,
alphafold,SASDF38,1,0,83.04272130012737,88.77805233829862,29.09263835330079,29.09263835330079,0.0,0.015025355743998112,0.015025355743998112,83.04272130012737,1.0,,,83.04272130012737,83.04272130012737,
alphafold,SASDF52,1,0,109.8926761676828,783.6086679035419,23.691544222379456,23.691544222379456,0.0,0.04404154582844337,0.04404154582844337,109.8926761676828,1.0,,,109.8926761676828,109.8926761676828,
alphafold,SASDF53,1,0,2.76586638716889,3.313235820926246,20.19702461858487,20.19702461858487,0.0,0.02973805710003883,0.02973805710003883,2.76586638716889,1.0,,,2.76586638716889,2.76586638716889,
alphafold,SASDF65,1,0,2.519919117915449,2.520047358374277,32.090243138370695,32.090243138370695,0.0,0.015842807955001162,0.015842807955001162,2.519919117915449,1.0,,,2.519919117915449,2.519919117915449,
alphafold,SASDFD3,1,0,3.7949629563075447,4.90332360818179,26.672061189109506,26.672061189109506,0.0,0.00783407855223284,0.00783407855223284,3.7949629563075447,1.0,,,3.7949629563075447,3.7949629563075447,
alphafold,SASDFG8,1,0,1.0695171842128748,1.0709748774674013,20.135391358543508,20.135391358543508,0.0,0.02316950664870982,0.02316950664870982,1.0695171842128748,1.0,,1.0,1.0695171842128748,1.0695171842128748,
alphafold,SASDFJ8,1,0,2.894381863500665,4.34124307273488,21.087464123306894,21.087464123306894,0.0,0.028971658083847152,0.028971658083847152,2.894381863500665,1.0,,,2.894381863500665,2.894381863500665,
alphafold,SASDFK8,1,0,233.03941139318604,235.7582704166083,29.357312944272113,29.357312944272113,0.0,0.06141249635065585,0.06141249635065585,233.03941139318604,1.0,,,233.03941139318604,233.03941139318604,
alphafold,SASDFP4,1,0,1.1231102519632385,1.1335672866277353,26.059669426365488,26.059669426365488,0.0,0.05111734613444621,0.05111734613444621,1.1231102519632385,1.0,,1.0,1.1231102519632385,1.1231102519632385,
alphafold,SASDFP8,1,0,1.1719786764309816,1.1806981831176842,18.318341247971624,18.318341247971624,0.0,0.023440647246315064,0.023440647246315064,1.1719786764309816,1.0,,1.0,1.1719786764309816,1.1719786764309816,
alphafold,SASDFU7,1,0,1.0250856486298288,1.025569888320785,30.322594888589492,30.322594888589492,0.0,0.033334535000236046,0.033334535000236046,1.0250856486298288,1.0,,1.0,1.0250856486298288,1.0250856486298288,
alphafold,SASDFY7,1,0,2.1762053779789374,2.3245156439093306,23.284805923262255,23.284805923262255,0.0,0.02420902215913793,0.02420902215913793,2.1762053779789374,1.0,,,2.1762053779789374,2.1762053779789374,
alphafold,SASDG45,1,0,5.211385566993244,5.344411586809376,16.01056999370351,16.01056999370351,0.0,0.014850818161930365,0.014850818161930365,5.211385566993244,1.0,,,5.211385566993244,5.211385566993244,
alphafold,SASDGA5,1,0,2.069253237213777,3.0552251887572885,20.880234583965994,20.880234583965994,0.0,0.04166167345396732,0.04166167345396732,2.069253237213777,1.0,,,2.069253237213777,2.069253237213777,
alphafold,SASDGB5,1,0,251.77813401927426,258.7911639083315,20.755734648378468,20.755734648378468,0.0,0.019700881412058474,0.019700881412058474,251.77813401927426,1.0,,,251.77813401927426,251.77813401927426,
alphafold,SASDGD2,1,0,1.2560853728834638,1.4630661789957613,20.978093557214713,20.978093557214713,0.0,0.05578780731524865,0.05578780731524865,1.2560853728834638,1.0,,1.0,1.2560853728834638,1.2560853728834638,
alphafold,SASDGD6,1,0,1.1877131498242006,1.1856944251995762,21.41828331641685,21.41828331641685,0.0,0.05500621784546772,0.05500621784546772,1.1877131498242006,1.0,,1.0,1.1877131498242006,1.1877131498242006,
alphafold,SASDGG2,1,0,1.289572460014757,1.2853608741233509,31.128637879073572,31.128637879073572,0.0,0.025723067979444077,0.025723067979444077,1.289572460014757,1.0,,1.0,1.289572460014757,1.289572460014757,
alphafold,SASDGP5,1,0,29.181166667370665,29.23818762868711,30.850251341440174,30.850251341440174,0.0,0.05797037697724181,0.05797037697724181,29.181166667370665,1.0,,,29.181166667370665,29.181166667370665,
alphafold,SASDGQ9,1,0,4.725319543515418,5.3071995711331885,24.86246147739072,24.86246147739072,0.0,0.050291188631133785,0.050291188631133785,4.725319543515418,1.0,,,4.725319543515418,4.725319543515418,
alphafold,SASDGR2,1,0,2.1792887878441234,2.2462488364578808,19.359707290133816,19.359707290133816,0.0,0.08166869620826779,0.08166869620826779,2.1792887878441234,1.0,,,2.1792887878441234,2.1792887878441234,
alphafold,SASDGX4,1,0,1.3520529990208037,1.3724899844186895,25.99302668480901,25.99302668480901,0.0,0.04210478694066398,0.04210478694066398,1.3520529990208037,1.0,,1.0,1.3520529990208037,1.3520529990208037,
alphafold,SASDGZ5,1,0,11.16091217883444,12.734922670167817,27.946988123371092,27.946988123371092,0.0,0.023810833534325386,0.023810833534325386,11.16091217883444,1.0,,,11.16091217883444,11.16091217883444,
alphafold,SASDH24,1,0,14.58090493260193,15.400109042997252,17.047034136924886,17.047034136924886,0.0,0.025837444665945765,0.025837444665945765,14.58090493260193,1.0,,,14.58090493260193,14.58090493260193,
alphafold,SASDH25,1,0,9.800881915056634,9.834026075542418,27.178498496194823,27.178498496194823,0.0,0.028536826788490857,0.028536826788490857,9.800881915056634,1.0,,,9.800881915056634,9.800881915056634,
alphafold,SASDH33,1,0,4.286852503447144,7.048262248250439,29.78026399527234,29.78026399527234,0.0,0.022902812689215686,0.022902812689215686,4.286852503447144,1.0,,,4.286852503447144,4.286852503447144,
alphafold,SASDH34,1,0,17.480359733131714,26.09228862151019,27.179960057403072,27.179960057403072,0.0,0.021299112713512095,0.021299112713512095,17.480359733131714,1.0,,,17.480359733131714,17.480359733131714,
alphafold,SASDH64,1,0,1.0915390987755684,1.091647230679037,13.557955599911331,13.557955599911331,0.0,0.039597402211803835,0.039597402211803835,1.0915390987755684,1.0,,1.0,1.0915390987755684,1.0915390987755684,
alphafold,SASDH65,1,0,12.276099040227557,14.023114128055889,30.150124130686937,30.150124130686937,0.0,0.05568253727705488,0.05568253727705488,12.276099040227557,1.0,,,12.276099040227557,12.276099040227557,
alphafold,SASDH69,1,0,1.6804586576958669,1.8647413487350837,25.245413887664586,25.245413887664586,0.0,0.022814810359434622,0.022814810359434622,1.6804586576958669,1.0,,1.0,1.6804586576958669,1.6804586576958669,
alphafold,SASDH84,1,0,2.2542440498362155,2.2533219001648477,20.03526680721315,20.03526680721315,0.0,0.029352165988287552,0.029352165988287552,2.2542440498362155,1.0,,,2.2542440498362155,2.2542440498362155,
alphafold,SASDH95,1,0,30.421178931631275,32.12627262712164,27.8283678296646,27.8283678296646,0.0,0.10878658049259068,0.10878658049259068,30.421178931631275,1.0,,,30.421178931631275,30.421178931631275,
alphafold,SASDHC9,1,0,3.103619705378973,3.107479662039738,31.465266234928425,31.465266234928425,0.0,0.022445480117078937,0.022445480117078937,3.103619705378973,1.0,,,3.103619705378973,3.103619705378973,
alphafold,SASDHD5,1,0,235.43536055719227,236.03759509046674,37.88329525454326,37.88329525454326,0.0,0.1716452633222665,0.1716452633222665,235.43536055719227,1.0,,,235.43536055719227,235.43536055719227,
alphafold,SASDHF8,1,0,4.817162664798085,6.254223286860093,12.458327346183495,12.458327346183495,0.0,0.025128663760005103,0.025128663760005103,4.817162664798085,1.0,,,4.817162664798085,4.817162664798085,
alphafold,SASDHG4,1,0,58.45864486652924,81.88589718689884,21.22445244154234,21.22445244154234,0.0,0.02109709803881624,0.02109709803881624,58.45864486652924,1.0,,,58.45864486652924,58.45864486652924,
alphafold,SASDHG9,1,0,1.267534210287529,1.2975678283705059,24.487883769285567,24.487883769285567,0.0,0.04837434065928946,0.04837434065928946,1.267534210287529,1.0,,1.0,1.267534210287529,1.267534210287529,
alphafold,SASDHN7,1,0,1.8137286492039966,3.3032123927323944,14.515874100648734,14.515874100648734,0.0,0.05740251693022817,0.05740251693022817,1.8137286492039966,1.0,,1.0,1.8137286492039966,1.8137286492039966,
alphafold,SASDHP4,1,0,1.9030712526610272,1.9049943961568356,20.527694733755588,20.527694733755588,0.0,0.08992480416012993,0.08992480416012993,1.9030712526610272,1.0,,1.0,1.9030712526610272,1.9030712526610272,
alphafold,SASDHP7,1,0,1.5621136172803038,1.9458469609857676,18.9647672162636,18.9647672162636,0.0,0.03536554743025965,0.03536554743025965,1.5621136172803038,1.0,,1.0,1.5621136172803038,1.5621136172803038,
alphafold,SASDHS8,1,0,1.437311643477118,4.402346526069664,31.016633460358676,31.016633460358676,0.0,0.3176506635961778,0.3176506635961778,1.437311643477118,1.0,,1.0,1.437311643477118,1.437311643477118,
alphafold,SASDHT5,1,0,1.3055530053237279,1.3066838026790861,28.95889214663044,28.95889214663044,0.0,0.12641885097253325,0.12641885097253325,1.3055530053237279,1.0,,1.0,1.3055530053237279,1.3055530053237279,
alphafold,SASDHV4,1,0,2.414833158925329,2.577441386999788,28.692459937733,28.692459937733,0.0,0.04407910622587366,0.04407910622587366,2.414833158925329,1.0,,,2.414833158925329,2.414833158925329,
alphafold,SASDHW9,1,0,1.7388212903624685,2.0581862852089743,28.665597946486173,28.665597946486173,0.0,0.03679473272457918,0.03679473272457918,1.7388212903624685,1.0,,1.0,1.7388212903624685,1.7388212903624685,
alphafold,SASDJ28,1,0,4.509306946234183,4.779179562955512,20.378222843378428,20.378222843378428,0.0,0.024907420802184436,0.024907420802184436,4.509306946234183,1.0,,,4.509306946234183,4.509306946234183,
alphafold,SASDJ29,1,0,3.7699342226196197,3.7738217876375386,26.450268693942988,26.450268693942988,0.0,0.030032769445072025,0.030032769445072025,3.7699342226196197,1.0,,,3.7699342226196197,3.7699342226196197,
alphafold,SASDJ63,1,0,4.8133771130573395,4.950950461614261,27.949281235806477,27.949281235806477,0.0,0.04536869771431969,0.04536869771431969,4.8133771130573395,1.0,,,4.8133771130573395,4.8133771130573395,
alphafold,SASDJ83,1,0,1.1340209381170754,1.2715849009457172,20.08069284808186,20.08069284808186,0.0,0.023416718448732013,0.023416718448732013,1.1340209381170754,1.0,,1.0,1.1340209381170754,1.1340209381170754,
alphafold,SASDJ84,1,0,2.0055912813627645,2.01040929182728,26.837516003411636,26.837516003411636,0.0,0.008893826416116647,0.008893826416116647,2.0055912813627645,1.0,,,2.0055912813627645,2.0055912813627645,
alphafold,SASDJ86,1,0,2.399160164696576,2.4608726050645724,27.56900161354029,27.56900161354029,0.0,0.04051224839259757,0.04051224839259757,2.399160164696576,1.0,,,2.399160164696576,2.399160164696576,
alphafold,SASDJ93,1,0,1.373732666871507,1.3757750894498668,21.952622688242098,21.952622688242098,0.0,0.024591215726942447,0.024591215726942447,1.373732666871507,1.0,,1.0,1.373732666871507,1.373732666871507,
alphafold,SASDJ94,1,0,1.2534401873536438,1.255086055717324,21.495228472022767,21.495228472022767,0.0,0.007671434579292732,0.007671434579292732,1.2534401873536438,1.0,,1.0,1.2534401873536438,1.2534401873536438,
alphafold,SASDJA4,1,0,4.040724214354325,4.176378402032291,21.848478409219947,21.848478409219947,0.0,0.026335900042017697,0.026335900042017697,4.040724214354325,1.0,,,4.040724214354325,4.040724214354325,
alphafold,SASDJA5,1,0,6.003995017677175,6.055776669449543,21.503854467292925,21.503854467292925,0.0,0.02431315550958821,0.02431315550958821,6.003995017677175,1.0,,,6.003995017677175,6.003995017677175,
alphafold,SASDJB2,1,0,1.4573921245137034,1.5048544380519386,20.365245826128476,20.365245826128476,0.0,0.030860471591818563,0.030860471591818563,1.4573921245137034,1.0,,1.0,1.4573921245137034,1.4573921245137034,
alphafold,SASDJB9,1,0,1.0294216267343743,1.0299905837291272,20.72130586205065,20.72130586205065,0.0,0.09116486253084387,0.09116486253084387,1.0294216267343743,1.0,,1.0,1.0294216267343743,1.0294216267343743,
alphafold,SASDJC4,1,0,2.3183259952924122,2.341790881747712,25.343845267091346,25.343845267091346,0.0,0.03344775842842414,0.03344775842842414,2.3183259952924122,1.0,,,2.3183259952924122,2.3183259952924122,
alphafold,SASDJD6,1,0,47.387275627557706,60.80629375671392,31.282847921309617,31.282847921309617,0.0,0.014980015063870731,0.014980015063870731,47.387275627557706,1.0,,,47.387275627557706,47.387275627557706,
alphafold,SASDJE2,1,0,5.817706383713587,6.540384365395048,14.399459539916263,14.399459539916263,0.0,0.01849643275022476,0.01849643275022476,5.817706383713587,1.0,,,5.817706383713587,5.817706383713587,
alphafold,SASDJE4,1,0,1.6405968878044896,1.9014649986212318,22.223840871190028,22.223840871190028,0.0,0.04695491689450667,0.04695491689450667,1.6405968878044896,1.0,,1.0,1.6405968878044896,1.6405968878044896,
alphafold,SASDJF5,1,0,4.910809902613484,5.449573636855607,20.7007231122214,20.7007231122214,0.0,0.0283335082423931,0.0283335082423931,4.910809902613484,1.0,,,4.910809902613484,4.910809902613484,
alphafold,SASDJF6,1,0,2.258772641714365,2.3670703137236013,19.886248188161396,19.886248188161396,0.0,0.026025844666122393,0.026025844666122393,2.258772641714365,1.0,,,2.258772641714365,2.258772641714365,
alphafold,SASDJG2,1,0,7.434456364781867,9.592913652332104,10.779691323553044,10.779691323553044,0.0,0.030159870690081938,0.030159870690081938,7.434456364781867,1.0,,,7.434456364781867,7.434456364781867,
alphafold,SASDJG4,1,0,1.6242448022331484,1.9885715743248396,27.868470056855305,27.868470056855305,0.0,0.03874131648062369,0.03874131648062369,1.6242448022331484,1.0,,1.0,1.6242448022331484,1.6242448022331484,
alphafold,SASDJG6,1,0,9.421518759067661,9.417754960829926,27.295834589772202,27.295834589772202,0.0,0.05667393921150114,0.05667393921150114,9.421518759067661,1.0,,,9.421518759067661,9.421518759067661,
alphafold,SASDJH6,1,0,11.217986548188586,11.977375664814078,19.241731257816987,19.241731257816987,0.0,0.0224862334744585,0.0224862334744585,11.217986548188586,1.0,,,11.217986548188586,11.217986548188586,
alphafold,SASDJJ4,1,0,1.0144212551344198,1.017416498634882,18.115664365813377,18.115664365813377,0.0,0.06284165834722472,0.06284165834722472,1.0144212551344198,1.0,,1.0,1.0144212551344198,1.0144212551344198,
alphafold,SASDJJ6,1,0,30.21483990189535,42.32973015129242,32.341953089440025,32.341953089440025,0.0,0.08607041145626762,0.08607041145626762,30.21483990189535,1.0,,,30.21483990189535,30.21483990189535,
alphafold,SASDJK6,1,0,273.27824922486855,529.4170855276323,36.56827306191506,36.56827306191506,0.0,0.09942105438969827,0.09942105438969827,273.27824922486855,1.0,,,273.27824922486855,273.27824922486855,
alphafold,SASDJL9,1,0,28.739234321617033,29.475211875655948,18.70658476482958,18.70658476482958,0.0,0.1021462550852545,0.1021462550852545,28.739234321617033,1.0,,,28.739234321617033,28.739234321617033,
alphafold,SASDJM2,1,0,53.20480631411813,54.8253101540061,33.902888405782434,33.902888405782434,0.0,0.03714793453077637,0.03714793453077637,53.20480631411813,1.0,,,53.20480631411813,53.20480631411813,
alphafold,SASDJM5,1,0,38.18128408510731,38.87647480778833,38.37090875833271,38.37090875833271,0.0,0.03820742894818089,0.03820742894818089,38.18128408510731,1.0,,,38.18128408510731,38.18128408510731,
alphafold,SASDJN5,1,0,3.5351449915735746,3.702643387421003,28.191432220029238,28.191432220029238,0.0,0.031013539707553682,0.031013539707553682,3.5351449915735746,1.0,,,3.5351449915735746,3.5351449915735746,
alphafold,SASDJP5,1,0,0.9592177437366101,0.9694289041124415,29.446752899622076,29.446752899622076,0.0,0.03691267425494287,0.03691267425494287,0.9592177437366101,1.0,1.0,1.0,0.9592177437366101,0.9592177437366101,
alphafold,SASDJR3,1,0,1.0270360572077564,1.0260538586850951,25.214752793247495,25.214752793247495,0.0,0.07043648940098017,0.07043648940098017,1.0270360572077564,1.0,,1.0,1.0270360572077564,1.0270360572077564,
alphafold,SASDJT3,1,0,4.301156337601552,4.611100441634073,31.673161411558162,31.673161411558162,0.0,0.023156634585793246,0.023156634585793246,4.301156337601552,1.0,,,4.301156337601552,4.301156337601552,
alphafold,SASDJT7,1,0,209.65448750516978,209.53114090598126,45.319614881314386,45.319614881314386,0.0,0.07333000611935633,0.07333000611935633,209.65448750516978,1.0,,,209.65448750516978,209.65448750516978,
alphafold,SASDJV9,1,0,1.392881459757114,1.4358088676507998,21.13947234390653,21.13947234390653,0.0,0.020193277487246118,0.020193277487246118,1.392881459757114,1.0,,1.0,1.392881459757114,1.392881459757114,
alphafold,SASDJX3,1,0,2.090748876186755,2.2020342028380444,28.244322133575803,28.244322133575803,0.0,0.01786279500015029,0.01786279500015029,2.090748876186755,1.0,,,2.090748876186755,2.090748876186755,
alphafold,SASDJX7,1,0,16.228169937249184,17.711292746473774,26.19849678610943,26.19849678610943,0.0,0.014342509559112468,0.014342509559112468,16.228169937249184,1.0,,,16.228169937249184,16.228169937249184,
alphafold,SASDJY2,1,0,1.6790553861166557,1.6860881655996232,20.068684236020804,20.068684236020804,0.0,0.02371034468703062,0.02371034468703062,1.6790553861166557,1.0,,1.0,1.6790553861166557,1.6790553861166557,
alphafold,SASDJZ6,1,0,3.3148945430436356,4.4743449716313455,24.578503019066453,24.578503019066453,0.0,0.019390508084540795,0.019390508084540795,3.3148945430436356,1.0,,,3.3148945430436356,3.3148945430436356,
alphafold,SASDK42,1,0,2.8068788600870525,2.800908081233926,30.618339092241847,30.618339092241847,0.0,0.018019880678308557,0.018019880678308557,2.8068788600870525,1.0,,,2.8068788600870525,2.8068788600870525,
alphafold,SASDK52,1,0,1.1858614445583573,1.2172628131611554,26.287944159264757,26.287944159264757,0.0,0.09264933540084494,0.09264933540084494,1.1858614445583573,1.0,,1.0,1.1858614445583573,1.1858614445583573,
alphafold,SASDK56,1,0,1.3836375165387742,1.3984473698757318,20.35638276505214,20.35638276505214,0.0,0.07634648837898757,0.07634648837898757,1.3836375165387742,1.0,,1.0,1.3836375165387742,1.3836375165387742,
alphafold,SASDK68,1,0,186.44285570733098,193.1277630344749,35.21768476072602,35.21768476072602,0.0,0.08950301472080574,0.08950301472080574,186.44285570733098,1.0,,,186.44285570733098,186.44285570733098,
alphafold,SASDK76,1,0,1.031226837452789,1.138682181885182,21.890882161068113,21.890882161068113,0.0,0.057028790963933956,0.057028790963933956,1.031226837452789,1.0,,1.0,1.031226837452789,1.031226837452789,
alphafold,SASDK92,1,0,43.33466869522336,558.2542168877742,27.00017712490671,27.00017712490671,0.0,0.015694949281252316,0.015694949281252316,43.33466869522336,1.0,,,43.33466869522336,43.33466869522336,
alphafold,SASDKD6,1,0,30.811130336290976,36.05292974745698,25.82749882684951,25.82749882684951,0.0,0.05950033778555692,0.05950033778555692,30.811130336290976,1.0,,,30.811130336290976,30.811130336290976,
alphafold,SASDKH8,1,0,36.172220762099634,64.29761733784179,40.24126805272778,40.24126805272778,0.0,0.06742186746355895,0.06742186746355895,36.172220762099634,1.0,,,36.172220762099634,36.172220762099634,
alphafold,SASDKK2,1,0,36.14331653964038,39.389157342411124,30.425445984414015,30.425445984414015,0.0,0.030139215913089986,0.030139215913089986,36.14331653964038,1.0,,,36.14331653964038,36.14331653964038,
alphafold,SASDKK9,1,0,9.300923721213096,9.354877066306926,24.319582602439073,24.319582602439073,0.0,0.035416564758883426,0.035416564758883426,9.300923721213096,1.0,,,9.300923721213096,9.300923721213096,
alphafold,SASDKQ3,1,0,41.98734772384875,42.487627266394504,33.3590687749325,33.3590687749325,0.0,0.021971318692977852,0.021971318692977852,41.98734772384875,1.0,,,41.98734772384875,41.98734772384875,
alphafold,SASDKQ4,1,0,86.04004458386352,103.07692831284446,19.73315573126342,19.73315573126342,0.0,0.2040306331730522,0.2040306331730522,86.04004458386352,1.0,,,86.04004458386352,86.04004458386352,
alphafold,SASDKU8,1,0,25.677312531015925,29.15370119206196,18.870736389866902,18.870736389866902,0.0,0.05816997902427315,0.05816997902427315,25.677312531015925,1.0,,,25.677312531015925,25.677312531015925,
alphafold,SASDKV7,1,0,1.034191896054331,1.0816786332408934,24.75967664562235,24.75967664562235,0.0,0.08062594737577049,0.08062594737577049,1.034191896054331,1.0,,1.0,1.034191896054331,1.034191896054331,
alphafold,SASDKW7,1,0,1.0811126963595603,1.2061232388773693,20.77117099867968,20.77117099867968,0.0,0.041967727850510915,0.041967727850510915,1.0811126963595603,1.0,,1.0,1.0811126963595603,1.0811126963595603,
alphafold,SASDKX6,1,0,6.6149460077118,7.006568784694551,27.744810359998116,27.744810359998116,0.0,0.06905859748256946,0.06905859748256946,6.6149460077118,1.0,,,6.6149460077118,6.6149460077118,
alphafold,SASDL26,1,0,6.325029348860262,6.321745337315922,30.43642336035181,30.43642336035181,0.0,0.05859933881940523,0.05859933881940523,6.325029348860262,1.0,,,6.325029348860262,6.325029348860262,
alphafold,SASDL49,1,0,5.664223997899463,6.033840786054772,52.193488732530696,52.193488732530696,0.0,0.012159397339866117,0.012159397339866117,5.664223997899463,1.0,,,5.664223997899463,5.664223997899463,
alphafold,SASDL62,1,0,3.0173797423865865,3.1446781166667495,22.21686966920054,22.21686966920054,0.0,0.01975612368522153,0.01975612368522153,3.0173797423865865,1.0,,,3.0173797423865865,3.0173797423865865,
alphafold,SASDLA5,1,0,1.3266302793834062,1.3544216818034145,14.927398152131156,14.927398152131156,0.0,0.0350990078579981,0.0350990078579981,1.3266302793834062,1.0,,1.0,1.3266302793834062,1.3266302793834062,
alphafold,SASDLB7,1,0,7.352407974109034,8.324082310642698,26.534618523838876,26.534618523838876,0.0,0.029294583258072784,0.029294583258072784,7.352407974109034,1.0,,,7.352407974109034,7.352407974109034,
alphafold,SASDLF3,1,0,65.61885771632794,65.79382599604088,33.006998593092845,33.006998593092845,0.0,0.02827441684790813,0.02827441684790813,65.61885771632794,1.0,,,65.61885771632794,65.61885771632794,
alphafold,SASDLF9,1,0,41.406177099700294,52.409120141329424,38.93312033198937,38.93312033198937,0.0,0.134775398212729,0.134775398212729,41.406177099700294,1.0,,,41.406177099700294,41.406177099700294,
alphafold,SASDLH5,1,0,340.89357938810815,339.9949588157173,34.20203154024145,34.20203154024145,0.0,0.04495943019450728,0.04495943019450728,340.89357938810815,1.0,,,340.89357938810815,340.89357938810815,
alphafold,SASDLH9,1,0,640.9253091512766,663.9364311280038,31.930280683063422,31.930280683063422,0.0,0.015480255798553048,0.015480255798553048,640.9253091512766,1.0,,,640.9253091512766,640.9253091512766,
alphafold,SASDLJ9,1,0,753.2223312306891,790.9190603506278,17.260799091024754,17.260799091024754,0.0,0.058322478581500074,0.058322478581500074,753.2223312306891,1.0,,,753.2223312306891,753.2223312306891,
alphafold,SASDLK9,1,0,115.55288840074233,252.45384915825835,43.595835287230145,43.595835287230145,0.0,0.05680451813228312,0.05680451813228312,115.55288840074233,1.0,,,115.55288840074233,115.55288840074233,
alphafold,SASDLM8,1,0,3.9537724633730114,4.289258492385165,24.790500303678094,24.790500303678094,0.0,0.05816390684683648,0.05816390684683648,3.9537724633730114,1.0,,,3.9537724633730114,3.9537724633730114,
alphafold,SASDLM9,1,0,13.755854770267812,13.879378920533732,20.67277727074937,20.67277727074937,0.0,0.02241610153892446,0.02241610153892446,13.755854770267812,1.0,,,13.755854770267812,13.755854770267812,
alphafold,SASDLQ3,1,0,0.7822871915527607,0.7796046453608098,17.323131471266382,17.323131471266382,0.0,0.027236147933295648,0.027236147933295648,0.7822871915527607,1.0,1.0,1.0,0.7822871915527607,0.7822871915527607,
alphafold,SASDLR9,1,0,1.523668414252607,1.5227391702223585,17.30562847797247,17.30562847797247,0.0,0.029700814159866886,0.029700814159866886,1.523668414252607,1.0,,1.0,1.523668414252607,1.523668414252607,
alphafold,SASDLS4,1,0,54.56734926369291,77.40971385107832,52.172517050520746,52.172517050520746,0.0,0.08028085765702914,0.08028085765702914,54.56734926369291,1.0,,,54.56734926369291,54.56734926369291,
alphafold,SASDLT4,1,0,11.62875980086932,43.91103912164946,51.59260292538671,51.59260292538671,0.0,0.08106239169472033,0.08106239169472033,11.62875980086932,1.0,,,11.62875980086932,11.62875980086932,
alphafold,SASDM43,1,0,6.68117874257959,7.3661281673669246,18.895608695155413,18.895608695155413,0.0,0.07865185067038301,0.07865185067038301,6.68117874257959,1.0,,,6.68117874257959,6.68117874257959,
alphafold,SASDM53,1,0,3.9247756907305806,5.79881595146618,20.731484025760597,20.731484025760597,0.0,0.05506720162266076,0.05506720162266076,3.9247756907305806,1.0,,,3.9247756907305806,3.9247756907305806,
alphafold,SASDM55,1,0,4.181510802809199,4.454918525802296,16.60996510004585,16.60996510004585,0.0,0.019960549458101322,0.019960549458101322,4.181510802809199,1.0,,,4.181510802809199,4.181510802809199,
alphafold,SASDM65,1,0,28.91742262704262,28.91791857977411,31.722758986222125,31.722758986222125,0.0,0.02379554407485974,0.02379554407485974,28.91742262704262,1.0,,,28.91742262704262,28.91742262704262,
alphafold,SASDM75,1,0,20.90639006955086,21.802004860490456,29.654354618094054,29.654354618094054,0.0,0.020425953898017463,0.020425953898017463,20.90639006955086,1.0,,,20.90639006955086,20.90639006955086,
alphafold,SASDM82,1,0,1.0498978394315626,1.0492420802288647,13.955532592845612,13.955532592845612,0.0,0.09977169882000277,0.09977169882000277,1.0498978394315626,1.0,,1.0,1.0498978394315626,1.0498978394315626,
alphafold,SASDM97,1,0,1.3723585419867177,1.4471053424149984,23.413421280515905,23.413421280515905,0.0,0.03413708707676737,0.03413708707676737,1.3723585419867177,1.0,,1.0,1.3723585419867177,1.3723585419867177,
alphafold,SASDMA5,1,0,1.0278206330514557,1.067719879839141,12.148085095327106,12.148085095327106,0.0,0.054686320167292614,0.054686320167292614,1.0278206330514557,1.0,,1.0,1.0278206330514557,1.0278206330514557,
alphafold,SASDMC9,1,0,12.763314052060323,13.330822668301858,27.917981989448073,27.917981989448073,0.0,0.03116162365341696,0.03116162365341696,12.763314052060323,1.0,,,12.763314052060323,12.763314052060323,
alphafold,SASDMQ2,1,0,1.4991496217790912,1.5016971604276086,57.32269840166639,57.32269840166639,0.0,0.03552361228040793,0.03552361228040793,1.4991496217790912,1.0,,1.0,1.4991496217790912,1.4991496217790912,
alphafold,SASDMQ3,1,0,1.3715119449648758,1.5133857624428415,32.092370688484785,32.092370688484785,0.0,0.047657473077678564,0.047657473077678564,1.3715119449648758,1.0,,1.0,1.3715119449648758,1.3715119449648758,
alphafold,SASDMQ9,1,0,31.70992273744236,31.97395663099415,35.275995040124855,35.275995040124855,0.0,0.025570711970080786,0.025570711970080786,31.70992273744236,1.0,,,31.70992273744236,31.70992273744236,
alphafold,SASDMR3,1,0,1.3704081649220483,1.3877586414617191,13.85428848602278,13.85428848602278,0.0,0.04388064842358985,0.04388064842358985,1.3704081649220483,1.0,,1.0,1.3704081649220483,1.3704081649220483,
alphafold,SASDMS3,1,0,1.2197122479406626,1.2871981063372617,24.453517927148,24.453517927148,0.0,0.025935348496647973,0.025935348496647973,1.2197122479406626,1.0,,1.0,1.2197122479406626,1.2197122479406626,
alphafold,SASDMS4,1,0,1.9321073585937183,1.9365101504748434,30.16622444495888,30.16622444495888,0.0,0.044990196763010463,0.044990196763010463,1.9321073585937183,1.0,,1.0,1.9321073585937183,1.9321073585937183,
alphafold,SASDMT5,1,0,11.380488764299063,18.7513756657297,32.704190537642425,32.704190537642425,0.0,0.06467691235359833,0.06467691235359833,11.380488764299063,1.0,,,11.380488764299063,11.380488764299063,
alphafold,SASDMT7,1,0,1.4104991864528111,1.4548043605088259,22.82784342341551,22.82784342341551,0.0,0.04990664182876892,0.04990664182876892,1.4104991864528111,1.0,,1.0,1.4104991864528111,1.4104991864528111,
alphafold,SASDMU6,1,0,1.1167656750770731,1.1145830903276874,19.490375384420343,19.490375384420343,0.0,0.046473582054268575,0.046473582054268575,1.1167656750770731,1.0,,1.0,1.1167656750770731,1.1167656750770731,
alphafold,SASDMV6,1,0,22.672613397759232,27.749388205375606,24.436096691072756,24.436096691072756,0.0,0.04386906366048843,0.04386906366048843,22.672613397759232,1.0,,,22.672613397759232,22.672613397759232,
alphafold,SASDMX9,1,0,6.009300413704058,7.624051036642847,20.492139268089858,20.492139268089858,0.0,0.02775100270009805,0.02775100270009805,6.009300413704058,1.0,,,6.009300413704058,6.009300413704058,
alphafold,SASDMY9,1,0,9.789584925216323,10.728228904495536,21.730556450839963,21.730556450839963,0.0,0.032915020225512175,0.032915020225512175,9.789584925216323,1.0,,,9.789584925216323,9.789584925216323,
alphafold,SASDN65,1,0,1.5281238774454047,1.562327128311478,18.563714752528583,18.563714752528583,0.0,0.015272141225770607,0.015272141225770607,1.5281238774454047,1.0,,1.0,1.5281238774454047,1.5281238774454047,
alphafold,SASDN68,1,0,1.4654655649629074,1.4714532226270725,21.141021116431038,21.141021116431038,0.0,0.022235020872126948,0.022235020872126948,1.4654655649629074,1.0,,1.0,1.4654655649629074,1.4654655649629074,
alphafold,SASDN73,1,0,1.3241830928138887,1.3231314723736418,22.295871899615477,22.295871899615477,0.0,0.02449893199705503,0.02449893199705503,1.3241830928138887,1.0,,1.0,1.3241830928138887,1.3241830928138887,
alphafold,SASDNB2,1,0,5.245609705135766,5.6651601140107735,14.545521002338742,14.545521002338742,0.0,0.06070848275813629,0.06070848275813629,5.245609705135766,1.0,,,5.245609705135766,5.245609705135766,
alphafold,SASDNB7,1,0,1.033009629632989,1.0411213694586843,22.340617362085617,22.340617362085617,0.0,0.05808608510472792,0.05808608510472792,1.033009629632989,1.0,,1.0,1.033009629632989,1.033009629632989,
alphafold,SASDNB8,1,0,7.7142277956350505,9.690089511185507,30.043711021021387,30.043711021021387,0.0,0.06420911388629619,0.06420911388629619,7.7142277956350505,1.0,,,7.7142277956350505,7.7142277956350505,
alphafold,SASDNC7,1,0,12.508208908389957,13.056132204082342,27.49420019285453,27.49420019285453,0.0,0.04153118125690354,0.04153118125690354,12.508208908389957,1.0,,,12.508208908389957,12.508208908389957,
alphafold,SASDND2,1,0,3.728116038118451,3.799179774442455,13.553269228562957,13.553269228562957,0.0,0.013011599195332567,0.013011599195332567,3.728116038118451,1.0,,,3.728116038118451,3.728116038118451,
alphafold,SASDNG9,1,0,109.77246941339205,109.437540303288,21.88361007098418,21.88361007098418,0.0,0.02869866206679566,0.02869866206679566,109.77246941339205,1.0,,,109.77246941339205,109.77246941339205,
alphafold,SASDNK8,1,0,1.9999257562145123,2.016981630217381,26.31094769918034,26.31094769918034,0.0,0.10620244856865359,0.10620244856865359,1.9999257562145123,1.0,,1.0,1.9999257562145123,1.9999257562145123,
alphafold,SASDNL5,1,0,1.9240266818980778,2.073068641629223,25.158789956018715,25.158789956018715,0.0,0.03031123871722412,0.03031123871722412,1.9240266818980778,1.0,,1.0,1.9240266818980778,1.9240266818980778,
alphafold,SASDNL8,1,0,1.0934314629534239,1.0951881855408134,31.442544754601933,31.442544754601933,0.0,0.08358174376798362,0.08358174376798362,1.0934314629534239,1.0,,1.0,1.0934314629534239,1.0934314629534239,
alphafold,SASDNM3,1,0,2.8713815740972315,3.027016806254195,27.24973937765483,27.24973937765483,0.0,0.0147850090402048,0.0147850090402048,2.8713815740972315,1.0,,,2.8713815740972315,2.8713815740972315,
alphafold,SASDNM8,1,0,1.0560804649586384,1.0597387362684618,14.966681543393628,14.966681543393628,0.0,0.05197147646407352,0.05197147646407352,1.0560804649586384,1.0,,1.0,1.0560804649586384,1.0560804649586384,
alphafold,SASDNM9,1,0,4.508361695088818,5.299941043143257,20.45783631198418,20.45783631198418,0.0,0.021840182535229524,0.021840182535229524,4.508361695088818,1.0,,,4.508361695088818,4.508361695088818,
alphafold,SASDNQ9,1,0,6.90506132811947,6.902963231718159,27.416095811655225,27.416095811655225,0.0,0.025604631231336585,0.025604631231336585,6.90506132811947,1.0,,,6.90506132811947,6.90506132811947,
alphafold,SASDNS3,1,0,60.45682367706618,64.93913811059228,35.277849645749285,35.277849645749285,0.0,0.04547323762130062,0.04547323762130062,60.45682367706618,1.0,,,60.45682367706618,60.45682367706618,
alphafold,SASDNS9,1,0,2.936193068460885,3.0190518715587613,27.46804733041551,27.46804733041551,0.0,0.0399820741008165,0.0399820741008165,2.936193068460885,1.0,,,2.936193068460885,2.936193068460885,
alphafold,SASDNU3,1,0,1.1272882464033067,1.1229751392485536,37.791805081931734,37.791805081931734,0.0,0.03032588570906244,0.03032588570906244,1.1272882464033067,1.0,,1.0,1.1272882464033067,1.1272882464033067,
alphafold,SASDNW2,1,0,114.92869841702623,133.07414055102035,31.915721030139224,31.915721030139224,0.0,0.1045591726556394,0.1045591726556394,114.92869841702623,1.0,,,114.92869841702623,114.92869841702623,
alphafold,SASDNW9,1,0,0.9937134600997269,1.007425720695248,22.796821060207655,22.796821060207655,0.0,0.03411401538369145,0.03411401538369145,0.9937134600997269,1.0,1.0,1.0,0.9937134600997269,0.9937134600997269,
alphafold,SASDNY9,1,0,1.965160453851952,2.222407754209136,21.72270817089908,21.72270817089908,0.0,0.07777561599222806,0.07777561599222806,1.965160453851952,1.0,,1.0,1.965160453851952,1.965160453851952,
alphafold,SASDP28,1,0,7.180386141552499,7.562895795054057,25.57394657073892,25.57394657073892,0.0,0.06310137778179471,0.06310137778179471,7.180386141552499,1.0,,,7.180386141552499,7.180386141552499,
alphafold,SASDP35,1,0,1.1056509075923129,1.3300103710290407,15.489093277015794,15.489093277015794,0.0,0.02180848987142333,0.02180848987142333,1.1056509075923129,1.0,,1.0,1.1056509075923129,1.1056509075923129,
alphafold,SASDP64,1,0,0.9733086381401913,0.9729373587603338,20.495144675239256,20.495144675239256,0.0,0.08095157190570901,0.08095157190570901,0.9733086381401913,1.0,1.0,1.0,0.9733086381401913,0.9733086381401913,
alphafold,SASDP79,1,0,1.550505773171391,1.5722750884877121,52.364706633503005,52.364706633503005,0.0,0.04440062770079185,0.04440062770079185,1.550505773171391,1.0,,1.0,1.550505773171391,1.550505773171391,
alphafold,SASDP89,1,0,1.3693078682951394,1.4163015001354688,25.06450867936563,25.06450867936563,0.0,0.11983154582322265,0.11983154582322265,1.3693078682951394,1.0,,1.0,1.3693078682951394,1.3693078682951394,
alphafold,SASDP98,1,0,2.0769762145700232,2.581440527696666,19.267502805400436,19.267502805400436,0.0,0.045077277702647,0.045077277702647,2.0769762145700232,1.0,,,2.0769762145700232,2.0769762145700232,
alphafold,SASDPA8,1,0,84.1362021726636,97.43755174394744,19.734001650626695,19.734001650626695,0.0,0.04111448539381955,0.04111448539381955,84.1362021726636,1.0,,,84.1362021726636,84.1362021726636,
alphafold,SASDPB6,1,0,11.39734059924461,11.605546890218472,30.94220056475888,30.94220056475888,0.0,0.06690117228734922,0.06690117228734922,11.39734059924461,1.0,,,11.39734059924461,11.39734059924461,
alphafold,SASDPC7,1,0,1.0648954415198213,1.0620155029291614,23.032855427610933,23.032855427610933,0.0,0.03287911383674599,0.03287911383674599,1.0648954415198213,1.0,,1.0,1.0648954415198213,1.0648954415198213,
alphafold,SASDPD7,1,0,6.334479920639115,6.417243759128123,27.977697729956173,27.977697729956173,0.0,0.035043602586233895,0.035043602586233895,6.334479920639115,1.0,,,6.334479920639115,6.334479920639115,
alphafold,SASDPJ4,1,0,1.799342752131552,2.0502284641777817,25.065758775276496,25.065758775276496,0.0,0.02212903660570074,0.02212903660570074,1.799342752131552,1.0,,1.0,1.799342752131552,1.799342752131552,
alphafold,SASDPK4,1,0,13.480357235051555,13.533092319146537,28.221568735332244,28.221568735332244,0.0,0.09359977136311586,0.09359977136311586,13.480357235051555,1.0,,,13.480357235051555,13.480357235051555,
alphafold,SASDPL2,1,0,1.4015619945483675,1.6765121577348283,24.929681969857715,24.929681969857715,0.0,0.0343504847581162,0.0343504847581162,1.4015619945483675,1.0,,1.0,1.4015619945483675,1.4015619945483675,
alphafold,SASDPW6,1,0,3.500874985941526,3.660736772103298,15.162481784631334,15.162481784631334,0.0,0.018423893528949874,0.018423893528949874,3.500874985941526,1.0,,,3.500874985941526,3.500874985941526,
alphafold,SASDPW7,1,0,1.1275382161617604,1.170682165246773,22.607273846554058,22.607273846554058,0.0,0.0374306776755732,0.0374306776755732,1.1275382161617604,1.0,,1.0,1.1275382161617604,1.1275382161617604,
alphafold,SASDPY2,1,0,18.632650186620562,18.8857010394084,35.7919961127719,35.7919961127719,0.0,0.06619084439913221,0.06619084439913221,18.632650186620562,1.0,,,18.632650186620562,18.632650186620562,
alphafold,SASDQ26,1,0,84.52331678472852,84.9212021029041,38.269471392410516,38.269471392410516,0.0,0.04890967645599917,0.04890967645599917,84.52331678472852,1.0,,,84.52331678472852,84.52331678472852,
alphafold,SASDQ28,1,0,1.1037446461111466,1.1029147138865538,25.543866525865198,25.543866525865198,0.0,0.019749457176178674,0.019749457176178674,1.1037446461111466,1.0,,1.0,1.1037446461111466,1.1037446461111466,
alphafold,SASDQ46,1,0,64.15784112402666,108.22411687961699,45.837077725946635,45.837077725946635,0.0,0.05347900840399939,0.05347900840399939,64.15784112402666,1.0,,,64.15784112402666,64.15784112402666,
alphafold,SASDQ59,1,0,0.8633740605087905,0.8622694783468005,26.299795258786272,26.299795258786272,0.0,0.04311111036998125,0.04311111036998125,0.8633740605087905,1.0,1.0,1.0,0.8633740605087905,0.8633740605087905,
alphafold,SASDQ85,1,0,1.1182373167275144,1.2339941915903925,20.586543735774796,20.586543735774796,0.0,0.06545523511570778,0.06545523511570778,1.1182373167275144,1.0,,1.0,1.1182373167275144,1.1182373167275144,
alphafold,SASDQ97,1,0,9.737060546972975,11.91818707432824,26.242194650886038,26.242194650886038,0.0,0.0325036746457352,0.0325036746457352,9.737060546972975,1.0,,,9.737060546972975,9.737060546972975,
alphafold,SASDQ98,1,0,4.370195798797685,4.654916811023809,19.500800820768735,19.500800820768735,0.0,0.02760527329996613,0.02760527329996613,4.370195798797685,1.0,,,4.370195798797685,4.370195798797685,
alphafold,SASDQB5,1,0,1.8535456574841904,1.9133833657770907,24.788606121343385,24.788606121343385,0.0,0.07453987608568807,0.07453987608568807,1.8535456574841904,1.0,,1.0,1.8535456574841904,1.8535456574841904,
alphafold,SASDQC5,1,0,33.84224264497201,43.194274646034984,21.982329877670935,21.982329877670935,0.0,0.031833894812585674,0.031833894812585674,33.84224264497201,1.0,,,33.84224264497201,33.84224264497201,
alphafold,SASDQC9,1,0,3.5938643117312816,3.6816157006599526,25.9815294125789,25.9815294125789,0.0,0.05836724443146246,0.05836724443146246,3.5938643117312816,1.0,,,3.5938643117312816,3.5938643117312816,
alphafold,SASDQD9,1,0,3.192742784300494,3.2156180796850307,18.29978491334348,18.29978491334348,0.0,0.063470072787516,0.063470072787516,3.192742784300494,1.0,,,3.192742784300494,3.192742784300494,
alphafold,SASDQF5,1,0,5.84829282116834,9.90909510148584,37.970088649200996,37.970088649200996,0.0,0.11714986533842377,0.11714986533842377,5.84829282116834,1.0,,,5.84829282116834,5.84829282116834,
alphafold,SASDQF8,1,0,1.7983395992932287,2.0760812407011415,31.413110954571586,31.413110954571586,0.0,0.040810764367373596,0.040810764367373596,1.7983395992932287,1.0,,1.0,1.7983395992932287,1.7983395992932287,
alphafold,SASDQG6,1,0,1.3392320352477074,1.3443812189204964,41.59252553313922,41.59252553313922,0.0,0.027813450064948408,0.027813450064948408,1.3392320352477074,1.0,,1.0,1.3392320352477074,1.3392320352477074,
alphafold,SASDQJ8,1,0,3.607094666083774,3.640982405775721,27.92811109035548,27.92811109035548,0.0,0.03381095716008195,0.03381095716008195,3.607094666083774,1.0,,,3.607094666083774,3.607094666083774,
alphafold,SASDQK7,1,0,1.3214509783567323,1.329985438308841,43.52447371192426,43.52447371192426,0.0,0.08246673073107845,0.08246673073107845,1.3214509783567323,1.0,,1.0,1.3214509783567323,1.3214509783567323,
alphafold,SASDQN5,1,0,412.92563051641787,448.93433629311494,28.398537305862053,28.398537305862053,0.0,0.11779308968273315,0.11779308968273315,412.92563051641787,1.0,,,412.92563051641787,412.92563051641787,
alphafold,SASDQN6,1,0,8.156251664299047,9.13366544296704,16.804654134390454,16.804654134390454,0.0,0.029956267055123213,0.029956267055123213,8.156251664299047,1.0,,,8.156251664299047,8.156251664299047,
alphafold,SASDQN8,1,0,32.62278186186741,32.75084694827221,38.988930640642,38.988930640642,0.0,0.04385009526297375,0.04385009526297375,32.62278186186741,1.0,,,32.62278186186741,32.62278186186741,
alphafold,SASDQP4,1,0,1.5950326363409222,1.9468381380764161,31.206081840256925,31.206081840256925,0.0,0.0379453602837221,0.0379453602837221,1.5950326363409222,1.0,,1.0,1.5950326363409222,1.5950326363409222,
alphafold,SASDQU5,1,0,2.081665095177527,2.0971455858279,20.16681925933157,20.16681925933157,0.0,0.06137957966387019,0.06137957966387019,2.081665095177527,1.0,,,2.081665095177527,2.081665095177527,
alphafold,SASDR22,1,0,2.7558079639768316,2.7691283681729724,25.048317112963698,25.048317112963698,0.0,0.0373261160700007,0.0373261160700007,2.7558079639768316,1.0,,,2.7558079639768316,2.7558079639768316,
alphafold,SASDR25,1,0,2.699644444275393,2.71943169424809,18.575273098758,18.575273098758,0.0,0.06115538156183358,0.06115538156183358,2.699644444275393,1.0,,,2.699644444275393,2.699644444275393,
alphafold,SASDR33,1,0,1.0868783401001318,1.0990364775520667,15.920801773096517,15.920801773096517,0.0,0.04398842009825414,0.04398842009825414,1.0868783401001318,1.0,,1.0,1.0868783401001318,1.0868783401001318,
alphafold,SASDR36,1,0,2.127728364740518,2.4423852626789047,24.832372293093933,24.832372293093933,0.0,0.04366521878139371,0.04366521878139371,2.127728364740518,1.0,,,2.127728364740518,2.127728364740518,
alphafold,SASDRA6,1,0,72.58627531290165,73.45404734429415,29.08525912965591,29.08525912965591,0.0,0.06377002488148703,0.06377002488148703,72.58627531290165,1.0,,,72.58627531290165,72.58627531290165,
alphafold,SASDRD9,1,0,1.0995418195185156,1.0983352815771388,24.806294783873504,24.806294783873504,0.0,0.011316665277554445,0.011316665277554445,1.0995418195185156,1.0,,1.0,1.0995418195185156,1.0995418195185156,
alphafold,SASDRF8,1,0,165.45531810528973,165.41525000306157,37.43961675601178,37.43961675601178,0.0,0.08476941853734414,0.08476941853734414,165.45531810528973,1.0,,,165.45531810528973,165.45531810528973,
alphafold,SASDRG9,1,0,9.809443793264892,10.362352045641847,16.640070137201644,16.640070137201644,0.0,0.0631665759692661,0.0631665759692661,9.809443793264892,1.0,,,9.809443793264892,9.809443793264892,
alphafold,SASDRH2,1,0,1.1255002360392774,1.1586270607905262,23.428094658561584,23.428094658561584,0.0,0.05479518664204681,0.05479518664204681,1.1255002360392774,1.0,,1.0,1.1255002360392774,1.1255002360392774,
alphafold,SASDRH9,1,0,58.21262122237533,59.273775950495654,31.18056850055126,31.18056850055126,0.0,0.08702695794110632,0.08702695794110632,58.21262122237533,1.0,,,58.21262122237533,58.21262122237533,
alphafold,SASDRJ2,1,0,1.20023588471483,1.1996860391961703,37.29317274228131,37.29317274228131,0.0,0.05423803322716969,0.05423803322716969,1.20023588471483,1.0,,1.0,1.20023588471483,1.20023588471483,
alphafold,SASDRJ6,1,0,1.8642981385739896,1.9200877552930335,23.204477195295947,23.204477195295947,0.0,0.044488922066572456,0.044488922066572456,1.8642981385739896,1.0,,1.0,1.8642981385739896,1.8642981385739896,
alphafold,SASDRK5,1,0,2.534428611664175,2.7150947415317375,15.357709206301474,15.357709206301474,0.0,0.009599315896529046,0.009599315896529046,2.534428611664175,1.0,,,2.534428611664175,2.534428611664175,
alphafold,SASDRK7,1,0,1.362275419601093,1.428378866356884,32.632655673370195,32.632655673370195,0.0,0.025090869617819724,0.025090869617819724,1.362275419601093,1.0,,1.0,1.362275419601093,1.362275419601093,
alphafold,SASDRN5,1,0,29.115251393164165,29.53588661672987,33.22212860138565,33.22212860138565,0.0,0.04288569640842917,0.04288569640842917,29.115251393164165,1.0,,,29.115251393164165,29.115251393164165,
alphafold,SASDRQ5,1,0,14.484756224780227,14.551358791501684,15.009968909163796,15.009968909163796,0.0,0.06974400052958069,0.06974400052958069,14.484756224780227,1.0,,,14.484756224780227,14.484756224780227,
alphafold,SASDRQ7,1,0,2.433155122281797,2.6013688234843846,35.097704793185706,35.097704793185706,0.0,0.12228475260616624,0.12228475260616624,2.433155122281797,1.0,,,2.433155122281797,2.433155122281797,
alphafold,SASDRW6,1,0,36.540647003571294,37.08218750888271,24.88079500806977,24.88079500806977,0.0,0.03922161658444429,0.03922161658444429,36.540647003571294,1.0,,,36.540647003571294,36.540647003571294,
alphafold,SASDRW9,1,0,4.802858085989632,6.169072916181619,26.477030469318876,26.477030469318876,0.0,0.04466088127312813,0.04466088127312813,4.802858085989632,1.0,,,4.802858085989632,4.802858085989632,
alphafold,SASDRX9,1,0,23.591185567212875,43.765830626959996,40.226719874383306,40.226719874383306,0.0,0.07177989077215562,0.07177989077215562,23.591185567212875,1.0,,,23.591185567212875,23.591185567212875,
alphafold,SASDRZ9,1,0,0.9820828846279678,0.9855827244751659,14.215820202653472,14.215820202653472,0.0,0.09309731076857237,0.09309731076857237,0.9820828846279678,1.0,1.0,1.0,0.9820828846279678,0.9820828846279678,
alphafold,SASDS28,1,0,131.04567251760295,146.44985147453352,20.240071992517485,20.240071992517485,0.0,0.17942771701999652,0.17942771701999652,131.04567251760295,1.0,,,131.04567251760295,131.04567251760295,
alphafold,SASDS37,1,0,10.35519556971673,26.9168196535835,29.331874882838907,29.331874882838907,0.0,0.03776141718280646,0.03776141718280646,10.35519556971673,1.0,,,10.35519556971673,10.35519556971673,
alphafold,SASDS75,1,0,10.312713300596716,10.315988852069065,27.85259848986674,27.85259848986674,0.0,0.08372370845281986,0.08372370845281986,10.312713300596716,1.0,,,10.312713300596716,10.312713300596716,
alphafold,SASDS89,1,0,1.1957278976212775,1.195325993133638,15.228221432096104,15.228221432096104,0.0,0.07677719575619638,0.07677719575619638,1.1957278976212775,1.0,,1.0,1.1957278976212775,1.1957278976212775,
alphafold,SASDSB9,1,0,7.8513452366976475,8.076055810933559,21.06589211032432,21.06589211032432,0.0,0.011732940350000122,0.011732940350000122,7.8513452366976475,1.0,,,7.8513452366976475,7.8513452366976475,
alphafold,SASDSG5,1,0,84.80758762103544,84.75571736756288,31.961860016531094,31.961860016531094,0.0,0.060324129120105895,0.060324129120105895,84.80758762103544,1.0,,,84.80758762103544,84.80758762103544,
alphafold,SASDSG7,1,0,10.587651919071963,15.636891298312394,28.29925230885044,28.29925230885044,0.0,0.13286675715989055,0.13286675715989055,10.587651919071963,1.0,,,10.587651919071963,10.587651919071963,
alphafold,SASDSJ9,1,0,1.7038031894923258,1.7550100839070593,23.08403223952356,23.08403223952356,0.0,0.06854668681420654,0.06854668681420654,1.7038031894923258,1.0,,1.0,1.7038031894923258,1.7038031894923258,
alphafold,SASDSL2,1,0,1.2146444794199156,1.3383423335017908,20.20041785836363,20.20041785836363,0.0,0.08353972325113618,0.08353972325113618,1.2146444794199156,1.0,,1.0,1.2146444794199156,1.2146444794199156,
alphafold,SASDSN2,1,0,3.2978822098681206,3.3899005628083554,20.5708120250667,20.5708120250667,0.0,0.018777017173960936,0.018777017173960936,3.2978822098681206,1.0,,,3.2978822098681206,3.2978822098681206,
alphafold,SASDSP6,1,0,10.912934553815777,12.845757008326535,33.61554569969466,33.61554569969466,0.0,0.0756319004736554,0.0756319004736554,10.912934553815777,1.0,,,10.912934553815777,10.912934553815777,
alphafold,SASDSQ7,1,0,14.161828012220372,17.27854843134864,28.4519336604191,28.4519336604191,0.0,0.024938881579302196,0.024938881579302196,14.161828012220372,1.0,,,14.161828012220372,14.161828012220372,
alphafold,SASDSQ9,1,0,6.509058174014784,6.618976031986391,19.845835442341897,19.845835442341897,0.0,0.051593883780575486,0.051593883780575486,6.509058174014784,1.0,,,6.509058174014784,6.509058174014784,
alphafold,SASDSS6,1,0,13.238025610085106,15.608240104067455,35.947996908013494,35.947996908013494,0.0,0.07288637013129058,0.07288637013129058,13.238025610085106,1.0,,,13.238025610085106,13.238025610085106,
alphafold,SASDSU5,1,0,31.42782512593298,33.18863388063047,21.41987293518641,21.41987293518641,0.0,0.02980804547044336,0.02980804547044336,31.42782512593298,1.0,,,31.42782512593298,31.42782512593298,
alphafold,SASDSV2,1,0,35.59884984224701,36.95797978639495,14.916688681547969,14.916688681547969,0.0,0.031713996164102976,0.031713996164102976,35.59884984224701,1.0,,,35.59884984224701,35.59884984224701,
alphafold,SASDSV6,1,0,1.3646863476658464,1.3689873215847395,28.526269155634076,28.526269155634076,0.0,0.06992131411813825,0.06992131411813825,1.3646863476658464,1.0,,1.0,1.3646863476658464,1.3646863476658464,
alphafold,SASDSV9,1,0,2.1027451001189172,2.36811604740643,30.256301558264557,30.256301558264557,0.0,0.03743725103365314,0.03743725103365314,2.1027451001189172,1.0,,,2.1027451001189172,2.1027451001189172,
alphafold,SASDSX6,1,0,1.517777954192357,1.523443391072194,21.306040086073146,21.306040086073146,0.0,0.02702684711639059,0.02702684711639059,1.517777954192357,1.0,,1.0,1.517777954192357,1.517777954192357,
alphafold,SASDSZ8,1,0,9.16290572216782,13.230639577789423,20.069915438138953,20.069915438138953,0.0,0.04293689666249939,0.04293689666249939,9.16290572216782,1.0,,,9.16290572216782,9.16290572216782,
alphafold,SASDSZ9,1,0,26.623226692235882,32.38693375625496,25.041180784089704,25.041180784089704,0.0,0.06832975177479655,0.06832975177479655,26.623226692235882,1.0,,,26.623226692235882,26.623226692235882,
alphafold,SASDT25,1,0,1.2190185726712073,1.2162790956420142,25.622395156654868,25.622395156654868,0.0,0.08272048725356804,0.08272048725356804,1.2190185726712073,1.0,,1.0,1.2190185726712073,1.2190185726712073,
alphafold,SASDT45,1,0,40.8356178936194,58.220347235934554,29.799384160807236,29.799384160807236,0.0,0.14926898857678164,0.14926898857678164,40.8356178936194,1.0,,,40.8356178936194,40.8356178936194,
alphafold,SASDT75,1,0,19.23503335940194,20.072480648250934,29.032565765877138,29.032565765877138,0.0,0.06919690464163805,0.06919690464163805,19.23503335940194,1.0,,,19.23503335940194,19.23503335940194,
alphafold,SASDT85,1,0,53.9661427225897,56.654153510219004,31.56381053684591,31.56381053684591,0.0,0.0405922493949959,0.0405922493949959,53.9661427225897,1.0,,,53.9661427225897,53.9661427225897,
alphafold,SASDTA2,1,0,157.18112108384693,157.19019462559737,25.940753702858707,25.940753702858707,0.0,0.10576931357509906,0.10576931357509906,157.18112108384693,1.0,,,157.18112108384693,157.18112108384693,
alphafold,SASDTE2,1,0,18.81070758823864,18.858781296724167,54.784609094113335,54.784609094113335,0.0,0.019211050506993756,0.019211050506993756,18.81070758823864,1.0,,,18.81070758823864,18.81070758823864,
alphafold,SASDTH2,1,0,4.621093051092955,4.784596720144508,22.456210795517435,22.456210795517435,0.0,0.0273066850106056,0.0273066850106056,4.621093051092955,1.0,,,4.621093051092955,4.621093051092955,
alphafold,SASDTP5,1,0,330.374566621492,334.4156338099677,49.6104485227238,49.6104485227238,0.0,0.0652046235215702,0.0652046235215702,330.374566621492,1.0,,,330.374566621492,330.374566621492,
alphafold,SASDTQ2,1,0,4.919794756858975,5.047968896489344,19.100065111535017,19.100065111535017,0.0,0.009158399204229766,0.009158399204229766,4.919794756858975,1.0,,,4.919794756858975,4.919794756858975,
alphafold,SASDTQ5,1,0,1.3571367419475409,1.3574312450912729,27.704603039761015,27.704603039761015,0.0,0.04692289698128833,0.04692289698128833,1.3571367419475409,1.0,,1.0,1.3571367419475409,1.3571367419475409,
alphafold,SASDTR5,1,0,1.7781128874832766,2.101456432709404,33.04437248223057,33.04437248223057,0.0,0.12833446943585577,0.12833446943585577,1.7781128874832766,1.0,,1.0,1.7781128874832766,1.7781128874832766,
alphafold,SASDTS5,1,0,44.44207609431709,44.7792439868151,33.80887647850361,33.80887647850361,0.0,0.08940664722448144,0.08940664722448144,44.44207609431709,1.0,,,44.44207609431709,44.44207609431709,
alphafold,SASDTU2,1,0,3.234542401480634,5.533640563192333,30.087599873637213,30.087599873637213,0.0,0.023107318012951447,0.023107318012951447,3.234542401480634,1.0,,,3.234542401480634,3.234542401480634,
alphafold,SASDTU7,1,0,2.103665934341225,2.108195846684668,31.25084391033299,31.25084391033299,0.0,0.046239365847755676,0.046239365847755676,2.103665934341225,1.0,,,2.103665934341225,2.103665934341225,
alphafold,SASDTX8,1,0,1.1845450208140622,1.2173877684843288,15.435152206701833,15.435152206701833,0.0,0.04688471123019753,0.04688471123019753,1.1845450208140622,1.0,,1.0,1.1845450208140622,1.1845450208140622,
alphafold,SASDTY8,1,0,0.9989773286812985,0.9978277840074228,20.317928231199424,20.317928231199424,0.0,0.04019436032812664,0.04019436032812664,0.9989773286812985,1.0,1.0,1.0,0.9989773286812985,0.9989773286812985,
alphafold,SASDU37,1,0,38.9624284490714,40.07414178961688,25.907374516131004,25.907374516131004,0.0,0.05661477861712433,0.05661477861712433,38.9624284490714,1.0,,,38.9624284490714,38.9624284490714,
alphafold,SASDU52,1,0,4.14239899972125,5.1059840483860714,23.425623235248768,23.425623235248768,0.0,0.08056761481526836,0.08056761481526836,4.14239899972125,1.0,,,4.14239899972125,4.14239899972125,
alphafold,SASDU63,1,0,8.155389651440201,8.200294450767606,32.102959689086305,32.102959689086305,0.0,0.027038914452426736,0.027038914452426736,8.155389651440201,1.0,,,8.155389651440201,8.155389651440201,
alphafold,SASDU67,1,0,64.37166261731592,70.5017232240295,35.66745676665401,35.66745676665401,0.0,0.09576402997001114,0.09576402997001114,64.37166261731592,1.0,,,64.37166261731592,64.37166261731592,
alphafold,SASDU78,1,0,15.749962413476561,17.74170659061638,23.731103042375494,23.731103042375494,0.0,0.02293907001793774,0.02293907001793774,15.749962413476561,1.0,,,15.749962413476561,15.749962413476561,
alphafold,SASDUA2,1,0,91.02280783798781,91.44175509097882,25.962389777244027,25.962389777244027,0.0,0.0445484213522662,0.0445484213522662,91.02280783798781,1.0,,,91.02280783798781,91.02280783798781,
alphafold,SASDUG3,1,0,11.539160608703948,12.016298613127914,28.941885876613092,28.941885876613092,0.0,0.01859716655760838,0.01859716655760838,11.539160608703948,1.0,,,11.539160608703948,11.539160608703948,
alphafold,SASDUH4,1,0,1.4498656250317405,1.6544706853759847,18.82459031520989,18.82459031520989,0.0,0.06368585650072897,0.06368585650072897,1.4498656250317405,1.0,,1.0,1.4498656250317405,1.4498656250317405,
alphafold,SASDUK2,1,0,5.579703017598868,6.981594370230737,24.530078598424666,24.530078598424666,0.0,0.024830069475564966,0.024830069475564966,5.579703017598868,1.0,,,5.579703017598868,5.579703017598868,
alphafold,SASDUL2,1,0,4.638898725764686,4.9992828880673805,21.21621897214838,21.21621897214838,0.0,0.027523810101950173,0.027523810101950173,4.638898725764686,1.0,,,4.638898725764686,4.638898725764686,
alphafold,SASDUL9,1,0,50.18292666358076,51.73649916377778,24.465996149587436,24.465996149587436,0.0,0.03729126907511321,0.03729126907511321,50.18292666358076,1.0,,,50.18292666358076,50.18292666358076,
alphafold,SASDUR3,1,0,41.69216297729873,43.13487418772524,16.03577521144898,16.03577521144898,0.0,0.04974944645743864,0.04974944645743864,41.69216297729873,1.0,,,41.69216297729873,41.69216297729873,
alphafold,SASDUS9,1,0,50.461984641339804,51.280797208551135,36.756627072355926,36.756627072355926,0.0,0.12347595164155085,0.12347595164155085,50.461984641339804,1.0,,,50.461984641339804,50.461984641339804,
alphafold,SASDUV3,1,0,1.0832932245265656,1.34740761254296,34.144676269145485,34.144676269145485,0.0,0.023592253228708195,0.023592253228708195,1.0832932245265656,1.0,,1.0,1.0832932245265656,1.0832932245265656,
alphafold,SASDUW6,1,0,1.394254633351433,1.4038481937408784,25.425278503818273,25.425278503818273,0.0,0.02226994031425667,0.02226994031425667,1.394254633351433,1.0,,1.0,1.394254633351433,1.394254633351433,
alphafold,SASDUX6,1,0,1.1105788168564612,1.110672423983142,21.55089586518247,21.55089586518247,0.0,0.04181121792224936,0.04181121792224936,1.1105788168564612,1.0,,1.0,1.1105788168564612,1.1105788168564612,
alphafold,SASDV46,1,0,19.649277350006805,20.625195189366007,33.66541765087659,33.66541765087659,0.0,0.05853555547320062,0.05853555547320062,19.649277350006805,1.0,,,19.649277350006805,19.649277350006805,
alphafold,SASDV64,1,0,1.6804773915027411,2.466367794682485,19.790771851489943,19.790771851489943,0.0,0.042300826269257,0.042300826269257,1.6804773915027411,1.0,,1.0,1.6804773915027411,1.6804773915027411,
alphafold,SASDV74,1,0,2.3470028728004952,2.5510679592910313,13.45284618031755,13.45284618031755,0.0,0.04950428445597887,0.04950428445597887,2.3470028728004952,1.0,,,2.3470028728004952,2.3470028728004952,
alphafold,SASDVA8,1,0,2.6800519205332707,2.729325952884282,31.687218643982657,31.687218643982657,0.0,0.06311874417619472,0.06311874417619472,2.6800519205332707,1.0,,,2.6800519205332707,2.6800519205332707,
alphafold,SASDVK2,1,0,1.4065191975392208,1.430791716680621,17.557584810127636,17.557584810127636,0.0,0.05057418225282286,0.05057418225282286,1.4065191975392208,1.0,,1.0,1.4065191975392208,1.4065191975392208,
alphafold,SASDVL5,1,0,6.375795697506597,6.413044939348503,25.059372446604307,25.059372446604307,0.0,0.016520622209319758,0.016520622209319758,6.375795697506597,1.0,,,6.375795697506597,6.375795697506597,
alphafold,SASDVL7,1,0,8.813726595741338,9.006305627384412,18.029183394937746,18.029183394937746,0.0,0.030103894705613612,0.030103894705613612,8.813726595741338,1.0,,,8.813726595741338,8.813726595741338,
alphafold,SASDVN2,1,0,0.8623055863881527,0.8625082222973678,25.426926487624605,25.426926487624605,0.0,0.04525718481776724,0.04525718481776724,0.8623055863881527,1.0,1.0,1.0,0.8623055863881527,0.8623055863881527,
alphafold,SASDVQ7,1,0,9.189079548937693,9.241973378149158,37.8048789863074,37.8048789863074,0.0,0.07412458140523273,0.07412458140523273,9.189079548937693,1.0,,,9.189079548937693,9.189079548937693,
alphafold,SASDVR6,1,0,1.1279902784661373,1.1281321368095238,26.010852985438042,26.010852985438042,0.0,0.03239091482057165,0.03239091482057165,1.1279902784661373,1.0,,1.0,1.1279902784661373,1.1279902784661373,
alphafold,SASDVT4,1,0,2.7616235259971136,4.916283784808964,32.127847804313596,32.127847804313596,0.0,0.05689003059398751,0.05689003059398751,2.7616235259971136,1.0,,,2.7616235259971136,2.7616235259971136,
alphafold,SASDVT5,1,0,3.8969469072300904,4.745636104589592,26.088334698279404,26.088334698279404,0.0,0.028659730447774905,0.028659730447774905,3.8969469072300904,1.0,,,3.8969469072300904,3.8969469072300904,
alphafold,SASDVV6,1,0,3.2121604026072963,3.596051917742756,29.28152671456029,29.28152671456029,0.0,0.02449870231861823,0.02449870231861823,3.2121604026072963,1.0,,,3.2121604026072963,3.2121604026072963,
alphafold,SASDVX5,1,0,1.8528962034741858,1.8855983548454263,25.54837556630471,25.54837556630471,0.0,0.03171907301089344,0.03171907301089344,1.8528962034741858,1.0,,1.0,1.8528962034741858,1.8528962034741858,
alphafold,SASDVX6,1,0,4.060516585352114,4.219565212058361,21.64575939443645,21.64575939443645,0.0,0.048545172486868134,0.048545172486868134,4.060516585352114,1.0,,,4.060516585352114,4.060516585352114,
alphafold,SASDVZ8,1,0,2.4210167900635877,2.4522199363351036,16.942980517775943,16.942980517775943,0.0,0.012203040892360394,0.012203040892360394,2.4210167900635877,1.0,,,2.4210167900635877,2.4210167900635877,
alphafold,SASDWA3,1,0,34.187285345061014,38.70498025988788,22.059626763932425,22.059626763932425,0.0,0.056183789517835224,0.056183789517835224,34.187285345061014,1.0,,,34.187285345061014,34.187285345061014,
alphafold,SASDWG9,1,0,0.8990046291640913,0.8969383969410961,16.43630036768641,16.43630036768641,0.0,0.03913297048290152,0.03913297048290152,0.8990046291640913,1.0,1.0,1.0,0.8990046291640913,0.8990046291640913,
alphafold,SASDXK3,1,0,21.10900024598952,25.472654404789907,19.091810809589077,19.091810809589077,0.0,0.02798719115485778,0.02798719115485778,21.10900024598952,1.0,,,21.10900024598952,21.10900024598952,
esmfold,SASDA25,1,0,1.4860484377652232,1.494788400472719,18.61846911448339,18.61846911448339,0.0,0.015490903091389608,0.015490903091389608,1.4860484377652232,1.0,,1.0,1.4860484377652232,1.4860484377652232,
esmfold,SASDA37,1,0,2.411514734844556,2.4122421501103233,47.500370230088805,47.500370230088805,0.0,0.016419772289936723,0.016419772289936723,2.411514734844556,1.0,,,2.411514734844556,2.411514734844556,
esmfold,SASDA46,1,0,18.54928064816403,24.103727305358063,23.32692990516851,23.32692990516851,0.0,0.04135021516282885,0.04135021516282885,18.54928064816403,1.0,,,18.54928064816403,18.54928064816403,
esmfold,SASDA47,1,0,2.993322110541348,2.9972771463728627,75.42142371119893,75.42142371119893,0.0,0.013728480374979965,0.013728480374979965,2.993322110541348,1.0,,,2.993322110541348,2.993322110541348,
esmfold,SASDA57,1,0,1.9415123724460144,1.9535190807055636,88.81034070667417,88.81034070667417,0.0,0.014417766431609948,0.014417766431609948,1.9415123724460144,1.0,,1.0,1.9415123724460144,1.9415123724460144,
esmfold,SASDA96,1,0,0.9432597429869917,0.9430946340069513,15.159061061149002,15.159061061149002,0.0,0.03533297648486382,0.03533297648486382,0.9432597429869917,1.0,1.0,1.0,0.9432597429869917,0.9432597429869917,
esmfold,SASDAB4,1,0,7.1578016969333405,7.363743906410202,32.88034963359798,32.88034963359798,0.0,0.05955324988192562,0.05955324988192562,7.1578016969333405,1.0,,,7.1578016969333405,7.1578016969333405,
esmfold,SASDAB5,1,0,16.214767604923573,22.816056059800466,28.340145371659904,28.340145371659904,0.0,0.01582716403308184,0.01582716403308184,16.214767604923573,1.0,,,16.214767604923573,16.214767604923573,
esmfold,SASDAE6,1,0,9.486875935880764,10.539000403618918,24.739122445681275,24.739122445681275,0.0,0.018806146007307806,0.018806146007307806,9.486875935880764,1.0,,,9.486875935880764,9.486875935880764,
esmfold,SASDAG6,1,0,7.918632385820119,10.781380677918174,27.606928391062873,27.606928391062873,0.0,0.04412403419127401,0.04412403419127401,7.918632385820119,1.0,,,7.918632385820119,7.918632385820119,
esmfold,SASDAG8,1,0,24.43877629248841,25.15423148836254,20.64070450121126,20.64070450121126,0.0,0.008637630714767634,0.008637630714767634,24.43877629248841,1.0,,,24.43877629248841,24.43877629248841,
esmfold,SASDAH4,1,0,4.40192068748841,17.88367604719757,26.065078191221406,26.065078191221406,0.0,0.018232793446231525,0.018232793446231525,4.40192068748841,1.0,,,4.40192068748841,4.40192068748841,
esmfold,SASDAJ5,1,0,2.9952510807894805,3.3866052784695504,22.686909844913618,22.686909844913618,0.0,0.014067379558575054,0.014067379558575054,2.9952510807894805,1.0,,,2.9952510807894805,2.9952510807894805,
esmfold,SASDAK2,1,0,1.9061643762457652,1.9439962476226231,16.512861614438663,16.512861614438663,0.0,0.010831474704192072,0.010831474704192072,1.9061643762457652,1.0,,1.0,1.9061643762457652,1.9061643762457652,
esmfold,SASDAN2,1,0,9.239915688262979,10.927526888431261,18.280685875437538,18.280685875437538,0.0,0.012698529774536746,0.012698529774536746,9.239915688262979,1.0,,,9.239915688262979,9.239915688262979,
esmfold,SASDAQ2,1,0,1.084409113851075,1.0841912080624843,13.061781942666641,13.061781942666641,0.0,0.016118195891743643,0.016118195891743643,1.084409113851075,1.0,,1.0,1.084409113851075,1.084409113851075,
esmfold,SASDAR3,1,0,25.81666173995377,28.872424696806725,17.910466662852425,17.910466662852425,0.0,0.058882936062543495,0.058882936062543495,25.81666173995377,1.0,,,25.81666173995377,25.81666173995377,
esmfold,SASDAS6,1,0,5.864632565536197,9.826817323844246,36.26387427665258,36.26387427665258,0.0,0.013612661248179532,0.013612661248179532,5.864632565536197,1.0,,,5.864632565536197,5.864632565536197,
esmfold,SASDAT3,1,0,30.961153679815173,32.61212215931364,22.863905936731914,22.863905936731914,0.0,0.05132359450978597,0.05132359450978597,30.961153679815173,1.0,,,30.961153679815173,30.961153679815173,
esmfold,SASDAT4,1,0,43.938913784992145,57.09269537447914,23.789105419380686,23.789105419380686,0.0,0.03187403245937839,0.03187403245937839,43.938913784992145,1.0,,,43.938913784992145,43.938913784992145,
esmfold,SASDAW6,1,0,3.621645835405532,6.440189139634501,17.011315747215463,17.011315747215463,0.0,0.03517507292624673,0.03517507292624673,3.621645835405532,1.0,,,3.621645835405532,3.621645835405532,
esmfold,SASDAX6,1,0,2.2909335592552433,4.089361370474402,14.954804546636055,14.954804546636055,0.0,0.03115715603871409,0.03115715603871409,2.2909335592552433,1.0,,,2.2909335592552433,2.2909335592552433,
esmfold,SASDAY4,1,0,285.552482893036,284.87606842536627,31.64695080076401,31.64695080076401,0.0,0.029241001562498325,0.029241001562498325,285.552482893036,1.0,,,285.552482893036,285.552482893036,
esmfold,SASDAZ4,1,0,9.057624866585925,11.868323349495379,22.42934314988641,22.42934314988641,0.0,0.03929970327593273,0.03929970327593273,9.057624866585925,1.0,,,9.057624866585925,9.057624866585925,
esmfold,SASDB26,1,0,16.390711244483914,16.34792886796238,55.369430865691704,55.369430865691704,0.0,0.020243280675412787,0.020243280675412787,16.390711244483914,1.0,,,16.390711244483914,16.390711244483914,
esmfold,SASDB43,1,0,2.282480078414862,2.2821398095703915,29.62963264455829,29.62963264455829,0.0,0.01861365149612334,0.01861365149612334,2.282480078414862,1.0,,,2.282480078414862,2.282480078414862,
esmfold,SASDB53,1,0,178.42045181880286,235.01797245045069,38.682337615852255,38.682337615852255,0.0,0.017231434803563712,0.017231434803563712,178.42045181880286,1.0,,,178.42045181880286,178.42045181880286,
esmfold,SASDB64,1,0,3.923522988730556,3.9078254092855724,34.402001907394876,34.402001907394876,0.0,0.02323340961561136,0.02323340961561136,3.923522988730556,1.0,,,3.923522988730556,3.923522988730556,
esmfold,SASDB76,1,0,4.456370467891153,4.780085644408891,34.30962341737673,34.30962341737673,0.0,0.016312225652648425,0.016312225652648425,4.456370467891153,1.0,,,4.456370467891153,4.456370467891153,
esmfold,SASDB84,1,0,5.483909222857019,5.561183109580403,16.10043051021093,16.10043051021093,0.0,0.022300935252994473,0.022300935252994473,5.483909222857019,1.0,,,5.483909222857019,5.483909222857019,
esmfold,SASDB85,1,0,1.7039089905598206,1.7661330524770344,16.279433961983326,16.279433961983326,0.0,0.05202290843156859,0.05202290843156859,1.7039089905598206,1.0,,1.0,1.7039089905598206,1.7039089905598206,
esmfold,SASDB93,1,0,17.487666445868065,19.660385409784556,55.17057759362208,55.17057759362208,0.0,0.030406249013381903,0.030406249013381903,17.487666445868065,1.0,,,17.487666445868065,17.487666445868065,
esmfold,SASDBB3,1,0,6.77871066218226,7.023446556206828,21.23360840418632,21.23360840418632,0.0,0.005652188868237708,0.005652188868237708,6.77871066218226,1.0,,,6.77871066218226,6.77871066218226,
esmfold,SASDBB9,1,0,31.450266353284654,31.675778286312806,32.6646728876878,32.6646728876878,0.0,0.06049053459191947,0.06049053459191947,31.450266353284654,1.0,,,31.450266353284654,31.450266353284654,
esmfold,SASDBC7,1,0,1.7621436482916524,4.355828443590414,28.605453393677312,28.605453393677312,0.0,0.04624268357900783,0.04624268357900783,1.7621436482916524,1.0,,1.0,1.7621436482916524,1.7621436482916524,
esmfold,SASDBD4,1,0,4.7263029882606435,4.7222492638103555,41.630922478570106,41.630922478570106,0.0,0.014430805431033306,0.014430805431033306,4.7263029882606435,1.0,,,4.7263029882606435,4.7263029882606435,
esmfold,SASDBD9,1,0,1.7806815491167816,1.7803930706652178,23.74604504831423,23.74604504831423,0.0,0.020722121494332096,0.020722121494332096,1.7806815491167816,1.0,,1.0,1.7806815491167816,1.7806815491167816,
esmfold,SASDBG3,1,0,13.386064804814161,14.37062454191149,29.565994087149072,29.565994087149072,0.0,0.024162309876256734,0.024162309876256734,13.386064804814161,1.0,,,13.386064804814161,13.386064804814161,
esmfold,SASDBG6,1,0,2.5927233212536316,2.9382181639863707,26.693015652465743,26.693015652465743,0.0,0.03846905861813262,0.03846905861813262,2.5927233212536316,1.0,,,2.5927233212536316,2.5927233212536316,
esmfold,SASDBK6,1,0,14.524471881002407,14.500450892354923,17.329504983410082,17.329504983410082,0.0,0.041982668560511055,0.041982668560511055,14.524471881002407,1.0,,,14.524471881002407,14.524471881002407,
esmfold,SASDBM9,1,0,1.3827275475840572,1.3800160323016204,19.132428886140506,19.132428886140506,0.0,0.07097256313380498,0.07097256313380498,1.3827275475840572,1.0,,1.0,1.3827275475840572,1.3827275475840572,
esmfold,SASDBN2,1,0,3.812770407585859,4.037323883124593,18.596993734016806,18.596993734016806,0.0,0.021607604717052517,0.021607604717052517,3.812770407585859,1.0,,,3.812770407585859,3.812770407585859,
esmfold,SASDBN3,1,0,4.9826136097827805,17.178434123166674,30.778797209512625,30.778797209512625,0.0,0.007741019252361531,0.007741019252361531,4.9826136097827805,1.0,,,4.9826136097827805,4.9826136097827805,
esmfold,SASDBP2,1,0,24.820295742152943,25.160618811897386,21.134771315226555,21.134771315226555,0.0,0.057373081052185956,0.057373081052185956,24.820295742152943,1.0,,,24.820295742152943,24.820295742152943,
esmfold,SASDBP4,1,0,3.598998212981124,3.6149447365097678,21.119330095336366,21.119330095336366,0.0,0.03350237611772095,0.03350237611772095,3.598998212981124,1.0,,,3.598998212981124,3.598998212981124,
esmfold,SASDBP9,1,0,5.746539814216942,5.761370592543985,40.24837360042776,40.24837360042776,0.0,0.05563568971839921,0.05563568971839921,5.746539814216942,1.0,,,5.746539814216942,5.746539814216942,
esmfold,SASDBQ3,1,0,16.009686904873572,17.894606664744455,19.297853124437626,19.297853124437626,0.0,0.07760899593760616,0.07760899593760616,16.009686904873572,1.0,,,16.009686904873572,16.009686904873572,
esmfold,SASDBR4,1,0,269.10031420561137,293.02318566291217,27.569668050117524,27.569668050117524,0.0,0.04262150811723323,0.04262150811723323,269.10031420561137,1.0,,,269.10031420561137,269.10031420561137,
esmfold,SASDBT2,1,0,2.799133431059094,5.484333482038326,17.67695513912732,17.67695513912732,0.0,0.020824653599244975,0.020824653599244975,2.799133431059094,1.0,,,2.799133431059094,2.799133431059094,
esmfold,SASDBU7,1,0,3.3435492902526307,3.3700264815976797,25.632197794529517,25.632197794529517,0.0,0.026463947625329155,0.026463947625329155,3.3435492902526307,1.0,,,3.3435492902526307,3.3435492902526307,
esmfold,SASDBV9,1,0,3.5602789381666455,3.5772194042887526,17.943783924937943,17.943783924937943,0.0,0.016280058920262904,0.016280058920262904,3.5602789381666455,1.0,,,3.5602789381666455,3.5602789381666455,
esmfold,SASDBW2,1,0,3.908143531299668,3.900347682326521,21.692458426127732,21.692458426127732,0.0,0.013368127320677447,0.013368127320677447,3.908143531299668,1.0,,,3.908143531299668,3.908143531299668,
esmfold,SASDBW3,1,0,1.1170840854554078,1.1177119643523397,23.62561744782245,23.62561744782245,0.0,0.04381792081225103,0.04381792081225103,1.1170840854554078,1.0,,1.0,1.1170840854554078,1.1170840854554078,
esmfold,SASDBW9,1,0,2.393041314839612,2.413428809561613,26.5467633380143,26.5467633380143,0.0,0.015619987504993481,0.015619987504993481,2.393041314839612,1.0,,,2.393041314839612,2.393041314839612,
esmfold,SASDBX2,1,0,2111.6883537700255,2519.7933229570926,25.696990764192645,25.696990764192645,0.0,0.08960915642809907,0.08960915642809907,2111.6883537700255,1.0,,,2111.6883537700255,2111.6883537700255,
esmfold,SASDBX9,1,0,20.337529216126036,30.084509907567515,18.37781117468703,18.37781117468703,0.0,0.0686043997344666,0.0686043997344666,20.337529216126036,1.0,,,20.337529216126036,20.337529216126036,
esmfold,SASDBY5,1,0,65.93803258823735,75.13536801374786,32.68978507192116,32.68978507192116,0.0,0.0666379721572356,0.0666379721572356,65.93803258823735,1.0,,,65.93803258823735,65.93803258823735,
esmfold,SASDBY9,1,0,5.362534595849883,5.513463934576026,28.9682175293322,28.9682175293322,0.0,0.01499736295589205,0.01499736295589205,5.362534595849883,1.0,,,5.362534595849883,5.362534595849883,
esmfold,SASDBZ6,1,0,7.078912149582665,7.781820411299155,30.683783850501108,30.683783850501108,0.0,0.11746809531347605,0.11746809531347605,7.078912149582665,1.0,,,7.078912149582665,7.078912149582665,
esmfold,SASDBZ9,1,0,13.441445940325961,16.4412815563288,48.00090790396925,48.00090790396925,0.0,0.013786632726261025,0.013786632726261025,13.441445940325961,1.0,,,13.441445940325961,13.441445940325961,
esmfold,SASDC23,1,0,4.67788200453675,5.52611564161275,26.486535240200205,26.486535240200205,0.0,0.0355063831016087,0.0355063831016087,4.67788200453675,1.0,,,4.67788200453675,4.67788200453675,
esmfold,SASDC26,1,0,74.92910420810679,77.99293264052075,27.129523417269162,27.129523417269162,0.0,0.01775133242891226,0.01775133242891226,74.92910420810679,1.0,,,74.92910420810679,74.92910420810679,
esmfold,SASDC35,1,0,48.024336355179074,48.91443945546397,36.829910773214074,36.829910773214074,0.0,0.021261011076066944,0.021261011076066944,48.024336355179074,1.0,,,48.024336355179074,48.024336355179074,
esmfold,SASDC36,1,0,1.082331397646614,1.081929659810776,21.34242729349239,21.34242729349239,0.0,0.029902099250064883,0.029902099250064883,1.082331397646614,1.0,,1.0,1.082331397646614,1.082331397646614,
esmfold,SASDC45,1,0,1.7203233134727063,2.041059269712714,29.016702703950518,29.016702703950518,0.0,0.030686379175473684,0.030686379175473684,1.7203233134727063,1.0,,1.0,1.7203233134727063,1.7203233134727063,
esmfold,SASDC46,1,0,1.0084553134635699,1.0102053773499593,20.327972352313672,20.327972352313672,0.0,0.025563905264218333,0.025563905264218333,1.0084553134635699,1.0,,1.0,1.0084553134635699,1.0084553134635699,
esmfold,SASDC53,1,0,138.60691545205708,165.33029638536496,17.924328833644566,17.924328833644566,0.0,0.10006160882474928,0.10006160882474928,138.60691545205708,1.0,,,138.60691545205708,138.60691545205708,
esmfold,SASDC55,1,0,4.800986585548591,5.167265912024696,19.813479309572063,19.813479309572063,0.0,0.06781283497400406,0.06781283497400406,4.800986585548591,1.0,,,4.800986585548591,4.800986585548591,
esmfold,SASDC62,1,0,8.608818442455654,8.638180537105429,28.55264141614161,28.55264141614161,0.0,0.05268088036672428,0.05268088036672428,8.608818442455654,1.0,,,8.608818442455654,8.608818442455654,
esmfold,SASDC65,1,0,6.740714544372056,7.31765919192304,30.55635200249217,30.55635200249217,0.0,0.06212697183802863,0.06212697183802863,6.740714544372056,1.0,,,6.740714544372056,6.740714544372056,
esmfold,SASDC88,1,0,1.3618578630452869,1.371613941638283,17.63140106651879,17.63140106651879,0.0,0.06769419527260456,0.06769419527260456,1.3618578630452869,1.0,,1.0,1.3618578630452869,1.3618578630452869,
esmfold,SASDCA6,1,0,6.136561030871743,6.280827228531923,14.008323794599997,14.008323794599997,0.0,0.03653745938963024,0.03653745938963024,6.136561030871743,1.0,,,6.136561030871743,6.136561030871743,
esmfold,SASDCD3,1,0,35.152486241169406,35.09138252078512,32.5380974142847,32.5380974142847,0.0,0.020992103528703687,0.020992103528703687,35.152486241169406,1.0,,,35.152486241169406,35.152486241169406,
esmfold,SASDCD6,1,0,3.782227862611151,4.009026336889593,25.69656759111607,25.69656759111607,0.0,0.025471460899150686,0.025471460899150686,3.782227862611151,1.0,,,3.782227862611151,3.782227862611151,
esmfold,SASDCG6,1,0,3.0434433067916573,3.114053028015987,17.47081625314454,17.47081625314454,0.0,0.023570723666098952,0.023570723666098952,3.0434433067916573,1.0,,,3.0434433067916573,3.0434433067916573,
esmfold,SASDCH7,1,0,1.6629654285382076,6.802394695286312,16.579481261667464,16.579481261667464,0.0,0.025577008357586424,0.025577008357586424,1.6629654285382076,1.0,,1.0,1.6629654285382076,1.6629654285382076,
esmfold,SASDCJ6,1,0,6.020557287395133,6.750797930965503,21.049757537276783,21.049757537276783,0.0,0.028264200921211124,0.028264200921211124,6.020557287395133,1.0,,,6.020557287395133,6.020557287395133,
esmfold,SASDCK3,1,0,4.0123414860342255,4.403111965591294,25.67862623821875,25.67862623821875,0.0,0.03629168775881971,0.03629168775881971,4.0123414860342255,1.0,,,4.0123414860342255,4.0123414860342255,
esmfold,SASDCK6,1,0,4.799182609859521,5.118341225427217,29.711366211146707,29.711366211146707,0.0,0.06204792830536981,0.06204792830536981,4.799182609859521,1.0,,,4.799182609859521,4.799182609859521,
esmfold,SASDCK7,1,0,10.108319598841815,11.91819383369109,26.556409516437313,26.556409516437313,0.0,0.023573589340238014,0.023573589340238014,10.108319598841815,1.0,,,10.108319598841815,10.108319598841815,
esmfold,SASDCK9,1,0,111.44785831323733,122.38717606792285,24.869736297657983,24.869736297657983,0.0,0.06298008680126307,0.06298008680126307,111.44785831323733,1.0,,,111.44785831323733,111.44785831323733,
esmfold,SASDCL2,1,0,6.6618620010604435,7.3010338312656184,22.098170809188282,22.098170809188282,0.0,0.044373179254669805,0.044373179254669805,6.6618620010604435,1.0,,,6.6618620010604435,6.6618620010604435,
esmfold,SASDCM6,1,0,1.520059915733621,1.5531913154650945,24.44186020603975,24.44186020603975,0.0,0.04775308770286373,0.04775308770286373,1.520059915733621,1.0,,1.0,1.520059915733621,1.520059915733621,
esmfold,SASDCN9,1,0,1.548981162869295,1.5494926959484938,26.39740494870847,26.39740494870847,0.0,0.02333730989748473,0.02333730989748473,1.548981162869295,1.0,,1.0,1.548981162869295,1.548981162869295,
esmfold,SASDCP5,1,0,6.750316516370543,7.120859269779371,19.828711090793202,19.828711090793202,0.0,0.024288402169255253,0.024288402169255253,6.750316516370543,1.0,,,6.750316516370543,6.750316516370543,
esmfold,SASDCP8,1,0,16.84111690057884,18.133363169533048,21.497548781592677,21.497548781592677,0.0,0.015156409994329264,0.015156409994329264,16.84111690057884,1.0,,,16.84111690057884,16.84111690057884,
esmfold,SASDCU2,1,0,40.95690416042627,43.80058262505553,31.428030063711113,31.428030063711113,0.0,0.06816072033922918,0.06816072033922918,40.95690416042627,1.0,,,40.95690416042627,40.95690416042627,
esmfold,SASDCU8,1,0,1.0276821377973886,1.0277503593727477,21.21088282431069,21.21088282431069,0.0,0.055818769500497654,0.055818769500497654,1.0276821377973886,1.0,,1.0,1.0276821377973886,1.0276821377973886,
esmfold,SASDCV7,1,0,55.85136562868185,99.8124373648504,33.33656640109107,33.33656640109107,0.0,0.0655856341349955,0.0655856341349955,55.85136562868185,1.0,,,55.85136562868185,55.85136562868185,
esmfold,SASDCY4,1,0,4972.998368206688,5342.517020146605,36.83332121126394,36.83332121126394,0.0,0.1012010922714051,0.1012010922714051,4972.998368206688,1.0,,,4972.998368206688,4972.998368206688,
esmfold,SASDCY9,1,0,8.334847560936009,8.358723550796322,20.11002421448182,20.11002421448182,0.0,0.056152171696872144,0.056152171696872144,8.334847560936009,1.0,,,8.334847560936009,8.334847560936009,
esmfold,SASDD32,1,0,5.982480444305292,9.122424298179409,25.62420965484029,25.62420965484029,0.0,0.03609958032381053,0.03609958032381053,5.982480444305292,1.0,,,5.982480444305292,5.982480444305292,
esmfold,SASDD43,1,0,2.281763335624858,2.5678377928884104,17.231459529832076,17.231459529832076,0.0,0.029233268858810155,0.029233268858810155,2.281763335624858,1.0,,,2.281763335624858,2.281763335624858,
esmfold,SASDD76,1,0,3.78753962393737,3.877889335382528,23.601728724264326,23.601728724264326,0.0,0.03609334027494812,0.03609334027494812,3.78753962393737,1.0,,,3.78753962393737,3.78753962393737,
esmfold,SASDD85,1,0,53.829077784279534,67.91956773415801,30.169657470080775,30.169657470080775,0.0,0.06493387129998796,0.06493387129998796,53.829077784279534,1.0,,,53.829077784279534,53.829077784279534,
esmfold,SASDD88,1,0,3.6173365178856227,5.644806810832893,14.058728669069255,14.058728669069255,0.0,0.08696326958998084,0.08696326958998084,3.6173365178856227,1.0,,,3.6173365178856227,3.6173365178856227,
esmfold,SASDD95,1,0,27.351547657204335,27.484507932411237,27.23447780765871,27.23447780765871,0.0,0.03587292910159031,0.03587292910159031,27.351547657204335,1.0,,,27.351547657204335,27.351547657204335,
esmfold,SASDDD8,1,0,35.399949417967875,37.93979014173177,20.924617011644685,20.924617011644685,0.0,0.06772180868794164,0.06772180868794164,35.399949417967875,1.0,,,35.399949417967875,35.399949417967875,
esmfold,SASDDD9,1,0,25.481218460042438,28.13284637330767,20.711031238723,20.711031238723,0.0,0.03879137915323099,0.03879137915323099,25.481218460042438,1.0,,,25.481218460042438,25.481218460042438,
esmfold,SASDDE3,1,0,124.06692753435823,135.28818017738195,16.284828628125734,16.284828628125734,0.0,0.07488859770371106,0.07488859770371106,124.06692753435823,1.0,,,124.06692753435823,124.06692753435823,
esmfold,SASDDE7,1,0,3.1915160673588505,3.748400250944132,20.90161201347134,20.90161201347134,0.0,0.04193940182895089,0.04193940182895089,3.1915160673588505,1.0,,,3.1915160673588505,3.1915160673588505,
esmfold,SASDDE8,1,0,3.804221886012247,4.109534213952108,21.638757068217362,21.638757068217362,0.0,0.018097649624848902,0.018097649624848902,3.804221886012247,1.0,,,3.804221886012247,3.804221886012247,
esmfold,SASDDF5,1,0,1.6503822853562327,1.6673559256350852,21.17428746784872,21.17428746784872,0.0,0.020427379601302764,0.020427379601302764,1.6503822853562327,1.0,,1.0,1.6503822853562327,1.6503822853562327,
esmfold,SASDDF6,1,0,459.6695056201034,543.8431603498914,31.143906063616143,31.143906063616143,0.0,0.09040849438949448,0.09040849438949448,459.6695056201034,1.0,,,459.6695056201034,459.6695056201034,
esmfold,SASDDH6,1,0,7.935430586785919,16.197348598002208,20.09773442615309,20.09773442615309,0.0,0.04851112053861399,0.04851112053861399,7.935430586785919,1.0,,,7.935430586785919,7.935430586785919,
esmfold,SASDDJ2,1,0,1.928352679435472,2.2079161339844715,12.892830260688182,12.892830260688182,0.0,0.010433455420620222,0.010433455420620222,1.928352679435472,1.0,,1.0,1.928352679435472,1.928352679435472,
esmfold,SASDDK7,1,0,10.113634178654337,10.112603704839238,22.896982843046178,22.896982843046178,0.0,0.04066009644441946,0.04066009644441946,10.113634178654337,1.0,,,10.113634178654337,10.113634178654337,
esmfold,SASDDL7,1,0,15.065472545938452,16.202916594666103,16.685119324197306,16.685119324197306,0.0,0.03493299792025494,0.03493299792025494,15.065472545938452,1.0,,,15.065472545938452,15.065472545938452,
esmfold,SASDDM6,1,0,16.081035025966717,17.42220594217194,22.585364655534708,22.585364655534708,0.0,0.024367731875293525,0.024367731875293525,16.081035025966717,1.0,,,16.081035025966717,16.081035025966717,
esmfold,SASDDR2,1,0,1.2457101105654313,1.4394377997383792,24.503510768444816,24.503510768444816,0.0,0.08053664030006479,0.08053664030006479,1.2457101105654313,1.0,,1.0,1.2457101105654313,1.2457101105654313,
esmfold,SASDDU2,1,0,1.3251822001419387,1.34417494277257,25.783255537920244,25.783255537920244,0.0,0.023950282890006957,0.023950282890006957,1.3251822001419387,1.0,,1.0,1.3251822001419387,1.3251822001419387,
esmfold,SASDDV2,1,0,1.2401140172831024,1.2409065283594223,22.966928138295344,22.966928138295344,0.0,0.04951927309773193,0.04951927309773193,1.2401140172831024,1.0,,1.0,1.2401140172831024,1.2401140172831024,
esmfold,SASDDX4,1,0,1.3440537479697072,1.3409843470659406,18.38910067354965,18.38910067354965,0.0,0.0402781274762936,0.0402781274762936,1.3440537479697072,1.0,,1.0,1.3440537479697072,1.3440537479697072,
esmfold,SASDE27,1,0,1.3647975311826253,1.366417448511194,17.707763944058104,17.707763944058104,0.0,0.03976430660093516,0.03976430660093516,1.3647975311826253,1.0,,1.0,1.3647975311826253,1.3647975311826253,
esmfold,SASDE34,1,0,1.1080694873019368,1.3470730357076655,15.644589289832423,15.644589289832423,0.0,0.05318684860607132,0.05318684860607132,1.1080694873019368,1.0,,1.0,1.1080694873019368,1.1080694873019368,
esmfold,SASDE48,1,0,6.0505112761540065,6.6427327509170695,14.199384849725485,14.199384849725485,0.0,0.031550651265766234,0.031550651265766234,6.0505112761540065,1.0,,,6.0505112761540065,6.0505112761540065,
esmfold,SASDE53,1,0,5.734354514450211,6.115881627573755,11.363159424037157,11.363159424037157,0.0,0.1697364725600043,0.1697364725600043,5.734354514450211,1.0,,,5.734354514450211,5.734354514450211,
esmfold,SASDE59,1,0,4.28070298183787,4.274369782213555,33.31477757479733,33.31477757479733,0.0,0.014900840429736658,0.014900840429736658,4.28070298183787,1.0,,,4.28070298183787,4.28070298183787,
esmfold,SASDE73,1,0,31.830488874307914,32.591716682254,13.117321440233008,13.117321440233008,0.0,0.15963607070756855,0.15963607070756855,31.830488874307914,1.0,,,31.830488874307914,31.830488874307914,
esmfold,SASDE79,1,0,39.4292907556811,43.21541803527436,34.194396039888275,34.194396039888275,0.0,0.026649114224558654,0.026649114224558654,39.4292907556811,1.0,,,39.4292907556811,39.4292907556811,
esmfold,SASDE93,1,0,47.447072896419705,52.86521073477748,15.391320136181648,15.391320136181648,0.0,0.09423880766416624,0.09423880766416624,47.447072896419705,1.0,,,47.447072896419705,47.447072896419705,
esmfold,SASDEA9,1,0,2.5366605199182097,2.5354624516930735,28.354697478511724,28.354697478511724,0.0,0.01868276889655007,0.01868276889655007,2.5366605199182097,1.0,,,2.5366605199182097,2.5366605199182097,
esmfold,SASDEB3,1,0,1.9175340309462392,1.917232495320957,28.949803951457653,28.949803951457653,0.0,0.01657905686104014,0.01657905686104014,1.9175340309462392,1.0,,1.0,1.9175340309462392,1.9175340309462392,
esmfold,SASDEC3,1,0,4.2510976647992464,16.73415491980901,30.37387239605229,30.37387239605229,0.0,0.03481556762081468,0.03481556762081468,4.2510976647992464,1.0,,,4.2510976647992464,4.2510976647992464,
esmfold,SASDEC6,1,0,3.7202453855741378,11.734900171542725,23.021777938485023,23.021777938485023,0.0,0.04804192062998952,0.04804192062998952,3.7202453855741378,1.0,,,3.7202453855741378,3.7202453855741378,
esmfold,SASDEC9,1,0,56.64198358523828,66.49026843627546,23.083071975812715,23.083071975812715,0.0,0.13181204831344978,0.13181204831344978,56.64198358523828,1.0,,,56.64198358523828,56.64198358523828,
esmfold,SASDED2,1,0,331.55412806220596,436.8479403188787,32.32560300562502,32.32560300562502,0.0,0.11040925387587008,0.11040925387587008,331.55412806220596,1.0,,,331.55412806220596,331.55412806220596,
esmfold,SASDED9,1,0,2.5568863771957946,2.5999253228695998,27.07376106359682,27.07376106359682,0.0,0.014317103303334295,0.014317103303334295,2.5568863771957946,1.0,,,2.5568863771957946,2.5568863771957946,
esmfold,SASDEE2,1,0,31.106116563474597,352.383937941799,24.153790109388954,24.153790109388954,0.0,0.044458479434044906,0.044458479434044906,31.106116563474597,1.0,,,31.106116563474597,31.106116563474597,
esmfold,SASDEE9,1,0,5.429376781478826,5.471558070665725,24.601390736309778,24.601390736309778,0.0,0.020657805135557296,0.020657805135557296,5.429376781478826,1.0,,,5.429376781478826,5.429376781478826,
esmfold,SASDEJ3,1,0,14.029645812563745,14.125102819536494,24.68245411159047,24.68245411159047,0.0,0.056897350762237925,0.056897350762237925,14.029645812563745,1.0,,,14.029645812563745,14.029645812563745,
esmfold,SASDEK2,1,0,2.20896389679198,2.21619316768009,17.607842631376332,17.607842631376332,0.0,0.06993268708140195,0.06993268708140195,2.20896389679198,1.0,,,2.20896389679198,2.20896389679198,
esmfold,SASDEK4,1,0,1.10891837429359,1.1261557440554524,17.10569166514206,17.10569166514206,0.0,0.0296124302125747,0.0296124302125747,1.10891837429359,1.0,,1.0,1.10891837429359,1.10891837429359,
esmfold,SASDEK7,1,0,2.285811300136066,2.4175895917670953,20.15519370209814,20.15519370209814,0.0,0.038716928430871315,0.038716928430871315,2.285811300136066,1.0,,,2.285811300136066,2.285811300136066,
esmfold,SASDEL4,1,0,5.480591318677086,6.213170299907828,29.481831146798253,29.481831146798253,0.0,0.07179195427448423,0.07179195427448423,5.480591318677086,1.0,,,5.480591318677086,5.480591318677086,
esmfold,SASDEL6,1,0,29.74827160126251,50.86098757111789,24.684621601707548,24.684621601707548,0.0,0.008873650598390287,0.008873650598390287,29.74827160126251,1.0,,,29.74827160126251,29.74827160126251,
esmfold,SASDEP2,1,0,1.0937449831274006,1.0930171116166658,25.78842158719922,25.78842158719922,0.0,0.09806220321758367,0.09806220321758367,1.0937449831274006,1.0,,1.0,1.0937449831274006,1.0937449831274006,
esmfold,SASDEQ7,1,0,4.298068643107516,4.380858330092644,21.565857533495706,21.565857533495706,0.0,0.009806898887924898,0.009806898887924898,4.298068643107516,1.0,,,4.298068643107516,4.298068643107516,
esmfold,SASDES5,1,0,1.5219903401690278,1.645561269829871,15.028485191060952,15.028485191060952,0.0,0.04932920286911914,0.04932920286911914,1.5219903401690278,1.0,,1.0,1.5219903401690278,1.5219903401690278,
esmfold,SASDET2,1,0,4.62009458356002,4.6350570236320525,27.538685050961917,27.538685050961917,0.0,0.02974100280726811,0.02974100280726811,4.62009458356002,1.0,,,4.62009458356002,4.62009458356002,
esmfold,SASDET5,1,0,109.50477223822338,113.74943514352974,22.86780365239951,22.86780365239951,0.0,0.030765573111872405,0.030765573111872405,109.50477223822338,1.0,,,109.50477223822338,109.50477223822338,
esmfold,SASDEW7,1,0,4.839375099090159,5.386244892884743,19.32394433441698,19.32394433441698,0.0,0.03745780803871938,0.03745780803871938,4.839375099090159,1.0,,,4.839375099090159,4.839375099090159,
esmfold,SASDEX2,1,0,3.658502562787894,3.995335729630934,25.908477730006595,25.908477730006595,0.0,0.08151723758128787,0.08151723758128787,3.658502562787894,1.0,,,3.658502562787894,3.658502562787894,
esmfold,SASDEX4,1,0,4.057382466976427,5.018306393035722,25.70031369342677,25.70031369342677,0.0,0.11460989935090556,0.11460989935090556,4.057382466976427,1.0,,,4.057382466976427,4.057382466976427,
esmfold,SASDEX6,1,0,11.999565565112595,18.4205668500015,24.59206935660527,24.59206935660527,0.0,0.04075844155249203,0.04075844155249203,11.999565565112595,1.0,,,11.999565565112595,11.999565565112595,
esmfold,SASDEY9,1,0,8.29467717898821,8.349557675707057,25.270961315261165,25.270961315261165,0.0,0.039876098224678004,0.039876098224678004,8.29467717898821,1.0,,,8.29467717898821,8.29467717898821,
esmfold,SASDEZ2,1,0,6.231384580167926,6.227036274708107,34.857925964985206,34.857925964985206,0.0,0.0355210235393841,0.0355210235393841,6.231384580167926,1.0,,,6.231384580167926,6.231384580167926,
esmfold,SASDF27,1,0,11.534629865075816,11.892481569885817,25.509203365359088,25.509203365359088,0.0,0.05475304833035217,0.05475304833035217,11.534629865075816,1.0,,,11.534629865075816,11.534629865075816,
esmfold,SASDF34,1,0,27.230201431628267,31.31896995407904,32.54586988342654,32.54586988342654,0.0,0.06622626639389793,0.06622626639389793,27.230201431628267,1.0,,,27.230201431628267,27.230201431628267,
esmfold,SASDF37,1,0,7.7786720102741445,14.489360036930522,16.944721639498187,16.944721639498187,0.0,0.03405743077675252,0.03405743077675252,7.7786720102741445,1.0,,,7.7786720102741445,7.7786720102741445,
esmfold,SASDF38,1,0,63.16777346836342,66.68631512373082,28.76904629864797,28.76904629864797,0.0,0.01526030760247291,0.01526030760247291,63.16777346836342,1.0,,,63.16777346836342,63.16777346836342,
esmfold,SASDF52,1,0,54.707566236133644,853.3542083349845,25.85200357910045,25.85200357910045,0.0,0.033600804080804764,0.033600804080804764,54.707566236133644,1.0,,,54.707566236133644,54.707566236133644,
esmfold,SASDF53,1,0,2.2796400014461273,2.5584387122075145,20.212594753737733,20.212594753737733,0.0,0.026303269736727013,0.026303269736727013,2.2796400014461273,1.0,,,2.2796400014461273,2.2796400014461273,
esmfold,SASDF65,1,0,3.4504145325773483,3.4566889678954698,31.759718590508328,31.759718590508328,0.0,0.01618576245102567,0.01618576245102567,3.4504145325773483,1.0,,,3.4504145325773483,3.4504145325773483,
esmfold,SASDFD3,1,0,1.0734709188033553,1.0780311272895144,26.913933372205786,26.913933372205786,0.0,0.006996514562338245,0.006996514562338245,1.0734709188033553,1.0,,1.0,1.0734709188033553,1.0734709188033553,
esmfold,SASDFG8,1,0,1.4516145739607635,1.4497653376529689,20.402396241553475,20.402396241553475,0.0,0.04080784921978342,0.04080784921978342,1.4516145739607635,1.0,,1.0,1.4516145739607635,1.4516145739607635,
esmfold,SASDFJ8,1,0,1.4365513185677379,2.925886013141369,20.189534526313537,20.189534526313537,0.0,0.023744711874022745,0.023744711874022745,1.4365513185677379,1.0,,1.0,1.4365513185677379,1.4365513185677379,
esmfold,SASDFK8,1,0,135.1349159289281,135.58272320126392,35.01478449440675,35.01478449440675,0.0,0.045659800891103705,0.045659800891103705,135.1349159289281,1.0,,,135.1349159289281,135.1349159289281,
esmfold,SASDFP4,1,0,1.0826087794430397,1.0930398116507938,26.211986466125985,26.211986466125985,0.0,0.05024133279340706,0.05024133279340706,1.0826087794430397,1.0,,1.0,1.0826087794430397,1.0826087794430397,
esmfold,SASDFP8,1,0,1.1094301835749971,1.1097872678661986,18.290362521243026,18.290362521243026,0.0,0.023018115512214898,0.023018115512214898,1.1094301835749971,1.0,,1.0,1.1094301835749971,1.1094301835749971,
esmfold,SASDFU7,1,0,1.1264956665092125,1.1254003769413252,29.198085890823688,29.198085890823688,0.0,0.03303132068031798,0.03303132068031798,1.1264956665092125,1.0,,1.0,1.1264956665092125,1.1264956665092125,
esmfold,SASDFY7,1,0,2.4932779021460205,2.5966063610233983,23.297099102908778,23.297099102908778,0.0,0.02491723826534342,0.02491723826534342,2.4932779021460205,1.0,,,2.4932779021460205,2.4932779021460205,
esmfold,SASDG45,1,0,13.059205401899055,13.944310001234086,15.748124479386512,15.748124479386512,0.0,0.02528084984327033,0.02528084984327033,13.059205401899055,1.0,,,13.059205401899055,13.059205401899055,
esmfold,SASDGA5,1,0,2.424023229256859,3.6381983441349766,20.807271133350593,20.807271133350593,0.0,0.04554196200805996,0.04554196200805996,2.424023229256859,1.0,,,2.424023229256859,2.424023229256859,
esmfold,SASDGB5,1,0,345.0981363867934,357.43580473722085,20.092230087961518,20.092230087961518,0.0,0.023834291602977772,0.023834291602977772,345.0981363867934,1.0,,,345.0981363867934,345.0981363867934,
esmfold,SASDGD2,1,0,1.238943308914167,1.4360268047727458,21.008631412923215,21.008631412923215,0.0,0.05542556483426138,0.05542556483426138,1.238943308914167,1.0,,1.0,1.238943308914167,1.238943308914167,
esmfold,SASDGD6,1,0,1.1321708712151402,1.204569976762045,20.47732449007114,20.47732449007114,0.0,0.057955647248523576,0.057955647248523576,1.1321708712151402,1.0,,1.0,1.1321708712151402,1.1321708712151402,
esmfold,SASDGG2,1,0,1.1733679518625815,1.1686269960072393,30.74061235591667,30.74061235591667,0.0,0.02551073166092311,0.02551073166092311,1.1733679518625815,1.0,,1.0,1.1733679518625815,1.1733679518625815,
esmfold,SASDGP5,1,0,8.841628144314619,8.889148105815751,27.65613479597518,27.65613479597518,0.0,0.05349328923346575,0.05349328923346575,8.841628144314619,1.0,,,8.841628144314619,8.841628144314619,
esmfold,SASDGQ9,1,0,2.147153973527444,2.158350965431212,24.116663300171655,24.116663300171655,0.0,0.028415559391693827,0.028415559391693827,2.147153973527444,1.0,,,2.147153973527444,2.147153973527444,
esmfold,SASDGR2,1,0,1.3841956881634803,1.3851299971014823,20.116761446386015,20.116761446386015,0.0,0.059976578941793826,0.059976578941793826,1.3841956881634803,1.0,,1.0,1.3841956881634803,1.3841956881634803,
esmfold,SASDGX4,1,0,1.8817543475313774,1.9623065859760516,26.37409543036652,26.37409543036652,0.0,0.046689413956239996,0.046689413956239996,1.8817543475313774,1.0,,1.0,1.8817543475313774,1.8817543475313774,
esmfold,SASDGZ5,1,0,21.896942776340225,25.260046488989644,27.265875982983054,27.265875982983054,0.0,0.03532809781916721,0.03532809781916721,21.896942776340225,1.0,,,21.896942776340225,21.896942776340225,
esmfold,SASDH24,1,0,24.739799087455513,25.737502871626543,16.852712545414835,16.852712545414835,0.0,0.03328466748793708,0.03328466748793708,24.739799087455513,1.0,,,24.739799087455513,24.739799087455513,
esmfold,SASDH25,1,0,1.3886754299676531,1.4060279389604384,23.910200788472327,23.910200788472327,0.0,0.027768720516522467,0.027768720516522467,1.3886754299676531,1.0,,1.0,1.3886754299676531,1.3886754299676531,
esmfold,SASDH33,1,0,27.705128460703474,30.670847934720026,27.80200347738215,27.80200347738215,0.0,0.03025635695627288,0.03025635695627288,27.705128460703474,1.0,,,27.705128460703474,27.705128460703474,
esmfold,SASDH34,1,0,11.834975991046095,19.25275263316449,28.053345975528813,28.053345975528813,0.0,0.0217925210523335,0.0217925210523335,11.834975991046095,1.0,,,11.834975991046095,11.834975991046095,
esmfold,SASDH64,1,0,1.1779327727264288,1.1784696920857913,13.466163009619912,13.466163009619912,0.0,0.0385431834510552,0.0385431834510552,1.1779327727264288,1.0,,1.0,1.1779327727264288,1.1779327727264288,
esmfold,SASDH65,1,0,10.276719171290186,10.807961987459946,27.131265272508895,27.131265272508895,0.0,0.0463423366043093,0.0463423366043093,10.276719171290186,1.0,,,10.276719171290186,10.276719171290186,
esmfold,SASDH69,1,0,1.2397387229250516,1.2717823034007087,25.033040344113157,25.033040344113157,0.0,0.021367914701070273,0.021367914701070273,1.2397387229250516,1.0,,1.0,1.2397387229250516,1.2397387229250516,
esmfold,SASDH84,1,0,9.886605118440569,9.930774869214545,18.475520176454246,18.475520176454246,0.0,0.038564911331870004,0.038564911331870004,9.886605118440569,1.0,,,9.886605118440569,9.886605118440569,
esmfold,SASDH95,1,0,15.842797427971451,18.100733968678405,24.986628774564657,24.986628774564657,0.0,0.06987808417466733,0.06987808417466733,15.842797427971451,1.0,,,15.842797427971451,15.842797427971451,
esmfold,SASDHC9,1,0,3.286599928393061,3.3002905235477225,31.36930849030943,31.36930849030943,0.0,0.02514228488743059,0.02514228488743059,3.286599928393061,1.0,,,3.286599928393061,3.286599928393061,
esmfold,SASDHD5,1,0,79.99360399557487,79.88850554388615,27.71303933859235,27.71303933859235,0.0,0.1500018596344032,0.1500018596344032,79.99360399557487,1.0,,,79.99360399557487,79.99360399557487,
esmfold,SASDHF8,1,0,21.249971336581424,21.96651714786218,16.647497113838135,16.647497113838135,0.0,0.029952176617778246,0.029952176617778246,21.249971336581424,1.0,,,21.249971336581424,21.249971336581424,
esmfold,SASDHG4,1,0,75.97794371387148,82.2002313894419,20.629833368827317,20.629833368827317,0.0,0.012742862938104246,0.012742862938104246,75.97794371387148,1.0,,,75.97794371387148,75.97794371387148,
esmfold,SASDHG9,1,0,1.3790481309049978,1.435636207178754,24.38861519704685,24.38861519704685,0.0,0.050263724809645034,0.050263724809645034,1.3790481309049978,1.0,,1.0,1.3790481309049978,1.3790481309049978,
esmfold,SASDHN7,1,0,1.8557982542882459,3.4244932448939434,14.640792501026855,14.640792501026855,0.0,0.061778726633508314,0.061778726633508314,1.8557982542882459,1.0,,1.0,1.8557982542882459,1.8557982542882459,
esmfold,SASDHP4,1,0,1.6097819586292288,1.6441156571706261,20.774730517450926,20.774730517450926,0.0,0.08108255974354202,0.08108255974354202,1.6097819586292288,1.0,,1.0,1.6097819586292288,1.6097819586292288,
esmfold,SASDHP7,1,0,1.6031960043140474,2.1368651172880146,18.968638328602033,18.968638328602033,0.0,0.03591947045473585,0.03591947045473585,1.6031960043140474,1.0,,1.0,1.6031960043140474,1.6031960043140474,
esmfold,SASDHS8,1,0,1.571379731969609,4.376038475371561,32.518723238278334,32.518723238278334,0.0,0.37938493952066105,0.37938493952066105,1.571379731969609,1.0,,1.0,1.571379731969609,1.571379731969609,
esmfold,SASDHT5,1,0,1.2395103123741722,1.2434600587166227,27.64223189620518,27.64223189620518,0.0,0.12786971121906568,0.12786971121906568,1.2395103123741722,1.0,,1.0,1.2395103123741722,1.2395103123741722,
esmfold,SASDHV4,1,0,2.292874930406819,2.3506932257471838,26.01279785487516,26.01279785487516,0.0,0.035734272093872185,0.035734272093872185,2.292874930406819,1.0,,,2.292874930406819,2.292874930406819,
esmfold,SASDHW9,1,0,17.460402016402238,18.381516102047257,32.83399069283126,32.83399069283126,0.0,0.07552982889005251,0.07552982889005251,17.460402016402238,1.0,,,17.460402016402238,17.460402016402238,
esmfold,SASDJ28,1,0,4.756003408571635,5.058017743043252,20.3517611399295,20.3517611399295,0.0,0.025217141284666206,0.025217141284666206,4.756003408571635,1.0,,,4.756003408571635,4.756003408571635,
esmfold,SASDJ29,1,0,8.080134538812686,8.452414145857338,23.114410951643702,23.114410951643702,0.0,0.03147821318797423,0.03147821318797423,8.080134538812686,1.0,,,8.080134538812686,8.080134538812686,
esmfold,SASDJ63,1,0,3.916353545696856,4.067798352352176,28.125637331822887,28.125637331822887,0.0,0.036911030146026785,0.036911030146026785,3.916353545696856,1.0,,,3.916353545696856,3.916353545696856,
esmfold,SASDJ83,1,0,1.788492416856605,2.7791016686408327,19.801338042690897,19.801338042690897,0.0,0.02701681847170451,0.02701681847170451,1.788492416856605,1.0,,1.0,1.788492416856605,1.788492416856605,
esmfold,SASDJ84,1,0,7.080258553394592,7.56161851431853,25.77184809380856,25.77184809380856,0.0,0.01252222126092252,0.01252222126092252,7.080258553394592,1.0,,,7.080258553394592,7.080258553394592,
esmfold,SASDJ86,1,0,5.431475367178256,6.466101250924336,29.805230204679432,29.805230204679432,0.0,0.07695081263153955,0.07695081263153955,5.431475367178256,1.0,,,5.431475367178256,5.431475367178256,
esmfold,SASDJ93,1,0,1.2977179374147076,1.2984247547873657,21.808492790164014,21.808492790164014,0.0,0.02333589950442573,0.02333589950442573,1.2977179374147076,1.0,,1.0,1.2977179374147076,1.2977179374147076,
esmfold,SASDJ94,1,0,5.480646242715421,5.574320748242862,19.87742513816562,19.87742513816562,0.0,0.015464795990506127,0.015464795990506127,5.480646242715421,1.0,,,5.480646242715421,5.480646242715421,
esmfold,SASDJA4,1,0,4.058478871154459,4.362567987076131,21.935983306893764,21.935983306893764,0.0,0.031694260709669284,0.031694260709669284,4.058478871154459,1.0,,,4.058478871154459,4.058478871154459,
esmfold,SASDJA5,1,0,11.593532437230564,11.765602367873727,20.473143423875413,20.473143423875413,0.0,0.027176737339568137,0.027176737339568137,11.593532437230564,1.0,,,11.593532437230564,11.593532437230564,
esmfold,SASDJB2,1,0,1.8358987544873724,1.9263459305202901,20.118886748905684,20.118886748905684,0.0,0.03178615640407206,0.03178615640407206,1.8358987544873724,1.0,,1.0,1.8358987544873724,1.8358987544873724,
esmfold,SASDJB9,1,0,1.025537047276481,1.0267914365698563,19.771004583424762,19.771004583424762,0.0,0.09472049011490152,0.09472049011490152,1.025537047276481,1.0,,1.0,1.025537047276481,1.025537047276481,
esmfold,SASDJC4,1,0,3.119455381140369,3.136949909274661,24.7427575004048,24.7427575004048,0.0,0.039099105820749755,0.039099105820749755,3.119455381140369,1.0,,,3.119455381140369,3.119455381140369,
esmfold,SASDJD6,1,0,71.63394447695275,81.4239742514643,32.2873712192847,32.2873712192847,0.0,0.023413048920338256,0.023413048920338256,71.63394447695275,1.0,,,71.63394447695275,71.63394447695275,
esmfold,SASDJE2,1,0,9.958244782043836,10.159533328007718,14.823356925023901,14.823356925023901,0.0,0.03287571878591004,0.03287571878591004,9.958244782043836,1.0,,,9.958244782043836,9.958244782043836,
esmfold,SASDJE4,1,0,1.673828439689768,1.9529005709091518,21.826585638282186,21.826585638282186,0.0,0.04690831238186919,0.04690831238186919,1.673828439689768,1.0,,1.0,1.673828439689768,1.673828439689768,
esmfold,SASDJF5,1,0,6.342013517479658,7.470653578022613,21.098236413413463,21.098236413413463,0.0,0.030571748751424415,0.030571748751424415,6.342013517479658,1.0,,,6.342013517479658,6.342013517479658,
esmfold,SASDJF6,1,0,10.828618633208507,10.873654303082919,26.014252512886113,26.014252512886113,0.0,0.04132518660622707,0.04132518660622707,10.828618633208507,1.0,,,10.828618633208507,10.828618633208507,
esmfold,SASDJG2,1,0,3.3991201717421893,3.5658963336690146,11.69810551652739,11.69810551652739,0.0,0.029546121137673083,0.029546121137673083,3.3991201717421893,1.0,,,3.3991201717421893,3.3991201717421893,
esmfold,SASDJG4,1,0,13.694595012210014,16.848605073361476,23.927927056662565,23.927927056662565,0.0,0.1035588334473129,0.1035588334473129,13.694595012210014,1.0,,,13.694595012210014,13.694595012210014,
esmfold,SASDJG6,1,0,39.07685206764937,42.68507537498727,17.03548958109403,17.03548958109403,0.0,0.13495135440258796,0.13495135440258796,39.07685206764937,1.0,,,39.07685206764937,39.07685206764937,
esmfold,SASDJH6,1,0,18.014465817490354,18.03188281514277,18.050131451270573,18.050131451270573,0.0,0.0321232902361244,0.0321232902361244,18.014465817490354,1.0,,,18.014465817490354,18.014465817490354,
esmfold,SASDJJ4,1,0,1.041144866927719,1.0409344078570786,17.807494392121818,17.807494392121818,0.0,0.062389852945802564,0.062389852945802564,1.041144866927719,1.0,,1.0,1.041144866927719,1.041144866927719,
esmfold,SASDJJ6,1,0,25.86262492963035,29.896276226356044,27.920783555369898,27.920783555369898,0.0,0.07086669643009884,0.07086669643009884,25.86262492963035,1.0,,,25.86262492963035,25.86262492963035,
esmfold,SASDJK6,1,0,250.68495592535646,395.006527334988,27.865021342057922,27.865021342057922,0.0,0.07358184135836494,0.07358184135836494,250.68495592535646,1.0,,,250.68495592535646,250.68495592535646,
esmfold,SASDJL9,1,0,3.359187798188027,3.766295857590377,14.086750969680686,14.086750969680686,0.0,0.03300928114199965,0.03300928114199965,3.359187798188027,1.0,,,3.359187798188027,3.359187798188027,
esmfold,SASDJM2,1,0,44.953441108839975,45.0559521662262,39.121690490564355,39.121690490564355,0.0,0.022257931149944208,0.022257931149944208,44.953441108839975,1.0,,,44.953441108839975,44.953441108839975,
esmfold,SASDJM5,1,0,30.785117784613863,30.953366681293097,34.72030725602865,34.72030725602865,0.0,0.049401355422783344,0.049401355422783344,30.785117784613863,1.0,,,30.785117784613863,30.785117784613863,
esmfold,SASDJN5,1,0,11.628053114409944,14.957104005369315,28.44837758058018,28.44837758058018,0.0,0.04317970386538719,0.04317970386538719,11.628053114409944,1.0,,,11.628053114409944,11.628053114409944,
esmfold,SASDJP5,1,0,1.085352999914039,1.0859259827499181,28.688168801839577,28.688168801839577,0.0,0.03707343970346457,0.03707343970346457,1.085352999914039,1.0,,1.0,1.085352999914039,1.085352999914039,
esmfold,SASDJR3,1,0,1.1638183268554876,1.1847691589053297,22.81651781513092,22.81651781513092,0.0,0.07936058471464799,0.07936058471464799,1.1638183268554876,1.0,,1.0,1.1638183268554876,1.1638183268554876,
esmfold,SASDJT3,1,0,4.544397591265665,4.5714279137264375,31.485176019833737,31.485176019833737,0.0,0.022812694797429374,0.022812694797429374,4.544397591265665,1.0,,,4.544397591265665,4.544397591265665,
esmfold,SASDJT7,1,0,291.1700065149537,291.5014118511081,40.88835256604227,40.88835256604227,0.0,0.07901478527367295,0.07901478527367295,291.1700065149537,1.0,,,291.1700065149537,291.1700065149537,
esmfold,SASDJV9,1,0,1.9191070298055077,1.949662222877864,22.047082392713047,22.047082392713047,0.0,0.020058881985260974,0.020058881985260974,1.9191070298055077,1.0,,1.0,1.9191070298055077,1.9191070298055077,
esmfold,SASDJX3,1,0,8.632511590343332,8.624495573281797,26.701413393869185,26.701413393869185,0.0,0.03024031203952298,0.03024031203952298,8.632511590343332,1.0,,,8.632511590343332,8.632511590343332,
esmfold,SASDJX7,1,0,8.801173799967472,9.331890730638715,25.36729427869041,25.36729427869041,0.0,0.010809473290780833,0.010809473290780833,8.801173799967472,1.0,,,8.801173799967472,8.801173799967472,
esmfold,SASDJY2,1,0,3.6733385396120823,8.364658874229741,18.284386888511996,18.284386888511996,0.0,0.019522687278870247,0.019522687278870247,3.6733385396120823,1.0,,,3.6733385396120823,3.6733385396120823,
esmfold,SASDJZ6,1,0,4.441778030156987,6.313356013581112,24.72571299198408,24.72571299198408,0.0,0.022485978280839595,0.022485978280839595,4.441778030156987,1.0,,,4.441778030156987,4.441778030156987,
esmfold,SASDK42,1,0,16.241476207771427,18.074593656394214,27.577855732436824,27.577855732436824,0.0,0.025518902046379983,0.025518902046379983,16.241476207771427,1.0,,,16.241476207771427,16.241476207771427,
esmfold,SASDK52,1,0,1.378721837875243,1.3900560960010806,23.8116866666139,23.8116866666139,0.0,0.10915926653924847,0.10915926653924847,1.378721837875243,1.0,,1.0,1.378721837875243,1.378721837875243,
esmfold,SASDK56,1,0,1.3587413941672353,1.3827683410145655,20.493538348516996,20.493538348516996,0.0,0.0768552684907078,0.0768552684907078,1.3587413941672353,1.0,,1.0,1.3587413941672353,1.3587413941672353,
esmfold,SASDK68,1,0,62.323329571901716,88.3562778074263,27.079298260043192,27.079298260043192,0.0,0.07318706189615104,0.07318706189615104,62.323329571901716,1.0,,,62.323329571901716,62.323329571901716,
esmfold,SASDK76,1,0,1.0570393405632907,1.2374135958150456,22.024751262480468,22.024751262480468,0.0,0.06245269188361715,0.06245269188361715,1.0570393405632907,1.0,,1.0,1.0570393405632907,1.0570393405632907,
esmfold,SASDK92,1,0,65.24803312731096,619.077830698578,26.945773034175378,26.945773034175378,0.0,0.021082869822263272,0.021082869822263272,65.24803312731096,1.0,,,65.24803312731096,65.24803312731096,
esmfold,SASDKD6,1,0,26.64676463232852,26.676630509157906,22.498758082314925,22.498758082314925,0.0,0.054490442715805304,0.054490442715805304,26.64676463232852,1.0,,,26.64676463232852,26.64676463232852,
esmfold,SASDKH8,1,0,56.823337091325044,77.9022424472542,24.10980402696653,24.10980402696653,0.0,0.05307586936969499,0.05307586936969499,56.823337091325044,1.0,,,56.823337091325044,56.823337091325044,
esmfold,SASDKK2,1,0,89.71864678373642,112.54968964297647,27.140935431691585,27.140935431691585,0.0,0.05051806102915123,0.05051806102915123,89.71864678373642,1.0,,,89.71864678373642,89.71864678373642,
esmfold,SASDKK9,1,0,16.857424063528608,17.56052536220474,23.232236003746902,23.232236003746902,0.0,0.04631736338864596,0.04631736338864596,16.857424063528608,1.0,,,16.857424063528608,16.857424063528608,
esmfold,SASDKQ3,1,0,42.544113706273386,43.2437828934756,33.361074242613604,33.361074242613604,0.0,0.022071717868469544,0.022071717868469544,42.544113706273386,1.0,,,42.544113706273386,42.544113706273386,
esmfold,SASDKQ4,1,0,84.6273830454255,100.71440083838532,19.817131988280178,19.817131988280178,0.0,0.20055025080692748,0.20055025080692748,84.6273830454255,1.0,,,84.6273830454255,84.6273830454255,
esmfold,SASDKU8,1,0,30.412346747156715,38.43633186215526,18.286438542199758,18.286438542199758,0.0,0.056820588571359756,0.056820588571359756,30.412346747156715,1.0,,,30.412346747156715,30.412346747156715,
esmfold,SASDKV7,1,0,1.0421209334005321,1.083437308708259,24.629267613231256,24.629267613231256,0.0,0.08068292890875671,0.08068292890875671,1.0421209334005321,1.0,,1.0,1.0421209334005321,1.0421209334005321,
esmfold,SASDKW7,1,0,1.0911300493685159,1.2074454573408855,20.69087549289164,20.69087549289164,0.0,0.042948630372943254,0.042948630372943254,1.0911300493685159,1.0,,1.0,1.0911300493685159,1.0911300493685159,
esmfold,SASDKX6,1,0,5.8556498175958,6.650366219240016,27.125827029509296,27.125827029509296,0.0,0.07042583619454694,0.07042583619454694,5.8556498175958,1.0,,,5.8556498175958,5.8556498175958,
esmfold,SASDL26,1,0,3.004070457480254,2.9978472713317053,27.558708729392258,27.558708729392258,0.0,0.047980297961530284,0.047980297961530284,3.004070457480254,1.0,,,3.004070457480254,3.004070457480254,
esmfold,SASDL49,1,0,2.3291104758468575,2.3549460012440604,47.702684008847,47.702684008847,0.0,0.008830388917581517,0.008830388917581517,2.3291104758468575,1.0,,,2.3291104758468575,2.3291104758468575,
esmfold,SASDL62,1,0,3.5019627082260056,3.720332174131421,22.070610884051487,22.070610884051487,0.0,0.02219339582723352,0.02219339582723352,3.5019627082260056,1.0,,,3.5019627082260056,3.5019627082260056,
esmfold,SASDLA5,1,0,1.4473179503127023,1.475544129799514,14.953936785137607,14.953936785137607,0.0,0.038542840428103485,0.038542840428103485,1.4473179503127023,1.0,,1.0,1.4473179503127023,1.4473179503127023,
esmfold,SASDLB7,1,0,7.707024054042648,9.912921232055663,26.244674821718995,26.244674821718995,0.0,0.028195724765076813,0.028195724765076813,7.707024054042648,1.0,,,7.707024054042648,7.707024054042648,
esmfold,SASDLF3,1,0,155.18771812111936,155.26903729957183,30.908254009921563,30.908254009921563,0.0,0.03317345544767011,0.03317345544767011,155.18771812111936,1.0,,,155.18771812111936,155.18771812111936,
esmfold,SASDLF9,1,0,17.46693112960544,22.709577153236605,25.72194313183246,25.72194313183246,0.0,0.09869792555327954,0.09869792555327954,17.46693112960544,1.0,,,17.46693112960544,17.46693112960544,
esmfold,SASDLH5,1,0,552.4566839879234,553.3223776453567,31.210226029188682,31.210226029188682,0.0,0.05574546590459279,0.05574546590459279,552.4566839879234,1.0,,,552.4566839879234,552.4566839879234,
esmfold,SASDLH9,1,0,6145.187258942261,6148.745723509603,23.07015049056429,23.07015049056429,0.0,0.05528821288361367,0.05528821288361367,6145.187258942261,1.0,,,6145.187258942261,6145.187258942261,
esmfold,SASDLJ9,1,0,425.2397865861231,467.49174472865366,18.41901460513411,18.41901460513411,0.0,0.04017662289953092,0.04017662289953092,425.2397865861231,1.0,,,425.2397865861231,425.2397865861231,
esmfold,SASDLK9,1,0,296.879830973057,317.69542679258484,33.38428650659862,33.38428650659862,0.0,0.10016474842795814,0.10016474842795814,296.879830973057,1.0,,,296.879830973057,296.879830973057,
esmfold,SASDLM8,1,0,6.356231714227222,6.52479752763722,23.71077344335053,23.71077344335053,0.0,0.07620916310888941,0.07620916310888941,6.356231714227222,1.0,,,6.356231714227222,6.356231714227222,
esmfold,SASDLM9,1,0,22.322185004183513,22.372410454751122,23.48516770333174,23.48516770333174,0.0,0.02469039051179665,0.02469039051179665,22.322185004183513,1.0,,,22.322185004183513,22.322185004183513,
esmfold,SASDLQ3,1,0,0.7848290106766938,0.7837926485741934,17.3073589195343,17.3073589195343,0.0,0.028093640272582276,0.028093640272582276,0.7848290106766938,1.0,1.0,1.0,0.7848290106766938,0.7848290106766938,
esmfold,SASDLR9,1,0,1.1795702930112713,1.1797222173581208,18.239843559656,18.239843559656,0.0,0.030581876302116937,0.030581876302116937,1.1795702930112713,1.0,,1.0,1.1795702930112713,1.1795702930112713,
esmfold,SASDLS4,1,0,81.60190012145527,108.75587322083328,31.31902329609037,31.31902329609037,0.0,0.10901431072172822,0.10901431072172822,81.60190012145527,1.0,,,81.60190012145527,81.60190012145527,
esmfold,SASDLT4,1,0,28.393960914722744,38.262739310476995,35.89121222771845,35.89121222771845,0.0,0.07135170769417724,0.07135170769417724,28.393960914722744,1.0,,,28.393960914722744,28.393960914722744,
esmfold,SASDM43,1,0,9.847609566837725,10.55660807128903,19.934020845754414,19.934020845754414,0.0,0.08845686561248339,0.08845686561248339,9.847609566837725,1.0,,,9.847609566837725,9.847609566837725,
esmfold,SASDM53,1,0,4.2198629522355935,4.418263340699835,24.114192317922075,24.114192317922075,0.0,0.07001332651364674,0.07001332651364674,4.2198629522355935,1.0,,,4.2198629522355935,4.2198629522355935,
esmfold,SASDM55,1,0,3.590479263736054,3.842180583566201,16.571227794910737,16.571227794910737,0.0,0.017733738746770335,0.017733738746770335,3.590479263736054,1.0,,,3.590479263736054,3.590479263736054,
esmfold,SASDM65,1,0,31.784860829731954,31.815523639025713,31.30185330831392,31.30185330831392,0.0,0.01692454781647643,0.01692454781647643,31.784860829731954,1.0,,,31.784860829731954,31.784860829731954,
esmfold,SASDM75,1,0,11.123177997081157,11.244312312436142,29.91191216285775,29.91191216285775,0.0,0.012970833056859723,0.012970833056859723,11.123177997081157,1.0,,,11.123177997081157,11.123177997081157,
esmfold,SASDM82,1,0,1.0942663536986814,1.0942826078942445,13.641917741475913,13.641917741475913,0.0,0.10637782819784443,0.10637782819784443,1.0942663536986814,1.0,,1.0,1.0942663536986814,1.0942663536986814,
esmfold,SASDM97,1,0,12.695989503052173,13.176332057671015,20.607870251824675,20.607870251824675,0.0,0.027837823417184823,0.027837823417184823,12.695989503052173,1.0,,,12.695989503052173,12.695989503052173,
esmfold,SASDMA5,1,0,1.0440788604429492,1.081884636037734,12.396889116493698,12.396889116493698,0.0,0.05157115155055263,0.05157115155055263,1.0440788604429492,1.0,,1.0,1.0440788604429492,1.0440788604429492,
esmfold,SASDMC9,1,0,21.981687414241,25.006144048060875,27.084679658122244,27.084679658122244,0.0,0.04907080987490276,0.04907080987490276,21.981687414241,1.0,,,21.981687414241,21.981687414241,
esmfold,SASDMQ2,1,0,1.7447493455919323,1.7575285070360749,58.281222362043955,58.281222362043955,0.0,0.036032926480413285,0.036032926480413285,1.7447493455919323,1.0,,1.0,1.7447493455919323,1.7447493455919323,
esmfold,SASDMQ3,1,0,1.2128964571795315,1.3110820251742559,32.45343717426189,32.45343717426189,0.0,0.04437760984116944,0.04437760984116944,1.2128964571795315,1.0,,1.0,1.2128964571795315,1.2128964571795315,
esmfold,SASDMQ9,1,0,31.657801101879517,31.894783576807384,36.117125525320795,36.117125525320795,0.0,0.02500601267629667,0.02500601267629667,31.657801101879517,1.0,,,31.657801101879517,31.657801101879517,
esmfold,SASDMR3,1,0,1.4146014155699744,1.4197744890990938,13.701601651722257,13.701601651722257,0.0,0.046442918069823744,0.046442918069823744,1.4146014155699744,1.0,,1.0,1.4146014155699744,1.4146014155699744,
esmfold,SASDMS3,1,0,1.2115346207988202,1.2797767439815746,24.34466402011024,24.34466402011024,0.0,0.024876727363939363,0.024876727363939363,1.2115346207988202,1.0,,1.0,1.2115346207988202,1.2115346207988202,
esmfold,SASDMS4,1,0,1.416638566919118,1.41707520215695,29.200466799107254,29.200466799107254,0.0,0.046896852435059776,0.046896852435059776,1.416638566919118,1.0,,1.0,1.416638566919118,1.416638566919118,
esmfold,SASDMT5,1,0,12.632101067818143,20.95168437549904,30.750277397773463,30.750277397773463,0.0,0.06365434555232255,0.06365434555232255,12.632101067818143,1.0,,,12.632101067818143,12.632101067818143,
esmfold,SASDMT7,1,0,1.3487794933296842,1.374927023831341,22.807028245937083,22.807028245937083,0.0,0.04728080081027765,0.04728080081027765,1.3487794933296842,1.0,,1.0,1.3487794933296842,1.3487794933296842,
esmfold,SASDMU6,1,0,2.114762909103735,2.216013630965451,18.15147093933522,18.15147093933522,0.0,0.04486820145222457,0.04486820145222457,2.114762909103735,1.0,,,2.114762909103735,2.114762909103735,
esmfold,SASDMV6,1,0,11.294742775264785,12.555596751938243,23.524762751326858,23.524762751326858,0.0,0.028257493907536364,0.028257493907536364,11.294742775264785,1.0,,,11.294742775264785,11.294742775264785,
esmfold,SASDMX9,1,0,4.963251529951402,4.962694595192119,20.690383871363668,20.690383871363668,0.0,0.0540056145498656,0.0540056145498656,4.963251529951402,1.0,,,4.963251529951402,4.963251529951402,
esmfold,SASDMY9,1,0,5.976944281627352,6.337663892039234,21.99599032742576,21.99599032742576,0.0,0.038044829290135064,0.038044829290135064,5.976944281627352,1.0,,,5.976944281627352,5.976944281627352,
esmfold,SASDN65,1,0,3.6683618831110354,3.715281198853958,18.782236157844086,18.782236157844086,0.0,0.02703217518596513,0.02703217518596513,3.6683618831110354,1.0,,,3.6683618831110354,3.6683618831110354,
esmfold,SASDN68,1,0,8.47802781505472,8.613551367536582,19.77582909993469,19.77582909993469,0.0,0.022969223361634376,0.022969223361634376,8.47802781505472,1.0,,,8.47802781505472,8.47802781505472,
esmfold,SASDN73,1,0,1.2886472735433236,1.286825775165723,22.327698095128493,22.327698095128493,0.0,0.02469468018446714,0.02469468018446714,1.2886472735433236,1.0,,1.0,1.2886472735433236,1.2886472735433236,
esmfold,SASDNB2,1,0,5.313964276630865,5.553575425643915,14.441099179433177,14.441099179433177,0.0,0.05943114693270015,0.05943114693270015,5.313964276630865,1.0,,,5.313964276630865,5.313964276630865,
esmfold,SASDNB7,1,0,1.4122957002578644,1.411518092507084,22.982697971565074,22.982697971565074,0.0,0.06802132039879263,0.06802132039879263,1.4122957002578644,1.0,,1.0,1.4122957002578644,1.4122957002578644,
esmfold,SASDNB8,1,0,18.943417943645436,19.378393461814014,27.09821565959586,27.09821565959586,0.0,0.0817895031236164,0.0817895031236164,18.943417943645436,1.0,,,18.943417943645436,18.943417943645436,
esmfold,SASDNC7,1,0,3.5240371708860647,3.6610484750519423,27.5355462234605,27.5355462234605,0.0,0.026017919746198524,0.026017919746198524,3.5240371708860647,1.0,,,3.5240371708860647,3.5240371708860647,
esmfold,SASDND2,1,0,4.036283277824734,4.206119954465902,13.54703313978822,13.54703313978822,0.0,0.014637876723900906,0.014637876723900906,4.036283277824734,1.0,,,4.036283277824734,4.036283277824734,
esmfold,SASDNG9,1,0,109.16509482240936,108.81455935247595,21.782606357193345,21.782606357193345,0.0,0.02649128809697979,0.02649128809697979,109.16509482240936,1.0,,,109.16509482240936,109.16509482240936,
esmfold,SASDNK8,1,0,2.22347158794654,2.3123100475034715,25.81942202768464,25.81942202768464,0.0,0.11367488742787621,0.11367488742787621,2.22347158794654,1.0,,,2.22347158794654,2.22347158794654,
esmfold,SASDNL5,1,0,2.0323301099290756,2.1052704730896505,24.578917126652176,24.578917126652176,0.0,0.03583091290227029,0.03583091290227029,2.0323301099290756,1.0,,,2.0323301099290756,2.0323301099290756,
esmfold,SASDNL8,1,0,1.137319621588828,1.1444086386066388,32.30555892191396,32.30555892191396,0.0,0.0875504014952753,0.0875504014952753,1.137319621588828,1.0,,1.0,1.137319621588828,1.137319621588828,
esmfold,SASDNM3,1,0,11.432765620571626,12.195207971776611,24.360431429838247,24.360431429838247,0.0,0.02183150335809132,0.02183150335809132,11.432765620571626,1.0,,,11.432765620571626,11.432765620571626,
esmfold,SASDNM8,1,0,2.420053344804893,2.4322018727531196,16.520648482710197,16.520648482710197,0.0,0.08278045665544445,0.08278045665544445,2.420053344804893,1.0,,,2.420053344804893,2.420053344804893,
esmfold,SASDNM9,1,0,3.6831829159361704,4.15032410679321,20.36672996592958,20.36672996592958,0.0,0.025578288613253432,0.025578288613253432,3.6831829159361704,1.0,,,3.6831829159361704,3.6831829159361704,
esmfold,SASDNQ9,1,0,76.05961691112748,82.0995949271294,25.988613471507023,25.988613471507023,0.0,0.05443655464965152,0.05443655464965152,76.05961691112748,1.0,,,76.05961691112748,76.05961691112748,
esmfold,SASDNS3,1,0,70.47236220156148,83.09681292183794,34.31149206936106,34.31149206936106,0.0,0.036834906447195205,0.036834906447195205,70.47236220156148,1.0,,,70.47236220156148,70.47236220156148,
esmfold,SASDNS9,1,0,2.915548243384785,3.0111858026352643,27.340673450065328,27.340673450065328,0.0,0.036785422335016686,0.036785422335016686,2.915548243384785,1.0,,,2.915548243384785,2.915548243384785,
esmfold,SASDNU3,1,0,1.3626083606570654,1.384158568541629,38.589228593112225,38.589228593112225,0.0,0.02880035203235943,0.02880035203235943,1.3626083606570654,1.0,,1.0,1.3626083606570654,1.3626083606570654,
esmfold,SASDNW2,1,0,205.34298080452336,221.30852115828176,34.182144884103494,34.182144884103494,0.0,0.03953798414954998,0.03953798414954998,205.34298080452336,1.0,,,205.34298080452336,205.34298080452336,
esmfold,SASDNW9,1,0,0.9900691861109463,0.9986271292373495,22.790023169629308,22.790023169629308,0.0,0.03384278127435468,0.03384278127435468,0.9900691861109463,1.0,1.0,1.0,0.9900691861109463,0.9900691861109463,
esmfold,SASDNY9,1,0,2.072346511999587,2.4064448776305274,21.58923721563692,21.58923721563692,0.0,0.08026835488391311,0.08026835488391311,2.072346511999587,1.0,,,2.072346511999587,2.072346511999587,
esmfold,SASDP28,1,0,2.306187103056674,2.33406265392232,24.262542776535724,24.262542776535724,0.0,0.03979528958063816,0.03979528958063816,2.306187103056674,1.0,,,2.306187103056674,2.306187103056674,
esmfold,SASDP35,1,0,1.1010290639973508,1.3292787269458086,15.49121427561016,15.49121427561016,0.0,0.022002773158050264,0.022002773158050264,1.1010290639973508,1.0,,1.0,1.1010290639973508,1.1010290639973508,
esmfold,SASDP64,1,0,0.9876743456266976,0.9873029453976666,21.224829249991128,21.224829249991128,0.0,0.08289497772528123,0.08289497772528123,0.9876743456266976,1.0,1.0,1.0,0.9876743456266976,0.9876743456266976,
esmfold,SASDP79,1,0,1.33249710235365,1.3501125331996033,49.17815084558042,49.17815084558042,0.0,0.04201011034664236,0.04201011034664236,1.33249710235365,1.0,,1.0,1.33249710235365,1.33249710235365,
esmfold,SASDP89,1,0,1.3789858297364097,1.4191983097464798,24.894643498066337,24.894643498066337,0.0,0.12037286804443305,0.12037286804443305,1.3789858297364097,1.0,,1.0,1.3789858297364097,1.3789858297364097,
esmfold,SASDP98,1,0,5.258931967231938,5.265713638366422,16.659862277917565,16.659862277917565,0.0,0.04167619553579328,0.04167619553579328,5.258931967231938,1.0,,,5.258931967231938,5.258931967231938,
esmfold,SASDPA8,1,0,116.42133426743334,133.49701476953314,19.364577399476616,19.364577399476616,0.0,0.06357573834437066,0.06357573834437066,116.42133426743334,1.0,,,116.42133426743334,116.42133426743334,
esmfold,SASDPB6,1,0,10.957653042843729,11.037006312578928,30.607974201780365,30.607974201780365,0.0,0.06246864152591404,0.06246864152591404,10.957653042843729,1.0,,,10.957653042843729,10.957653042843729,
esmfold,SASDPC7,1,0,0.9309924478326586,0.9284267863506424,22.881210526533398,22.881210526533398,0.0,0.030506916467400617,0.030506916467400617,0.9309924478326586,1.0,1.0,1.0,0.9309924478326586,0.9309924478326586,
esmfold,SASDPD7,1,0,27.171751932240383,28.969284312832503,25.353503440966005,25.353503440966005,0.0,0.03667308997615312,0.03667308997615312,27.171751932240383,1.0,,,27.171751932240383,27.171751932240383,
esmfold,SASDPJ4,1,0,2.4109546150751195,2.426846605864574,24.772243848471486,24.772243848471486,0.0,0.02655768232221999,0.02655768232221999,2.4109546150751195,1.0,,,2.4109546150751195,2.4109546150751195,
esmfold,SASDPK4,1,0,1.67071281778223,1.9872641090181393,21.32230784455878,21.32230784455878,0.0,0.04595139766502665,0.04595139766502665,1.67071281778223,1.0,,1.0,1.67071281778223,1.67071281778223,
esmfold,SASDPL2,1,0,2.2310570522120803,3.1055774926227895,24.100726515038062,24.100726515038062,0.0,0.03633785428588731,0.03633785428588731,2.2310570522120803,1.0,,,2.2310570522120803,2.2310570522120803,
esmfold,SASDPW6,1,0,4.12931787727973,4.496133594206902,15.069597707588926,15.069597707588926,0.0,0.01802310186485144,0.01802310186485144,4.12931787727973,1.0,,,4.12931787727973,4.12931787727973,
esmfold,SASDPW7,1,0,1.1311108392977378,1.1622189344051101,22.568518527149294,22.568518527149294,0.0,0.036995301777316254,0.036995301777316254,1.1311108392977378,1.0,,1.0,1.1311108392977378,1.1311108392977378,
esmfold,SASDPY2,1,0,1.3735258871547529,1.3753175503040806,23.860349196977154,23.860349196977154,0.0,0.050562152606717835,0.050562152606717835,1.3735258871547529,1.0,,1.0,1.3735258871547529,1.3735258871547529,
esmfold,SASDQ26,1,0,95.07669638666799,123.53065977290287,14.525504880727139,14.525504880727139,0.0,0.06575732766379135,0.06575732766379135,95.07669638666799,1.0,,,95.07669638666799,95.07669638666799,
esmfold,SASDQ28,1,0,1.068028838008969,1.0691855508137462,25.519225634001852,25.519225634001852,0.0,0.0192849729787584,0.0192849729787584,1.068028838008969,1.0,,1.0,1.068028838008969,1.068028838008969,
esmfold,SASDQ46,1,0,56.035424603080465,146.08147378639228,31.18264562923597,31.18264562923597,0.0,0.06363677162587723,0.06363677162587723,56.035424603080465,1.0,,,56.035424603080465,56.035424603080465,
esmfold,SASDQ59,1,0,0.8864723604408928,0.8866157182104519,25.385329943961477,25.385329943961477,0.0,0.042444213710580506,0.042444213710580506,0.8864723604408928,1.0,1.0,1.0,0.8864723604408928,0.8864723604408928,
esmfold,SASDQ85,1,0,1.1443608331156874,1.2281555335395158,20.52771241021784,20.52771241021784,0.0,0.06539995719335077,0.06539995719335077,1.1443608331156874,1.0,,1.0,1.1443608331156874,1.1443608331156874,
esmfold,SASDQ97,1,0,11.906900004372641,13.914577952305208,25.68141638869069,25.68141638869069,0.0,0.031563569539732106,0.031563569539732106,11.906900004372641,1.0,,,11.906900004372641,11.906900004372641,
esmfold,SASDQ98,1,0,2.519043109120984,2.551404227737779,19.799794912022595,19.799794912022595,0.0,0.02071180389409105,0.02071180389409105,2.519043109120984,1.0,,,2.519043109120984,2.519043109120984,
esmfold,SASDQB5,1,0,1.8817887561446047,1.9657939435232805,24.70960308260084,24.70960308260084,0.0,0.07562487860534582,0.07562487860534582,1.8817887561446047,1.0,,1.0,1.8817887561446047,1.8817887561446047,
esmfold,SASDQC5,1,0,7.217966575229111,9.653139469838367,25.492776352295937,25.492776352295937,0.0,0.018922243746374055,0.018922243746374055,7.217966575229111,1.0,,,7.217966575229111,7.217966575229111,
esmfold,SASDQC9,1,0,3.8721582047569942,3.908596968758098,26.075577183814318,26.075577183814318,0.0,0.055404496480397324,0.055404496480397324,3.8721582047569942,1.0,,,3.8721582047569942,3.8721582047569942,
esmfold,SASDQD9,1,0,1.1987009518283223,1.1991234837589908,17.304294366421928,17.304294366421928,0.0,0.0420497021936469,0.0420497021936469,1.1987009518283223,1.0,,1.0,1.1987009518283223,1.1987009518283223,
esmfold,SASDQF5,1,0,2.3523122441438047,4.366369352280252,30.35802912233033,30.35802912233033,0.0,0.08666691708894297,0.08666691708894297,2.3523122441438047,1.0,,,2.3523122441438047,2.3523122441438047,
esmfold,SASDQF8,1,0,5.982555046903246,8.21256610942307,26.361413253346267,26.361413253346267,0.0,0.049689851414858474,0.049689851414858474,5.982555046903246,1.0,,,5.982555046903246,5.982555046903246,
esmfold,SASDQG6,1,0,5.117273265183588,5.800400438879695,35.69825430797743,35.69825430797743,0.0,0.03437098345787284,0.03437098345787284,5.117273265183588,1.0,,,5.117273265183588,5.117273265183588,
esmfold,SASDQJ8,1,0,3.735940506891911,5.72015998211504,22.31115493882625,22.31115493882625,0.0,0.028780435807996538,0.028780435807996538,3.735940506891911,1.0,,,3.735940506891911,3.735940506891911,
esmfold,SASDQK7,1,0,2.876359650563829,3.1597243764080583,23.409530852788674,23.409530852788674,0.0,0.0911432721321315,0.0911432721321315,2.876359650563829,1.0,,,2.876359650563829,2.876359650563829,
esmfold,SASDQN5,1,0,276.0381022892621,323.16671362834137,24.338913723936027,24.338913723936027,0.0,0.11683975447748304,0.11683975447748304,276.0381022892621,1.0,,,276.0381022892621,276.0381022892621,
esmfold,SASDQN6,1,0,24.924868483327224,24.953221097043343,15.48379965327069,15.48379965327069,0.0,0.06793693445488298,0.06793693445488298,24.924868483327224,1.0,,,24.924868483327224,24.924868483327224,
esmfold,SASDQN8,1,0,51.68648083016763,53.560391182927816,23.352687964942884,23.352687964942884,0.0,0.08167761593614277,0.08167761593614277,51.68648083016763,1.0,,,51.68648083016763,51.68648083016763,
esmfold,SASDQP4,1,0,1.5763293135663614,1.9394019237428322,31.21729047654943,31.21729047654943,0.0,0.0373231647622334,0.0373231647622334,1.5763293135663614,1.0,,1.0,1.5763293135663614,1.5763293135663614,
esmfold,SASDQU5,1,0,3.6308416665269867,3.6480206078998454,21.115550508612955,21.115550508612955,0.0,0.06297125803295145,0.06297125803295145,3.6308416665269867,1.0,,,3.6308416665269867,3.6308416665269867,
esmfold,SASDR22,1,0,8.416437223814794,8.583537289004136,23.53200187205826,23.53200187205826,0.0,0.04906378955259658,0.04906378955259658,8.416437223814794,1.0,,,8.416437223814794,8.416437223814794,
esmfold,SASDR25,1,0,1.1475939635111796,1.2481668596974225,16.89864114208412,16.89864114208412,0.0,0.03596224585514826,0.03596224585514826,1.1475939635111796,1.0,,1.0,1.1475939635111796,1.1475939635111796,
esmfold,SASDR33,1,0,32.43458918779234,34.14546787532155,17.686225256168665,17.686225256168665,0.0,0.07804608972705743,0.07804608972705743,32.43458918779234,1.0,,,32.43458918779234,32.43458918779234,
esmfold,SASDR36,1,0,1.731344900322433,1.9386796329381408,25.244753409645988,25.244753409645988,0.0,0.04618443815888238,0.04618443815888238,1.731344900322433,1.0,,1.0,1.731344900322433,1.731344900322433,
esmfold,SASDRA6,1,0,24.98712750853323,25.041049027008796,30.579420789206768,30.579420789206768,0.0,0.044595290935090404,0.044595290935090404,24.98712750853323,1.0,,,24.98712750853323,24.98712750853323,
esmfold,SASDRD9,1,0,1.2293509587586873,1.2321430568786875,24.39454264750035,24.39454264750035,0.0,0.01814493844120282,0.01814493844120282,1.2293509587586873,1.0,,1.0,1.2293509587586873,1.2293509587586873,
esmfold,SASDRF8,1,0,68.82259859821045,75.78493079203147,23.1017268858172,23.1017268858172,0.0,0.09884434264347174,0.09884434264347174,68.82259859821045,1.0,,,68.82259859821045,68.82259859821045,
esmfold,SASDRG9,1,0,8.043047044118037,8.478463714924432,16.48191842042926,16.48191842042926,0.0,0.06376809680615068,0.06376809680615068,8.043047044118037,1.0,,,8.043047044118037,8.043047044118037,
esmfold,SASDRH2,1,0,1.1737850356741935,1.47465695431803,23.31388894817411,23.31388894817411,0.0,0.05631929272252967,0.05631929272252967,1.1737850356741935,1.0,,1.0,1.1737850356741935,1.1737850356741935,
esmfold,SASDRH9,1,0,64.09188706615468,64.72510165688854,32.08622796997616,32.08622796997616,0.0,0.0844577237955976,0.0844577237955976,64.09188706615468,1.0,,,64.09188706615468,64.09188706615468,
esmfold,SASDRJ2,1,0,1.1843283479133286,1.183885532579013,36.87697792897051,36.87697792897051,0.0,0.053886275779127614,0.053886275779127614,1.1843283479133286,1.0,,1.0,1.1843283479133286,1.1843283479133286,
esmfold,SASDRJ6,1,0,1.3777291317875509,1.3807042928726028,23.921492045855967,23.921492045855967,0.0,0.03662577055305427,0.03662577055305427,1.3777291317875509,1.0,,1.0,1.3777291317875509,1.3777291317875509,
esmfold,SASDRK5,1,0,5.705736374069549,5.966539801968026,15.171089184383499,15.171089184383499,0.0,0.014164763041243877,0.014164763041243877,5.705736374069549,1.0,,,5.705736374069549,5.705736374069549,
esmfold,SASDRK7,1,0,1.0261823205011633,1.026114367835894,31.933039446321356,31.933039446321356,0.0,0.023071210796081168,0.023071210796081168,1.0261823205011633,1.0,,1.0,1.0261823205011633,1.0261823205011633,
esmfold,SASDRN5,1,0,19.27382962013663,19.76434443842979,30.46785420234187,30.46785420234187,0.0,0.04567464769780431,0.04567464769780431,19.27382962013663,1.0,,,19.27382962013663,19.27382962013663,
esmfold,SASDRQ5,1,0,8.730297182992341,9.731183631685493,15.376607095926776,15.376607095926776,0.0,0.045973314818534325,0.045973314818534325,8.730297182992341,1.0,,,8.730297182992341,8.730297182992341,
esmfold,SASDRQ7,1,0,2.0739910009415756,2.2304759942706336,36.82107528503703,36.82107528503703,0.0,0.10572983878942428,0.10572983878942428,2.0739910009415756,1.0,,,2.0739910009415756,2.0739910009415756,
esmfold,SASDRW6,1,0,18.74728579490722,18.82293175823076,21.78689705278707,21.78689705278707,0.0,0.03288237634055187,0.03288237634055187,18.74728579490722,1.0,,,18.74728579490722,18.74728579490722,
esmfold,SASDRW9,1,0,6.5196322645292994,8.124522213037528,27.973781052432994,27.973781052432994,0.0,0.061315819966390635,0.061315819966390635,6.5196322645292994,1.0,,,6.5196322645292994,6.5196322645292994,
esmfold,SASDRX9,1,0,45.545907969348846,69.33914673834518,34.025828597261835,34.025828597261835,0.0,0.07696099378004369,0.07696099378004369,45.545907969348846,1.0,,,45.545907969348846,45.545907969348846,
esmfold,SASDRZ9,1,0,0.9859785785470221,0.9947013692477876,14.098162830055387,14.098162830055387,0.0,0.09447120343603334,0.09447120343603334,0.9859785785470221,1.0,1.0,1.0,0.9859785785470221,0.9859785785470221,
esmfold,SASDS28,1,0,129.53479526545132,144.43439335988703,20.33741567309741,20.33741567309741,0.0,0.17843753147194358,0.17843753147194358,129.53479526545132,1.0,,,129.53479526545132,129.53479526545132,
esmfold,SASDS37,1,0,20.55219527538338,52.96359908352276,25.789581974802466,25.789581974802466,0.0,0.03858988991985209,0.03858988991985209,20.55219527538338,1.0,,,20.55219527538338,20.55219527538338,
esmfold,SASDS75,1,0,13.021908050047394,13.443259244019043,26.943339658012672,26.943339658012672,0.0,0.060302481664461234,0.060302481664461234,13.021908050047394,1.0,,,13.021908050047394,13.021908050047394,
esmfold,SASDS89,1,0,1.4202971224550232,1.501932570304838,16.102260137718194,16.102260137718194,0.0,0.07583894073636648,0.07583894073636648,1.4202971224550232,1.0,,1.0,1.4202971224550232,1.4202971224550232,
esmfold,SASDSB9,1,0,8.98125118986192,9.424831140600242,20.82128493390087,20.82128493390087,0.0,0.012875011291648721,0.012875011291648721,8.98125118986192,1.0,,,8.98125118986192,8.98125118986192,
esmfold,SASDSG5,1,0,35.229955271590036,35.27314875221418,28.76420196313592,28.76420196313592,0.0,0.048246251469412915,0.048246251469412915,35.229955271590036,1.0,,,35.229955271590036,35.229955271590036,
esmfold,SASDSG7,1,0,12.13248573695932,14.085624338149636,26.685426186003955,26.685426186003955,0.0,0.1726930119417199,0.1726930119417199,12.13248573695932,1.0,,,12.13248573695932,12.13248573695932,
esmfold,SASDSJ9,1,0,0.9993667940013501,1.0381769866701211,25.22093362547854,25.22093362547854,0.0,0.065303724902062,0.065303724902062,0.9993667940013501,1.0,1.0,1.0,0.9993667940013501,0.9993667940013501,
esmfold,SASDSL2,1,0,1.1415479256553849,1.2208571909732837,19.6887526862872,19.6887526862872,0.0,0.08305356655938108,0.08305356655938108,1.1415479256553849,1.0,,1.0,1.1415479256553849,1.1415479256553849,
esmfold,SASDSN2,1,0,3.7717126889445276,4.031537073100365,21.020640068484983,21.020640068484983,0.0,0.018866849886994337,0.018866849886994337,3.7717126889445276,1.0,,,3.7717126889445276,3.7717126889445276,
esmfold,SASDSP6,1,0,9.36994169751531,11.168279777043631,33.312040229009085,33.312040229009085,0.0,0.06796379861721663,0.06796379861721663,9.36994169751531,1.0,,,9.36994169751531,9.36994169751531,
esmfold,SASDSQ7,1,0,27.047964408075536,35.92657338830571,28.051367462384338,28.051367462384338,0.0,0.03345040196801506,0.03345040196801506,27.047964408075536,1.0,,,27.047964408075536,27.047964408075536,
esmfold,SASDSQ9,1,0,1.266793501401431,1.2632453714081775,18.990853158848708,18.990853158848708,0.0,0.06307396679287362,0.06307396679287362,1.266793501401431,1.0,,1.0,1.266793501401431,1.266793501401431,
esmfold,SASDSS6,1,0,11.02092533834888,12.05913934638777,34.29387738731391,34.29387738731391,0.0,0.05688606832201714,0.05688606832201714,11.02092533834888,1.0,,,11.02092533834888,11.02092533834888,
esmfold,SASDSU5,1,0,57.67809883678993,92.37694230612111,19.046410192433456,19.046410192433456,0.0,0.04135676642413549,0.04135676642413549,57.67809883678993,1.0,,,57.67809883678993,57.67809883678993,
esmfold,SASDSV2,1,0,75.0942307538468,79.76720415986277,14.084803054874046,14.084803054874046,0.0,0.0484461239369727,0.0484461239369727,75.0942307538468,1.0,,,75.0942307538468,75.0942307538468,
esmfold,SASDSV6,1,0,0.9768611536744678,0.9770898090676122,24.84468554697704,24.84468554697704,0.0,0.06681490797114731,0.06681490797114731,0.9768611536744678,1.0,1.0,1.0,0.9768611536744678,0.9768611536744678,
esmfold,SASDSV9,1,0,9.990128852309436,11.822175487378914,25.720355629195783,25.720355629195783,0.0,0.06770617421120848,0.06770617421120848,9.990128852309436,1.0,,,9.990128852309436,9.990128852309436,
esmfold,SASDSX6,1,0,2.456342454826019,2.5212919298652756,20.896404574541286,20.896404574541286,0.0,0.029028951585538882,0.029028951585538882,2.456342454826019,1.0,,,2.456342454826019,2.456342454826019,
esmfold,SASDSZ8,1,0,2.2580670020064986,3.436418410982599,23.898225416157416,23.898225416157416,0.0,0.03222638148741979,0.03222638148741979,2.2580670020064986,1.0,,,2.2580670020064986,2.2580670020064986,
esmfold,SASDSZ9,1,0,29.716993041949827,31.279050705701472,29.309928767379176,29.309928767379176,0.0,0.04578755933823336,0.04578755933823336,29.716993041949827,1.0,,,29.716993041949827,29.716993041949827,
esmfold,SASDT25,1,0,1.2114956050092152,1.208861228169282,25.675336144861536,25.675336144861536,0.0,0.08223899075082088,0.08223899075082088,1.2114956050092152,1.0,,1.0,1.2114956050092152,1.2114956050092152,
esmfold,SASDT45,1,0,40.959873292035674,56.12918253590763,29.876517860040927,29.876517860040927,0.0,0.13906672606210474,0.13906672606210474,40.959873292035674,1.0,,,40.959873292035674,40.959873292035674,
esmfold,SASDT75,1,0,3.23127246173368,3.51854925279713,30.39644373439217,30.39644373439217,0.0,0.04913909476494182,0.04913909476494182,3.23127246173368,1.0,,,3.23127246173368,3.23127246173368,
esmfold,SASDT85,1,0,9.849121976499536,31.573096572457395,29.337542491288367,29.337542491288367,0.0,0.031296735170264815,0.031296735170264815,9.849121976499536,1.0,,,9.849121976499536,9.849121976499536,
esmfold,SASDTA2,1,0,103.53715938307549,103.37688740210486,43.03636275363063,43.03636275363063,0.0,0.04131234368022832,0.04131234368022832,103.53715938307549,1.0,,,103.53715938307549,103.53715938307549,
esmfold,SASDTE2,1,0,19.526704370673002,19.56878245616061,54.54449943799135,54.54449943799135,0.0,0.01955978927519079,0.01955978927519079,19.526704370673002,1.0,,,19.526704370673002,19.526704370673002,
esmfold,SASDTH2,1,0,2.8256711410638937,2.838490925521756,22.72086723117429,22.72086723117429,0.0,0.023639029354504484,0.023639029354504484,2.8256711410638937,1.0,,,2.8256711410638937,2.8256711410638937,
esmfold,SASDTP5,1,0,355.25126972178157,357.2990355237275,49.43855651892046,49.43855651892046,0.0,0.02963635846783659,0.02963635846783659,355.25126972178157,1.0,,,355.25126972178157,355.25126972178157,
esmfold,SASDTQ2,1,0,5.653155374932502,5.727160229102866,19.09590505363897,19.09590505363897,0.0,0.01100074366088315,0.01100074366088315,5.653155374932502,1.0,,,5.653155374932502,5.653155374932502,
esmfold,SASDTQ5,1,0,6.811916903003626,7.710087792368617,25.040521844553663,25.040521844553663,0.0,0.06245985019409539,0.06245985019409539,6.811916903003626,1.0,,,6.811916903003626,6.811916903003626,
esmfold,SASDTR5,1,0,1.9124001100120316,2.396812651362866,28.47534125995402,28.47534125995402,0.0,0.1545756776747926,0.1545756776747926,1.9124001100120316,1.0,,1.0,1.9124001100120316,1.9124001100120316,
esmfold,SASDTS5,1,0,47.094216190525835,47.059333625410154,28.61463177498055,28.61463177498055,0.0,0.10311776387302962,0.10311776387302962,47.094216190525835,1.0,,,47.094216190525835,47.094216190525835,
esmfold,SASDTU2,1,0,3.1881138000327245,3.4850827337242523,28.14619336805449,28.14619336805449,0.0,0.02381337573128542,0.02381337573128542,3.1881138000327245,1.0,,,3.1881138000327245,3.1881138000327245,
esmfold,SASDTU7,1,0,6.95316606571196,7.250470690800449,27.408512893741204,27.408512893741204,0.0,0.050666889820371035,0.050666889820371035,6.95316606571196,1.0,,,6.95316606571196,6.95316606571196,
esmfold,SASDTX8,1,0,1.435439989803745,1.5213610766710761,15.616839852903631,15.616839852903631,0.0,0.05465584571553354,0.05465584571553354,1.435439989803745,1.0,,1.0,1.435439989803745,1.435439989803745,
esmfold,SASDTY8,1,0,1.0114520560162599,1.0265511709977966,20.155810258450394,20.155810258450394,0.0,0.04115392688656362,0.04115392688656362,1.0114520560162599,1.0,,1.0,1.0114520560162599,1.0114520560162599,
esmfold,SASDU37,1,0,61.30342847444568,62.80872848983176,23.403552846063988,23.403552846063988,0.0,0.0709107248839773,0.0709107248839773,61.30342847444568,1.0,,,61.30342847444568,61.30342847444568,
esmfold,SASDU52,1,0,3.294610921175474,4.080852787168556,23.805579935958516,23.805579935958516,0.0,0.0669380878729429,0.0669380878729429,3.294610921175474,1.0,,,3.294610921175474,3.294610921175474,
esmfold,SASDU63,1,0,7.062154362214492,7.461208234272038,26.84323121508352,26.84323121508352,0.0,0.02328641892711724,0.02328641892711724,7.062154362214492,1.0,,,7.062154362214492,7.062154362214492,
esmfold,SASDU67,1,0,46.87295513945937,55.39701405291115,30.788766720399984,30.788766720399984,0.0,0.09209438749295681,0.09209438749295681,46.87295513945937,1.0,,,46.87295513945937,46.87295513945937,
esmfold,SASDU78,1,0,2.803526199867443,2.7999878130946776,22.521729880913743,22.521729880913743,0.0,0.02194536437962383,0.02194536437962383,2.803526199867443,1.0,,,2.803526199867443,2.803526199867443,
esmfold,SASDUA2,1,0,51.540899998686356,52.30748429047425,23.72377176877898,23.72377176877898,0.0,0.0463009874661805,0.0463009874661805,51.540899998686356,1.0,,,51.540899998686356,51.540899998686356,
esmfold,SASDUG3,1,0,143.48281076918778,160.67972114469072,23.09891757399547,23.09891757399547,0.0,0.047153096917416926,0.047153096917416926,143.48281076918778,1.0,,,143.48281076918778,143.48281076918778,
esmfold,SASDUH4,1,0,2.1584107542965967,2.17301258073792,17.366184764435754,17.366184764435754,0.0,0.04978442604953226,0.04978442604953226,2.1584107542965967,1.0,,,2.1584107542965967,2.1584107542965967,
esmfold,SASDUK2,1,0,12.41983148526348,15.194099039658731,23.32631459934467,23.32631459934467,0.0,0.036978699793158286,0.036978699793158286,12.41983148526348,1.0,,,12.41983148526348,12.41983148526348,
esmfold,SASDUL2,1,0,19.368603565629144,23.54151336132936,22.13211221571596,22.13211221571596,0.0,0.06370453032705177,0.06370453032705177,19.368603565629144,1.0,,,19.368603565629144,19.368603565629144,
esmfold,SASDUL9,1,0,5.017576489340405,5.318386494536136,25.241275002431422,25.241275002431422,0.0,0.021425112725422444,0.021425112725422444,5.017576489340405,1.0,,,5.017576489340405,5.017576489340405,
esmfold,SASDUR3,1,0,49.79714230936203,51.079770599503426,18.375329764478106,18.375329764478106,0.0,0.06676089945233268,0.06676089945233268,49.79714230936203,1.0,,,49.79714230936203,49.79714230936203,
esmfold,SASDUS9,1,0,4.039349435425407,4.871606289760363,27.12626769942565,27.12626769942565,0.0,0.047802799641558084,0.047802799641558084,4.039349435425407,1.0,,,4.039349435425407,4.039349435425407,
esmfold,SASDUV3,1,0,1.1115063876547546,1.3462663170170222,33.848475404102615,33.848475404102615,0.0,0.023742718859134593,0.023742718859134593,1.1115063876547546,1.0,,1.0,1.1115063876547546,1.1115063876547546,
esmfold,SASDUW6,1,0,1.079101191187868,1.087880643796311,26.291109969768222,26.291109969768222,0.0,0.026749156039392503,0.026749156039392503,1.079101191187868,1.0,,1.0,1.079101191187868,1.079101191187868,
esmfold,SASDUX6,1,0,1.1586484469289304,1.171041597607478,21.41182355656378,21.41182355656378,0.0,0.042821170996337934,0.042821170996337934,1.1586484469289304,1.0,,1.0,1.1586484469289304,1.1586484469289304,
esmfold,SASDV46,1,0,16.748262437046264,16.810809129309796,31.657890283994288,31.657890283994288,0.0,0.04911486644986792,0.04911486644986792,16.748262437046264,1.0,,,16.748262437046264,16.748262437046264,
esmfold,SASDV64,1,0,1.6912659190122885,2.5407270751176565,19.789100853993897,19.789100853993897,0.0,0.0424235239310222,0.0424235239310222,1.6912659190122885,1.0,,1.0,1.6912659190122885,1.6912659190122885,
esmfold,SASDV74,1,0,2.4851752866928964,2.7352867827334375,13.433947593827437,13.433947593827437,0.0,0.051231914015002815,0.051231914015002815,2.4851752866928964,1.0,,,2.4851752866928964,2.4851752866928964,
esmfold,SASDVA8,1,0,3.1884302938463134,4.98798603331913,20.36167806172052,20.36167806172052,0.0,0.07449453086573388,0.07449453086573388,3.1884302938463134,1.0,,,3.1884302938463134,3.1884302938463134,
esmfold,SASDVK2,1,0,1.41522536502342,1.4387494375240086,17.547744113510724,17.547744113510724,0.0,0.05017755938723589,0.05017755938723589,1.41522536502342,1.0,,1.0,1.41522536502342,1.41522536502342,
esmfold,SASDVL5,1,0,4.000388363784166,3.997535412107895,24.283055775559838,24.283055775559838,0.0,0.01391964602332017,0.01391964602332017,4.000388363784166,1.0,,,4.000388363784166,4.000388363784166,
esmfold,SASDVL7,1,0,2.6603486210844602,2.7584779932090355,20.693912660820555,20.693912660820555,0.0,0.02289961149290364,0.02289961149290364,2.6603486210844602,1.0,,,2.6603486210844602,2.6603486210844602,
esmfold,SASDVN2,1,0,1.0104994330953232,1.014868015249991,24.01966635856367,24.01966635856367,0.0,0.04774797708072122,0.04774797708072122,1.0104994330953232,1.0,,1.0,1.0104994330953232,1.0104994330953232,
esmfold,SASDVQ7,1,0,9.87418445032088,10.513766552419238,29.76947183921328,29.76947183921328,0.0,0.07947657053516362,0.07947657053516362,9.87418445032088,1.0,,,9.87418445032088,9.87418445032088,
esmfold,SASDVR6,1,0,1.1463842962207733,1.1558564128433402,26.397715734223205,26.397715734223205,0.0,0.03280312560473143,0.03280312560473143,1.1463842962207733,1.0,,1.0,1.1463842962207733,1.1463842962207733,
esmfold,SASDVT4,1,0,3.6340596424577023,5.940791340816603,32.316639703520565,32.316639703520565,0.0,0.06621818133583166,0.06621818133583166,3.6340596424577023,1.0,,,3.6340596424577023,3.6340596424577023,
esmfold,SASDVT5,1,0,3.546555290035739,4.426918998419745,26.44515783175585,26.44515783175585,0.0,0.027083861326500442,0.027083861326500442,3.546555290035739,1.0,,,3.546555290035739,3.546555290035739,
esmfold,SASDVV6,1,0,2.7466958527045984,2.9312495211892533,29.354857689523442,29.354857689523442,0.0,0.023042078575455937,0.023042078575455937,2.7466958527045984,1.0,,,2.7466958527045984,2.7466958527045984,
esmfold,SASDVX5,1,0,1.4224682192128646,1.4469952811129279,25.210232605426004,25.210232605426004,0.0,0.030489102628721437,0.030489102628721437,1.4224682192128646,1.0,,1.0,1.4224682192128646,1.4224682192128646,
esmfold,SASDVX6,1,0,2.3412471403658057,2.3532309016587725,22.46879212631982,22.46879212631982,0.0,0.05099600892005033,0.05099600892005033,2.3412471403658057,1.0,,,2.3412471403658057,2.3412471403658057,
esmfold,SASDVZ8,1,0,5.0547311115610745,5.0753667833247205,16.764597462321316,16.764597462321316,0.0,0.021497293400517706,0.021497293400517706,5.0547311115610745,1.0,,,5.0547311115610745,5.0547311115610745,
esmfold,SASDWA3,1,0,32.25749372056799,36.665353571935555,21.958749421473044,21.958749421473044,0.0,0.05520461089709042,0.05520461089709042,32.25749372056799,1.0,,,32.25749372056799,32.25749372056799,
esmfold,SASDWG9,1,0,1.2307113538656198,1.3245925134072998,15.484136946192956,15.484136946192956,0.0,0.040327600983580354,0.040327600983580354,1.2307113538656198,1.0,,1.0,1.2307113538656198,1.2307113538656198,
esmfold,SASDXK3,1,0,20.614246128645146,23.31771579644989,19.08701108623299,19.08701108623299,0.0,0.027602974454157877,0.027602974454157877,20.614246128645146,1.0,,,20.614246128645146,20.614246128645146,
boltz2,SASDA25,100,0,1.2873955586976147,1.2955446341399104,18.935625239993612,18.942811531364626,0.23328647516213863,0.0149358541660246,0.01458842626944056,1.1526433304586337,0.025106949589874396,,0.9999966882817791,1.232947059620123,1.1864626832596357,1.1864626832596357
boltz2,SASDA37,100,0,2.9803738739190133,2.9850677558980645,47.69262351994008,47.6964474438588,0.1717530919560204,0.017383693083112908,0.016920187458892906,2.6989229101158294,0.010000014228711551,,,2.8829825386573193,2.828472515379083,2.828472515379083
boltz2,SASDA46,100,0,41.16788026489728,52.882234396041945,19.662669968326007,19.411828575247462,1.179873610217978,0.03906862280934097,0.02118142940921722,6.92769621667788,0.018287453476921206,,,29.803006051515993,22.1044820971668,22.1044820971668
boltz2,SASDA47,100,0,4.019610427236234,4.031454883102799,76.03987110224564,76.0283046458173,0.3812887436300372,0.012950989343364448,0.012972561192363391,3.4912669548132036,0.011357785396425141,,,3.8292052320247536,3.716673474804669,3.716673474804669
boltz2,SASDA57,100,0,2.8157738609456784,2.821606245160193,89.430434269175,89.41339980828926,0.2395928869731705,0.014963080746604936,0.014299928568654046,2.2540059184868797,0.010000000259023428,,,2.637617120175058,2.5399563074667575,2.5399563074667575
boltz2,SASDA96,100,0,0.9449153337775883,0.9784143272868919,15.126549606214756,15.127500103786709,0.024591585784078163,0.03382817022385488,0.034464762025031154,0.9374215271277611,0.010000017578483178,0.9999999857642079,0.9999999857642079,0.9411834762763309,0.9388962457773595,0.9388962457773595
boltz2,SASDAB4,100,0,55.022728203897834,60.231517988638416,27.87085000471292,26.740528746223752,6.398885656703598,0.05367565876643967,0.044104384438633175,4.541456996708585,0.016897550008525348,,,12.728180432106349,5.464017837288961,5.464017837288961
boltz2,SASDAB5,100,0,38.91987692432584,54.3245223082947,26.795087878011344,26.960643603781243,1.4707180529147337,0.025758439474962598,0.03292979822273126,20.856265689492577,0.019315960654440488,,,28.746013925039378,23.648407772975776,23.648407772975776
boltz2,SASDAE6,100,0,14.480622569850475,16.86622223815347,24.245625380768104,23.43654341477059,2.6200436281546047,0.015458360069458395,0.011699877462131034,1.1128295803819501,0.03314055239319219,,0.2987125932333034,4.80390747806383,1.21830835868874,1.21830835868874
boltz2,SASDAG6,100,0,7.144179112706143,9.682820844916824,27.04606708972227,26.81458340314701,1.0866041662988124,0.04530714370916686,0.0459966501196675,6.132600376204677,0.014041193280177252,,,6.615360655750997,6.352265818071502,6.352265818071502
boltz2,SASDAG8,100,0,336.5688742230566,438.8405134247254,17.84046229808282,17.8212953328023,0.12063263587136319,0.03333696921250287,0.030182234118350616,271.5237342670809,0.013460244286395058,,,321.8577391683446,308.46928551298333,308.46928551298333
boltz2,SASDAH4,100,0,4.468181201230342,16.876075052469044,25.82891877093392,25.818387051776032,0.13875479090360088,0.01803133917631724,0.016053056214832127,3.5799979226786705,0.017172884633116177,,,4.096731576647618,3.7588395105867423,3.7588395105867423
boltz2,SASDAJ5,100,0,2.703526764180361,3.0617194222605737,22.774718232659538,22.776417925254293,0.04341654176266019,0.015103104214038068,0.014070179140585249,2.3346313665146945,0.010000003395132762,,,2.610480186534423,2.465289530240059,2.465289530240059
boltz2,SASDAK2,100,0,1.7923754915137609,1.7939567529933482,16.537025888435952,16.53707089520125,0.03844411773232892,0.010625448981144736,0.010535162948451146,1.660824849365068,0.023012439745524436,,0.9999519865303426,1.753010793461834,1.7005119430772884,1.7005119430772884
boltz2,SASDAN2,100,0,8.086693074648192,10.3078877599419,17.91521509251919,17.979550368101194,0.4937977917706142,0.010215960258893545,0.0076589888545978,1.8005164620919614,0.026476122705204476,,0.08752381101306121,6.271804016708675,2.2243108314313753,2.2243108314313753
boltz2,SASDAQ2,100,0,1.1026403746326496,1.1045516866785152,12.998194624912427,13.002009799980527,0.09380017871034596,0.01628869012697613,0.015950005377565912,1.0629997845230819,0.010000008055835974,,0.9999985558417732,1.0901694106618711,1.0775908362166784,1.0775908362166784
boltz2,SASDAR3,100,0,31.458257571907403,39.05116646123892,17.447839060131578,17.45108131118908,0.09743463049648682,0.05393061237182075,0.05371623297898396,27.166918023596107,0.018130864867503885,,,30.403714277943227,29.522141050860448,29.522141050860448
boltz2,SASDAS6,100,0,5.39082152232018,8.646511191513389,36.091619624875065,36.09888855433027,0.09783860984244086,0.01402557290552218,0.012758396963562823,3.6600336022592335,0.016933562571682312,,,4.896477437475779,4.164502057550086,4.164502057550086
boltz2,SASDAT3,100,0,37.38677707422566,38.93137735036615,23.736007496307995,23.782094341150234,0.6555132337850864,0.03570499846014167,0.06475658777324544,19.981043977722347,0.012303471131754833,,,32.9616542260942,29.48725447014382,29.48725447014382
boltz2,SASDAT4,100,0,26.993669110421212,38.14947594028183,23.75425800955584,23.723899665846243,0.94367774932552,0.015023414872953946,0.012142688684312506,14.434253704806112,0.01000000132159249,,,20.67043869099395,17.16834844166775,17.16834844166775
boltz2,SASDAW6,100,0,9.678208123894215,12.339093531967304,16.29823620508914,16.161061915151986,0.9419223171644155,0.037169535562234145,0.03472700434187678,1.617689544999061,0.011532529883401752,,0.04057914874043003,6.06425546559848,2.8883049382875,2.8883049382875
boltz2,SASDAX6,100,0,2.2543176265616673,3.839691367506888,14.983788942976684,14.985750780185235,0.038223629712742735,0.03199709360180711,0.030720657848402434,1.82847614377404,0.010000000448241406,,0.09070725298952534,2.1274639872225327,2.053309838815624,2.053309838815624
boltz2,SASDAY4,100,0,487.0550597061971,486.0580512205794,27.602801085209784,27.642250893824347,0.5030142409730054,0.02947234529599115,0.024101911716115625,345.12353419588743,0.0100000011263126,,,,379.7712179424579,379.7712179424579
boltz2,SASDAZ4,100,0,1.3486001854271936,1.5791517998795386,29.260699608447855,30.349431475266314,1.1074138907681323,0.022672590296953326,0.019919131755109436,1.0062862706331086,0.045344871744749826,,0.9997382836539833,1.1440196611524949,1.0196301764757707,1.0196301764757707
boltz2,SASDB26,100,0,24.03712570106554,24.16062505240937,54.4044349869848,54.25334320113049,0.8787617293817007,0.024697222747477543,0.019621048900210374,14.276450412562028,0.01814698217797638,,,18.482963222312527,15.203290138893957,15.203290138893957
boltz2,SASDB43,100,0,3.727032025101425,3.7662951136572853,29.866480801526343,29.866298191382707,0.2173714957758186,0.01791713671257051,0.015150115862624401,1.709033212288478,0.01731525371736967,,0.04070129175593877,3.11229449498994,2.429064105347916,2.429064105347916
boltz2,SASDB53,100,0,160.36872934940618,207.216999602396,38.981839669293905,38.98568659871104,0.13509697347986815,0.01632975902565357,0.013655972444798168,95.87372844238746,0.010000000256887735,,,147.13211809132093,124.11061036446739,124.11061036446739
boltz2,SASDB64,100,0,17.418069235901964,23.337448573831182,33.820357436798695,34.29227265866033,1.9048130207912664,0.03079974608548587,0.0231772579184113,10.613852261793104,0.019634601624283654,,,14.259237709712762,11.255440966921052,11.255440966921052
boltz2,SASDB76,100,0,3.14342126202734,3.296731923889332,34.63233860498641,34.68355461179489,0.3218864548249627,0.01389805378394331,0.012298394049094795,2.298172072110695,0.014302471669976875,,,2.7381262501757373,2.492467386809365,2.492467386809365
boltz2,SASDB84,100,0,6.014334087148574,6.057050378636447,16.030933268282126,16.028121978709926,0.05224441991854434,0.022815826744830528,0.022008782747260733,4.978982342248648,0.010000011141072436,,,5.67759617307252,5.4452025584974,5.4452025584974
boltz2,SASDB85,100,0,1.7179332995511372,1.7833885492646675,16.257755384028883,16.262015095522692,0.010697081223202787,0.05161241722275675,0.05141800847839745,1.6808886189501664,0.028413967113321822,,0.9999999066032145,1.702464363296002,1.6874584985823642,1.6874584985823642
boltz2,SASDB93,100,0,17.814899899739707,19.986492001301308,55.40023294439327,55.382201400191356,0.21510129826398838,0.030266926261205713,0.029874780110770507,17.122565999186456,0.010000016592135603,,,17.597146293794186,17.459462339062874,17.459462339062874
boltz2,SASDBB3,100,0,11.531375230325896,12.360455390546571,21.31172380906289,21.33631278004875,0.06766508068037425,0.00883832925600432,0.007949192523817166,6.523317113165132,0.019835937598549493,,,9.851322192438186,8.183556365448744,8.183556365448744
boltz2,SASDBB9,100,0,23.348641675514205,23.345487349382818,32.58355410634642,32.575540891545245,0.3151262083641484,0.04363806065720449,0.03616524156955171,18.465225452025205,0.012236643119753603,,,22.100764169737758,20.02375774837168,20.02375774837168
boltz2,SASDBC7,100,0,4.653189464432359,7.429751244017881,24.180065033224956,24.162264968453172,0.31801381023629816,0.06219754788713369,0.06417015318465288,3.695243850101397,0.010000001606655522,,,4.440406619563867,4.2709316661124666,4.2709316661124666
boltz2,SASDBD4,100,0,4.393753797465883,4.390411938000462,41.58510192378245,41.58359650103216,0.19215284495619755,0.014001168924669963,0.01362683369352143,3.8452210971365193,0.01000001652412486,,,4.270702241529681,4.168157324285021,4.168157324285021
boltz2,SASDBD9,100,0,3.7572566700745837,4.245251219601427,24.341100826568056,25.140493475228727,3.4345182708183195,0.024946853366433864,0.01677557998163405,1.0341687514157925,0.02929439053591928,,0.4882129171829115,2.2538008947979913,1.1085717572708869,1.1085717572708869
boltz2,SASDBG3,100,0,39.00789163032141,42.23384154182119,26.92756668453066,27.157428846787333,0.7578648645221158,0.034528248302717765,0.029343923861513053,27.172179968736955,0.010000000969009193,,,33.043765680992564,30.14691959226712,30.14691959226712
boltz2,SASDBG6,100,0,7.666193277538203,9.45987589288714,17.48654762098451,17.372739806226335,0.49892987867063354,0.04736413018958157,0.03469929247386102,1.3550472253262444,0.01738917352676319,,0.03456181519434079,5.820892128353519,4.1748163868793196,4.1748163868793196
boltz2,SASDBK6,100,0,17.688293312634134,20.041462721332564,16.978636610007126,16.88068145475917,0.18653160127244917,0.034608774875274834,0.03645836482439474,1.6998278401553426,0.10972814929228536,,0.10972814929228536,11.12899755679173,1.6998278401553426,1.6998278401553426
boltz2,SASDBM9,100,0,1.4022702726096719,1.4000093464046108,19.091645575394924,19.097806189538105,0.11010524922407328,0.07079698242771541,0.06989069437011422,1.2887698996579084,0.010000002496380358,,0.9999985234949901,1.372386717095195,1.3294342766448652,1.3294342766448652
boltz2,SASDBN2,100,0,6.394415409698723,6.859787269819164,18.091357623778986,17.991167642350206,0.7772192777419313,0.02460083545843535,0.015955921485856634,1.0872856312069124,0.010000000750502796,,0.10434371842006775,3.633381177100229,1.6499971459151817,1.6499971459151817
boltz2,SASDBN3,100,0,17.26621757913682,32.04703203541094,29.69557680242071,29.71120658988113,0.6350607189574262,0.013549649016804754,0.008174763404975322,5.3999020226455094,0.010000000137457435,,,14.094568908582303,10.159564035802694,10.159564035802694
boltz2,SASDBP2,100,0,6.5494744236568,6.701515194617351,22.64379635419504,22.963134091701797,1.5804675857409016,0.024922797148864497,0.014791617063054464,1.207529100721168,0.02616434859338941,,0.2573751611913923,2.4775920261100732,1.3725858916004308,1.3725858916004308
boltz2,SASDBP4,100,0,2.9052162353129707,2.9395533047660356,20.758371688473478,20.75987251134829,0.08477861520357877,0.023879274249685393,0.02090965186383178,1.7831073670881508,0.010000000961528832,,0.05108553916060294,2.605302563853786,2.203329960123876,2.203329960123876
boltz2,SASDBP9,100,0,7.177159785671573,8.637178817386648,35.12748587649764,33.94109933421882,5.52999433316468,0.037819232548150006,0.03461366866919372,3.3172717804320886,0.024778875108094987,,,5.0875182931811676,4.016493044874984,4.016493044874984
boltz2,SASDBQ3,100,0,1.7706711851536772,1.7802392729037126,18.96735892285127,17.777630810133665,3.087058067808048,0.02244459942850064,0.01673514195889527,1.0094076819236797,0.04472161149847518,,0.9966043057918089,1.2236094694808073,1.0471594725177562,1.0471594725177562
boltz2,SASDBR4,100,0,357.53117448508107,364.51190727914206,25.182557989252,25.147124848790547,1.4103220551569713,0.04408811901369733,0.030523650841259443,148.59287731937158,0.010000000414336211,,,,208.0523995646149,208.0523995646149
boltz2,SASDBT2,100,0,3.6949025147169006,7.973630250144626,17.58537980958213,17.58665848377698,0.0444865553751157,0.0215596939577961,0.021369953324767533,3.046189584038703,0.010000000660238706,,,3.4758121941577076,3.225641820472907,3.225641820472907
boltz2,SASDBU7,100,0,8.731000353352488,9.607849247853748,24.635038073890577,24.6067904124439,0.31214438587146276,0.034708956765423835,0.019087142493188162,1.5180140225731489,0.049821152625746955,,0.09833197004483912,4.319433604284,2.0709482111810673,2.0709482111810673
boltz2,SASDBV9,100,0,2.533457704820419,2.569986617071548,17.297035920551433,17.278578447770606,0.5315757097683296,0.015655778314558635,0.009498732333778051,1.1779671050894787,0.025706908293043503,,0.7548531286418937,1.7850755035796604,1.42505994778941,1.42505994778941
boltz2,SASDBW2,100,0,62.25651900168454,84.50960606266239,20.255170714758773,20.296858845111043,0.3217036752328255,0.023820681038177038,0.012658422291802848,27.98752890984086,0.012684598246304423,,,49.0753879366551,33.9775626773262,33.9775626773262
boltz2,SASDBW3,100,0,1.0763702377938522,1.077026266860414,23.6310343288111,23.696504521680154,0.47067603434676286,0.04377118928158194,0.046240467200168105,1.010625550833947,0.06130739558448403,,0.9999069729594743,1.0203812337438734,1.0122902033366976,1.0122902033366976
boltz2,SASDBW9,100,0,2.1051887695051485,2.111494926865648,26.728699924722125,26.751410151047246,0.7393446826555952,0.01527504646013688,0.010858236278909843,1.3313980383966542,0.032578035669364284,,0.9255616530951751,1.7753001023697856,1.5089217008681286,1.5089217008681286
boltz2,SASDBX2,100,0,2043.1935705103904,2330.680225472798,24.96284689652762,24.497100564927045,0.9819645489143198,0.05445150572980468,0.017013462617283433,128.0149775861818,0.010000000045717453,,,,,
boltz2,SASDBX9,100,0,34.102219601511095,39.58980141248833,16.32596708218842,16.18762150364443,0.2620957173620724,0.09246526969183214,0.09553355053929762,23.045373394999107,0.010388734388977647,,,32.220561932799995,29.953339340090626,29.953339340090626
boltz2,SASDBY5,100,0,222.55091916254204,222.01545734249598,26.83958675309886,24.1012283365171,16.489668032699,0.09991216674726569,0.22295359393934708,65.73598425025394,0.010000000186117096,,,,99.86578168905233,99.86578168905233
boltz2,SASDBY9,100,0,14.57131444382486,14.843581786920373,26.909063921210187,26.83456818637784,1.0047186449241892,0.01684872653809104,0.01155766850058634,2.9372423043442026,0.05720922508175897,,,7.833036276261031,3.940415623339296,3.940415623339296
boltz2,SASDBZ6,100,0,4.329715857490325,6.104071757736086,21.097017313248465,21.082833705475647,0.1823309522095009,0.08243397426317417,0.07361134713463942,3.7196667617890595,0.017974376418860044,,,4.173631277295582,4.01682492148785,4.01682492148785
boltz2,SASDBZ9,100,0,17.1583391814546,21.297210758251552,47.68581306156496,47.650265889366935,0.3305434805457139,0.015637007094478593,0.012966559802831186,12.360855138656198,0.014005591115922384,,,15.641992245751075,12.906270376051738,12.906270376051738
boltz2,SASDC23,100,0,2.4833536319456413,2.522189392314137,27.58334301699991,27.52469196265639,0.8499075790318322,0.04216638450536475,0.035648133477509066,1.8561032184619957,0.02920047493740117,,0.15939517984961663,2.2066520465512824,1.9849400517392426,1.9849400517392426
boltz2,SASDC26,100,0,269.2609593952889,364.40444574606664,24.22817733173205,23.225056690441065,2.5035294157366828,0.05585294840234617,0.006290345052320033,1.7683254818704361,0.02371504742225053,,0.03046068596259805,,8.260539810328002,8.260539810328002
boltz2,SASDC35,100,0,25.659082124078985,26.11990558735781,34.27317119237754,34.94603412237596,3.429606375705184,0.01726247758892733,0.009731218451774748,2.9577838545298194,0.01999614950275557,,,15.377509181037702,8.297950130523205,8.297950130523205
boltz2,SASDC36,100,0,1.1993428812480833,1.1997985548877685,21.17472967024984,21.168669416614165,0.16190691844132488,0.031464083817903526,0.031014894393624256,1.0522495722488239,0.02189000641854453,,0.999921659252682,1.120724934846335,1.0766153956796913,1.0766153956796913
boltz2,SASDC45,100,0,1.1602689764632177,1.4175364574494433,29.10175071255259,29.41129700953975,0.5769466100692995,0.025374362999408803,0.02455619561652447,1.0301897143627432,0.03660514124529635,,0.9999357792649743,1.0406984875179084,1.0320496784325959,1.0320496784325959
boltz2,SASDC46,100,0,0.9807446007793046,0.9810748514864285,20.4059161966347,20.383100669334382,0.33461071861115954,0.025678047128787084,0.026767760174536727,0.960479852023886,0.048663621347889124,0.9999959431800651,0.9999959431800651,0.9673956570986579,0.9605774291912135,0.9605774291912135
boltz2,SASDC53,100,0,411.5994515327843,411.7477976399179,13.130118928225325,13.132846879054622,0.423876312217784,0.11333341322636677,0.10805784470319166,334.4911685446577,0.01000000062841009,,,,371.2848371093338,371.2848371093338
boltz2,SASDC55,100,0,6.135062356357582,6.338379829924596,19.230102158862042,19.258282843136904,0.10002919520182729,0.07597974435419844,0.07293478222547768,5.63646839131509,0.01000000305872923,,,5.924677031227698,5.753296491944947,5.753296491944947
boltz2,SASDC62,100,0,7.776821358860245,10.084158732152229,11.13543871839611,11.191874175550037,1.17356531972621,0.05609430883172729,0.039780657789325706,1.0990051750755008,0.010000000223462863,,0.0244203980662778,6.035382587267945,3.3167681041526023,3.3167681041526023
boltz2,SASDC65,100,0,10.14282998268426,14.10555398278044,19.562070830938755,19.52041639376852,0.3330098411266782,0.06756943142203502,0.05950969755139792,7.063544869190482,0.016494447309810784,,,9.548811196320274,8.669179228192723,8.669179228192723
boltz2,SASDC88,100,0,1.1041134517317055,1.128217280217655,17.782563180579594,17.692076815748226,0.7147788126239192,0.07385507393390343,0.07222763712415978,0.9995254500297167,0.03369989194040577,0.03369989194040577,0.9999149615690832,1.0303580707657045,1.0020048503008088,1.0020048503008088
boltz2,SASDCA6,100,0,4.660620278885244,4.795385481701617,14.127546839635048,14.032333555009835,0.5629071532602197,0.031074927817576415,0.023193334582879057,1.0829624594887817,0.022790958017210913,,0.32889499009147954,2.2249552638999903,1.2223845008756267,1.2223845008756267
boltz2,SASDCD3,100,0,204.69217450241214,283.0457308454354,20.04822557217998,19.807780276533705,1.0301724498530689,0.04195668328214733,0.012186100383906875,19.387141471300605,0.01411169952724127,,,155.88268285575356,76.30484703008648,76.30484703008648
boltz2,SASDCD6,100,0,2.6590926693899504,2.766377721626003,25.208105129813674,25.055126673922366,0.6696815536315661,0.02375756289433164,0.02036152784393997,1.2562755602533249,0.02513700130756298,,0.4332974888650323,2.124433081491248,1.4991465434629907,1.4991465434629907
boltz2,SASDCG6,100,0,4.367204919846304,4.432424223893186,17.336088255630454,17.332144083097322,0.15871155238943402,0.02889848917977372,0.02216765124918742,2.350541700943382,0.010000000504341633,,,3.752850456438098,2.754823804540396,2.754823804540396
boltz2,SASDCH7,100,0,1.6016697577796215,7.675296546442917,16.591997656287248,16.594994721721726,0.07744796688956868,0.02659759277097682,0.027904505380492713,1.5174140336268385,0.019975854331796234,,0.9999993275072318,1.5717536823884148,1.5425241858213292,1.5425241858213292
boltz2,SASDCJ6,100,0,6.425544365237706,6.944235643853655,21.045149294639334,21.03215303927601,0.07078252713552402,0.03178666533124479,0.026318605601661993,4.645821033642767,0.010000000388854983,,,5.969336614039594,5.6439573626766,5.6439573626766
boltz2,SASDCK3,100,0,3.775909111169293,4.075050821456598,25.64164827887816,25.649364015424503,0.13865241006800844,0.0347685590462513,0.03336448715860011,2.8444810316308096,0.010000000000000094,,,3.5758528099268987,3.4143039387339575,3.4143039387339575
boltz2,SASDCK6,100,0,3.2325249464341232,3.2739261739354304,29.35017413193718,29.09869659170864,1.1508330541419483,0.05156095595027318,0.03551366964235815,1.2504520946577644,0.019559704895181208,,0.4123560289525415,2.1770091276778687,1.7202533419850683,1.7202533419850683
boltz2,SASDCK7,100,0,3.9415285987501285,4.638461931755448,27.02021198699276,27.113502077030844,0.6048491604860331,0.019997559091551157,0.010765306008544131,1.7094289651300745,0.021741395493485954,,0.2751341211923351,2.2265220128156544,1.8715834804023477,1.8715834804023477
boltz2,SASDCK9,100,0,5.811633431893437,6.317606206850336,25.321939722232894,25.3109110375669,0.09902178603354628,0.026131564171504917,0.025606778686158783,2.9459933589945106,0.013853409131755517,,,5.1461938609972995,3.9881021101408063,3.9881021101408063
boltz2,SASDCL2,100,0,18.282467712857443,18.966010061351824,20.666425132590845,20.664387841687468,0.25892357433690805,0.0435593895421206,0.039061157767416116,10.705966726268132,0.010000000249577295,,,16.687514299571056,13.980365302132496,13.980365302132496
boltz2,SASDCM6,100,0,2.5128741148370217,2.7117700288469555,22.67000610173462,22.617004235391256,0.3757793578680193,0.06175389793745239,0.05352267936938031,1.8885185982590964,0.010000000427205667,,0.021565863967916047,2.362184146702185,2.2528218418741277,2.2528218418741277
boltz2,SASDCN9,100,0,1.6669639602016744,1.718940926905163,26.31367247931577,26.615830582389606,0.5991269137000081,0.025579173874824793,0.024838964142564757,1.1553216908701736,0.01215773252340708,,0.9993005460215083,1.4373268200086944,1.2886272738134983,1.2886272738134983
boltz2,SASDCP5,100,0,72.85131642165754,89.43056230306118,17.54400871032933,17.474827259036097,0.3701284153725126,0.17178804593705985,0.06816206188051692,42.02075717455506,0.019256584348346914,,,59.86199303413472,47.70095697204293,47.70095697204293
boltz2,SASDCP8,100,0,155.35427604317007,184.2113051108123,19.26535023490827,19.07087835778721,0.3106595079910335,0.03360096693014353,0.012237560631968398,3.324028940091294,0.01881757062353168,,,,25.730703914439598,25.730703914439598
boltz2,SASDCU2,100,0,44.27441769100128,46.542930386281206,23.890154234769927,23.722898370741696,3.0063265593762694,0.05530062222477147,0.04212840032901636,23.246840669801912,0.010000002007305268,,,35.598898959250626,27.973899728803566,27.973899728803566
boltz2,SASDCU8,100,0,1.0288962949128386,1.0285334632414544,21.19942097988363,21.20151225010617,0.02327259989053232,0.05611400865422865,0.05599619356662287,1.026882713359569,0.010000043444594256,,0.9999999981745883,1.0283681089753254,1.0280530073751577,1.0280530073751577
boltz2,SASDCV7,100,0,592.6624687408328,625.9310419116423,43.53752061462208,44.496364276656976,6.139805837572069,0.24812997307152773,0.11047834632544945,119.0472192566885,0.01000000002343747,,,,,
boltz2,SASDCY4,100,0,8798.879377269162,8809.56736337027,48.3879508130076,51.25048688323271,37.9761047354475,0.18224878013086407,0.23672467937288064,3465.6784639866487,0.01000000009904658,,,,,
boltz2,SASDCY9,100,0,36.248437844057705,36.2622640903072,15.621860070241123,14.851017684771096,1.4573353952723025,0.07531146436186495,0.037739357593202745,1.9961683235416698,0.01356449863333752,,0.013661772964936404,19.98001125057912,5.1748720270090365,5.1748720270090365
boltz2,SASDD32,100,0,7.354033505651443,11.17583924393151,25.314088908497773,25.318822954699776,0.05163124225527582,0.04003511406641499,0.037032097280253126,6.796569378352711,0.010000003464355825,,,7.239365537599559,7.027341018829467,7.027341018829467
boltz2,SASDD43,100,0,2.520255871481361,2.835021071710243,17.198349695588117,17.19997003786127,0.04568101420325732,0.029995683564034592,0.02653753060730613,1.8531570946566143,0.010000000137358292,,0.016276184024422977,2.3384404374760495,2.2232797143073326,2.2232797143073326
boltz2,SASDD76,100,0,3.325839868419933,3.5636593582960647,23.59068405328756,23.41090471758265,1.9578211584151397,0.03367949352579862,0.03347132129102267,0.9932615327374802,0.025173131993234815,0.04783167072988092,0.6352297394362411,1.7387845075997221,1.0259792126148934,1.0259792126148934
boltz2,SASDD85,100,0,66.2151897045261,85.08514416674653,29.007080290155972,28.81584693195666,1.7534247097513216,0.05099104080130539,0.02970220830809627,19.40051065829332,0.01000000016024315,,,,38.264334211680705,38.264334211680705
boltz2,SASDD88,100,0,5.105727814074865,8.057076524125394,13.730267300499209,13.663512974989649,0.6914758610125276,0.11485166959885389,0.10605218652190798,3.901179969015,0.010000000705933477,,,4.707602428159566,4.442299838058111,4.442299838058111
boltz2,SASDD95,100,0,32.97217208682421,33.62914142887594,27.383179772434058,27.357720023313792,0.7966077820300512,0.0326573297279745,0.030742609601735044,6.473999056147322,0.015383590564366646,,,23.62034001233703,14.451064456849915,14.451064456849915
boltz2,SASDDD8,100,0,40.014647212005144,40.4435937410816,20.59796904297147,20.458296008175743,0.24544916443174714,0.06512447483010536,0.04847089904215453,6.2388555137210755,0.013314003736801215,,,,20.49005959573219,20.49005959573219
boltz2,SASDDD9,100,0,11.87234000242562,12.998832454907513,17.091863962531434,16.716743951574998,0.3503194648712764,0.03023940941105597,0.019415485802368838,0.9937023851691402,0.039910045447460234,0.12153303056727578,0.4793143577272339,3.0252941712939676,0.9963163876656853,0.9963163876656853
boltz2,SASDDE3,100,0,32.627823174753416,37.104955865504614,17.734036200348807,16.405813534679496,3.0497310914574918,0.022947365183894976,0.010429751528075376,1.456268751574399,0.07890597269912117,,0.2951969091663031,3.1523062451580937,1.4942377671228524,1.4942377671228524
boltz2,SASDDE7,100,0,4.4866699847003515,4.918813644570998,19.792984080305086,19.693390009718108,0.5387080561688116,0.047997924851342716,0.0371909872032583,2.323729734320277,0.010000000794714057,,,3.912660911525269,3.098129602363148,3.098129602363148
boltz2,SASDDE8,100,0,11.03792718558682,11.252912476065518,20.66035876306578,20.64077555694368,0.8116408926892653,0.038970309083143174,0.02267370318573372,3.703390112520504,0.015446055268195908,,,9.47093723746635,8.157652075537154,8.157652075537154
boltz2,SASDDF5,100,0,1.4498231114925666,1.4773956721578325,20.982247925020147,20.981980893161968,0.06383215429641353,0.01997591392822421,0.018724002236825542,1.2423580504925194,0.023062162270821075,,0.9997806924851146,1.3097179316396532,1.25998125866644,1.25998125866644
boltz2,SASDDF6,100,0,1855.7186924275547,1918.808082820141,16.623426965415383,16.571532228912144,0.32490985779044124,0.10907476481907566,0.09264439496623003,1589.4290428608906,0.010000007438995883,,,,,
boltz2,SASDDH6,100,0,14.286114332470206,25.70053414425468,17.694321561816004,17.657573743800352,0.28999036565207703,0.053527949508117796,0.04165342277450241,9.628831695058636,0.010000001785499736,,,13.476121739925217,12.689959654440266,12.689959654440266
boltz2,SASDDJ2,100,0,2.0684248718706004,2.4137767563893533,12.901225507246803,12.902394979756842,0.04753153878968419,0.01121554932098608,0.00741803383849494,1.1287658541927883,0.010000001414383241,,0.977250575660841,1.6819064398763017,1.381014713279771,1.381014713279771
boltz2,SASDDK7,100,0,24.69802771838358,28.301434027339354,21.46726351129733,21.274409972071048,1.1820238158983862,0.03944569685038085,0.02591123439660666,6.375437962179073,0.0186466953537931,,,17.181519365809592,13.723621559501717,13.723621559501717
boltz2,SASDDL7,100,0,19.805435726258217,20.091824914615128,16.266519260789078,16.21843012060524,0.17101837656414176,0.02641072696489872,0.022649668621501834,11.649469543010436,0.010000000314359807,,,17.02184919715205,14.002167398315928,14.002167398315928
boltz2,SASDDM6,100,0,1.3522062578263394,1.464260863388838,21.368342790041417,21.356948620736855,0.08007007744463124,0.014639763462843841,0.014224541356745325,1.061045820541286,0.01957908642839786,,0.9999730932344424,1.2048806200984752,1.0859583980005219,1.0859583980005219
boltz2,SASDDR2,100,0,1.3883417279328505,1.495767770318159,24.085990186557712,24.041006443511634,0.2515528477483926,0.08281512917427923,0.07717623022892105,1.2119329181659482,0.010000008115045231,,0.9999902571544537,1.348279101107963,1.2737224271978522,1.2737224271978522
boltz2,SASDDU2,100,0,5.027348057735843,5.292237521646134,23.70356269694667,23.66437996921759,0.4768473544184033,0.0322173692390845,0.02228830916454262,1.2289781085477074,0.012346555255451377,,0.12334805506588592,3.3696404944096114,1.6765602381646783,1.6765602381646783
boltz2,SASDDV2,100,0,1.2220974429954239,1.2210901123094455,23.05877859866527,23.039714336889404,0.13145665239597903,0.0511199075629337,0.04533302273396326,1.0674526582387203,0.010000009681528133,,0.9999927485233222,1.187660966964577,1.1536311158027157,1.1536311158027157
boltz2,SASDDX4,100,0,1.46165014893914,1.6156894056326312,17.905989725988675,17.911766849421696,0.15618402220200522,0.05591245415189711,0.04872553846643188,1.2605887127544848,0.010000006766807094,,0.9999965594254416,1.4131841732904327,1.3317541235384116,1.3317541235384116
boltz2,SASDE27,100,0,1.4480996033927078,1.452710119119246,17.638485395028038,17.638278236420927,0.06535013631785347,0.03741481659723246,0.03918257899722912,1.3369385578024822,0.024085749025912092,,0.9999994264401018,1.4104211107530176,1.3648982233387166,1.3648982233387166
boltz2,SASDE34,100,0,1.1467787427977725,1.4213678562993133,15.568435455069373,15.571528330427611,0.03824719030507495,0.05392206615209368,0.05341892527650476,1.1164783042985587,0.010000000963074844,,0.999999842364735,1.1387302207809094,1.1316325255869202,1.1316325255869202
boltz2,SASDE48,100,0,6.782541789889076,7.112363884222195,14.144872142125697,14.158017395747214,0.06705243589437515,0.035478961888999225,0.030407898642204886,5.671327792458667,0.0284860019130349,,,6.436203166575914,5.92778433156486,5.92778433156486
boltz2,SASDE53,100,0,6.050895194804704,6.553856551041634,11.102839385208089,11.110406557438845,0.10802185350338611,0.17170716640594078,0.16901495433777222,5.698621154653542,0.010000010409097452,,,5.93449330133467,5.846210189060234,5.846210189060234
boltz2,SASDE59,100,0,24.626230689110923,27.390383205085676,27.50951560123854,23.95462639941382,10.129342851420809,0.033158000553282475,0.014553151349368168,1.0802223418098835,0.024631801116988976,,0.1076810023441924,6.656566782661879,1.8382253804879611,1.8382253804879611
boltz2,SASDE73,100,0,30.393412190869558,31.174161270700793,13.275382704474577,13.283145296098134,0.1427211836560769,0.14752029804145017,0.1391058886561801,28.904642653381917,0.010000102476607877,,,29.883595252920983,29.58364340435169,29.58364340435169
boltz2,SASDE79,100,0,34.44632005707233,34.74482905943257,33.80286514449476,34.12637547753371,2.3496133742919056,0.03870501738317843,0.010611170271891299,1.3921263357417142,0.04036309073046973,,0.140432444639739,10.507728040852305,1.680690623614015,1.680690623614015
boltz2,SASDE93,100,0,46.124345870193835,51.77276134011253,15.543713421720696,15.551612789108706,0.10671389310642532,0.09164325501720517,0.08855026426757695,44.34573151481261,0.010000002147230968,,,45.75409373054548,45.110472088673994,45.110472088673994
boltz2,SASDEA9,100,0,2.7196033553842964,3.0155714976777457,29.199051165481386,28.840708086713576,1.404799632648011,0.019129119828456956,0.019979595664264417,1.2560644682438655,0.01698958336266057,,0.38035677931229617,2.0173696885517622,1.5971926424323666,1.5971926424323666
boltz2,SASDEB3,100,0,100.92181607289746,106.23135657188851,15.626641967057662,15.667505723635088,0.35471711776450654,0.08820544550724602,0.07586141671599973,85.22511821559489,0.010000003693943282,,,96.51083014079944,90.21593592731696,90.21593592731696
boltz2,SASDEC3,100,0,32.79520339637821,53.70828102473117,14.468776421492002,14.463923692051804,0.3541340461996665,0.11589202953384686,0.10797299217419169,29.320383025087093,0.014029980735959971,,,31.83105792942033,31.099029305555323,31.099029305555323
boltz2,SASDEC6,100,0,7.913515955594244,18.041318395668128,24.54341670183897,24.55824269654626,0.19638910501351248,0.05286557813903025,0.05434807402909081,6.724400292069457,0.019978358464596897,,,7.425286308569008,6.94233346126854,6.94233346126854
boltz2,SASDEC9,100,0,7.065278958973459,7.548587955373428,21.79507363375902,20.699236565252384,1.6983408092913699,0.03231365342109999,0.021774330346750897,1.2061215407567119,0.042593136924827135,,0.6392899298465977,1.818489844199611,1.321563596067994,1.321563596067994
boltz2,SASDED2,100,0,141.45416797913455,153.83099610259993,37.12959818041436,27.425214920611275,41.20825728899619,0.04296277821132051,0.03482177941910068,33.65586227703538,0.010731638253823585,,,,48.562144244335634,48.562144244335634
boltz2,SASDED9,100,0,8.27101338624182,12.491356340764273,26.39594471508241,26.338147571390486,0.4686595024676379,0.015869403302969348,0.01242578138457551,1.263334816074485,0.03081245306952095,,0.17993813607535292,3.867912364006202,1.426647265410502,1.426647265410502
boltz2,SASDEE2,100,0,226.49749695573652,319.0547393423919,16.82445220660492,16.7992804203406,0.5442442785757322,0.09040144218935246,0.08961017779535539,178.2983822151649,0.010000002146802483,,,214.15851819315623,205.7644339096494,205.7644339096494
boltz2,SASDEE9,100,0,28.43656241708697,29.893860492021346,18.572677454479688,18.520125710326816,0.1829265546028651,0.03894689318611949,0.01649925186198746,2.4792040952086585,0.01757361568071207,,,21.31652777282433,8.877988447080622,8.877988447080622
boltz2,SASDEJ3,100,0,2.0048165847327226,2.0030914703689375,24.07604016978728,23.70495476665384,0.5662360535717461,0.03121051061175989,0.02032464443443655,0.8745118680706956,0.03306853176299138,0.10576353529186991,0.9998315755189394,1.3330136475614125,0.9441236550331629,0.9441236550331629
boltz2,SASDEK2,100,0,5.372803668682496,5.426017757489267,10.054490000675592,9.975851787736918,0.8435645192408838,0.1756227075853938,0.1069153491831654,2.3321349111175227,0.010000000193525484,,,4.5228082180964995,3.325235619258452,3.325235619258452
boltz2,SASDEK4,100,0,1.1045591168575994,1.1239154281246433,17.065547082410465,17.065773132368093,0.017459026888808182,0.02978803568644868,0.03131585721711615,1.090197391016378,0.010000003429621946,,0.9999999939832428,1.1003206158935932,1.0971579953447987,1.0971579953447987
boltz2,SASDEK7,100,0,4.114821036667182,5.1622954034094,19.152794029261912,19.11771363186083,0.3003213248659442,0.02598561380634765,0.02227551134036352,1.081558363246395,0.019213759166821404,,0.07401038118755088,3.4188185511961797,2.169583899125432,2.169583899125432
boltz2,SASDEL4,100,0,1.2371045211951344,1.2901403164182728,37.4175658263528,37.39272895173576,0.514403255031084,0.07367023580124904,0.0717969497524165,1.154181143557989,0.010000002999281561,,0.9999993472504675,1.211157396780031,1.1946764134267505,1.1946764134267505
boltz2,SASDEL6,100,0,14.058234485973248,16.63419034452158,25.1381213176862,25.147866425202665,0.21907864612260752,0.010799060423264074,0.005549775047598359,2.9994882629103725,0.010000000134064877,,,10.56664046258931,5.222798614544982,5.222798614544982
boltz2,SASDEP2,100,0,2.4435800255362206,2.5390726561718973,15.188724359082778,13.651621743080582,3.7221553022558265,0.14650411528139748,0.10388505577563917,1.0583354203620894,0.01849168465578265,,0.8191061701576307,1.6895987204193967,1.0913451966026935,1.0913451966026935
boltz2,SASDEQ7,100,0,4.421498666784679,4.789394894213421,21.608177274053677,21.605938329515357,0.1413052092359699,0.012514481941569528,0.008726166266788992,1.5195398348995282,0.010000000159311389,,0.05636840978059121,2.9978278642658434,2.1277474208382876,2.1277474208382876
boltz2,SASDES5,100,0,1.7784195711846211,2.2997388239560808,14.921733564219782,14.934708790114243,0.08213421970262758,0.054922029678699545,0.05036591969399293,1.4542713164256373,0.010000001119834673,,0.9998822330541078,1.646450082755285,1.5408413154291045,1.5408413154291045
boltz2,SASDET2,100,0,92.20705412299445,99.8728616096906,17.02999325587468,15.168860485914372,2.52678252274794,0.11045454930858332,0.032546922141436306,5.51954672480167,0.01722589896155048,,,,12.578691697151147,12.578691697151147
boltz2,SASDET5,100,0,118.50963821323124,121.76214684213265,22.672202676975747,22.53073752220127,0.5185017817337254,0.030558021545627652,0.02739767828433081,27.91803722042721,0.010000000049875408,,,100.28210829460593,67.05670503846294,67.05670503846294
boltz2,SASDEW7,100,0,11.756129750291585,14.095449829992788,17.5410928368562,17.516766993060045,0.5980841607406866,0.039458083059793904,0.02953720059909735,2.7419788185694958,0.010000000003512479,,,9.615685651257733,7.766194230862869,7.766194230862869
boltz2,SASDEX2,100,0,18.106126627974014,18.48344659281511,13.396894167574143,13.380015100223108,0.5480586730984047,0.24500184361057362,0.15578815914516722,14.917049685160709,0.010000001151594448,,,17.493394705597066,16.21274953283349,16.21274953283349
boltz2,SASDEX4,100,0,8.38463549373651,8.505771962699137,14.47901246463756,14.463647257708562,0.4977450042113958,0.19497899588147813,0.1912418847202322,6.402057269823543,0.010000001073384232,,,7.897004555440807,7.042441324326163,7.042441324326163
boltz2,SASDEX6,100,0,11.646007900957253,16.780107345729903,24.708478078524852,24.70552088308937,0.05029397285752779,0.040961963540828164,0.04032190443197581,10.96203100623731,0.010000009719124086,,,11.52676895311289,11.221775813835919,11.221775813835919
boltz2,SASDEY9,100,0,15.71088531444868,16.387227988371414,24.41531626000901,24.305238967822504,1.0043587210239053,0.038769723174029574,0.03629530534896032,5.323666882141161,0.019988222546585045,,,11.696776780262475,7.939888878605445,7.939888878605445
boltz2,SASDEZ2,100,0,57.093847751791195,57.029963369915855,15.130974392541443,15.111247117031752,0.4096768476797479,0.13455230485556344,0.10253093591328682,46.40461285877523,0.010000001667872883,,,54.84274304917975,52.95676943409763,52.95676943409763
boltz2,SASDF27,100,0,76.56513988723668,78.58386979976041,13.91203047702768,13.888750508346137,0.44646651778906943,0.10531621284472827,0.08583659528909007,62.16666884983849,0.010000002423160726,,,73.93775211982354,68.61461344280272,68.61461344280272
boltz2,SASDF34,100,0,178.74034017685605,187.0475677406515,19.27657470669691,19.21658021927092,0.5416680181922651,0.08289509841181929,0.06937896368509133,149.02902600002642,0.010000000934682524,,,169.91624266040796,162.8155939191657,162.8155939191657
boltz2,SASDF37,100,0,9.886833718768052,18.098050277257236,16.696368778041723,16.70215855018237,0.16895672781350157,0.03008415671439291,0.029154237224397417,5.322558015227327,0.010000000002707425,,,8.494838578748386,7.655325600254292,7.655325600254292
boltz2,SASDF38,100,0,98.07842627509781,101.49567988722602,29.65791789320886,29.859074691351246,0.5961421306294667,0.018636471236681565,0.011310283477405344,10.908203506866151,0.021768697526050197,,,,40.41224106851405,40.41224106851405
boltz2,SASDF52,100,0,477.37236616121527,789.6454407559634,17.31176858995737,17.17375580621212,0.31920439201865136,0.09850467599166667,0.06459387151858999,216.1753963371197,0.010000000074175674,,,,,
boltz2,SASDF53,100,0,1.3976500341875853,1.4995647766666278,20.52671631267489,20.526929862484877,0.08307771722751411,0.02454937382353069,0.02402829004600267,1.229505521478145,0.01000000359250947,,0.9999858669764715,1.3355244657482812,1.3012302630236232,1.3012302630236232
boltz2,SASDF65,100,0,4.1123228762459,4.211375744804582,31.409319415983767,30.898880775050703,2.14872819196637,0.019056608794862463,0.015484069389873258,1.3333542617205763,0.017353831493473023,,0.5516544564032364,1.9722241778614233,1.4679655093404673,1.4679655093404673
boltz2,SASDFD3,100,0,3.526596147591691,3.892325195152561,26.995744427944086,27.0724994955541,0.2648618130780278,0.009621405778546192,0.006464432985620643,0.9833560422969221,0.029858134540352178,0.05146269200696665,0.490500791297099,2.3910132873649848,1.0422353949416203,1.0422353949416203
boltz2,SASDFG8,100,0,1.6597669165599653,1.7017118420810775,19.64316760697221,19.657474453024896,0.16334971966881184,0.025608299516599233,0.025189682533761974,1.018190690308244,0.015190466557704946,,0.9998213596038592,1.358430840737005,1.1372211044579732,1.1372211044579732
boltz2,SASDFJ8,100,0,2.8622780878042375,6.162067429191873,19.865763118596085,19.818005810774597,0.04546727755867863,0.026629394278620704,0.023830658345394048,1.7883123705471393,0.010000000888934291,,0.13623013718123395,2.600867587196141,1.9659656295107886,1.9659656295107886
boltz2,SASDFK8,100,0,1524.8475961740753,1596.3394972534902,16.259891906561823,15.533500241321525,1.2540640724148133,0.24429528547311083,0.13494967948114886,255.21524146332396,0.0100000000647798,,,,,
boltz2,SASDFP4,100,0,1.1113426263358694,1.123551789257226,26.122271092624533,26.13485148156805,0.13991969043740227,0.05051668720141897,0.05054564556325184,1.079898303522278,0.01823984253704618,,0.9999994616691975,1.1019007547861521,1.0903075153014274,1.0903075153014274
boltz2,SASDFP8,100,0,1.2057305594443528,1.22390812365624,18.345996069048788,18.34702248764482,0.009124401042168273,0.02201485753840345,0.021797014008764805,1.1285447723543847,0.025105097056512395,,0.9999911394726085,1.1881008643045246,1.1561342928838647,1.1561342928838647
boltz2,SASDFU7,100,0,1.809251065755052,1.9630821409149206,28.20940829071174,28.101905271398692,0.4547455967790981,0.048022754627418326,0.03690804464378784,1.0131039989768629,0.01565269332763659,,0.9995100787798421,1.4785938312083842,1.1762760022674756,1.1762760022674756
boltz2,SASDFY7,100,0,1.614012225397505,1.6390207212555887,22.944507253136834,22.94280551218406,0.04838339660658164,0.021818389145733117,0.020625136146708186,1.0928852643024802,0.023466179126718036,,0.998701245978969,1.354622619643603,1.1863604158368686,1.1863604158368686
boltz2,SASDG45,100,0,11.716288735906907,12.297352816335795,15.74205542549382,15.745787508316868,0.20624478852779404,0.020695265199672776,0.01300252064293043,2.6671253875083596,0.01000000014620466,,,7.932344185776953,5.010632523526203,5.010632523526203
boltz2,SASDGA5,100,0,2.364606379947679,3.653722430432657,20.760200287139867,20.740444921967075,0.05415410646194019,0.04425977707699568,0.040504921398119786,1.575519048526356,0.010000000601359148,,0.10237132379459785,2.266748264074894,1.9158532721660688,1.9158532721660688
boltz2,SASDGB5,100,0,402.08826391660875,425.4500238209835,19.79798600682061,19.768693267692978,0.21170797557256904,0.025721104862741623,0.00933162506025982,66.22233491936679,0.010000000021040796,,,,,
boltz2,SASDGD2,100,0,1.24948656945229,1.4268724433425646,21.034935112647148,21.034167574819218,0.04248856240922905,0.056724946083736544,0.055989677188786745,1.1890264693038113,0.018043461603337488,,0.9999977257623799,1.2376778494071852,1.211297602010687,1.211297602010687
boltz2,SASDGD6,100,0,1.1254147399755008,1.149096997846748,20.485360828959486,20.450327998412753,0.08691599373963399,0.058704583425721775,0.04688156380329518,0.9904982637972758,0.026550182275836783,0.0995757400920337,0.9999979628426082,1.0599749107060945,1.0024627260538657,1.0024627260538657
boltz2,SASDGG2,100,0,1.0982851588395637,1.0941086521309933,30.546220606877952,30.56169056162817,0.27336998806538304,0.02550132358339947,0.024851764382733975,1.0239467511005966,0.02168299341500855,,0.9999997358828989,1.066996218955699,1.0394110891593904,1.0394110891593904
boltz2,SASDGP5,100,0,97.53745025087889,98.88624330178256,19.787915649485488,19.035617453778258,2.045070492753407,0.05408704429682897,0.025626239399621935,1.0608382589586194,0.028124724824247164,,0.03994847424011033,,11.412427468723925,11.412427468723925
boltz2,SASDGQ9,100,0,2.374933527653706,2.607217461894878,23.56041429595318,23.570546947846537,0.19670702072620827,0.028970506892632607,0.030010646978137927,1.56489670271851,0.012992903221309136,,0.4162184025364921,2.138559626184653,1.7026647391330403,1.7026647391330403
boltz2,SASDGR2,100,0,3.1514654891296807,3.3329731965053737,18.64048531495815,18.645843327699932,0.21815738052207223,0.09353368550579502,0.07861130895930439,2.323130871446161,0.019792099668611035,,,2.9914515315039867,2.6694925173247825,2.6694925173247825
boltz2,SASDGX4,100,0,1.8050197189393729,1.8521663880095913,24.73116527114638,24.810027445442785,1.4279521707558906,0.0357226429635467,0.0380168722502607,1.1567615683930546,0.028182018974549826,,0.999351809492931,1.296965111203808,1.1821791837697473,1.1821791837697473
boltz2,SASDGZ5,100,0,43.36131361157445,45.4325340234877,26.057222536398527,25.998338575804286,0.6948425763312827,0.056131017314637606,0.032163195827845825,19.737953178661456,0.010000000201188151,,,35.35836962724454,30.504531730779295,30.504531730779295
boltz2,SASDH24,100,0,31.03107683038989,33.31634979486615,16.657849168172028,16.650010967693312,0.15299996992734322,0.03258991829322831,0.02126820909355113,16.632920225685393,0.019921195877162345,,,24.996586573633717,20.170765937112243,20.170765937112243
boltz2,SASDH25,100,0,3.040527594907375,3.198449785137296,22.98026990044023,23.05595976729799,0.2247411092619842,0.028915553687331265,0.02529201748807462,1.3922483019567056,0.010000000248496487,,0.14318751696067106,2.3725533983520632,1.9237947172229046,1.9237947172229046
boltz2,SASDH33,100,0,94.51393588278293,94.91167942709477,26.268672700017728,26.242902430890737,0.5609066787803805,0.07303558173365508,0.05338516568962196,30.516708474273308,0.014227075890424927,,,73.07999592895841,60.599829056158654,60.599829056158654
boltz2,SASDH34,100,0,27.99503095930101,40.56496368409765,26.277002036996276,26.207586888527914,0.13434732132870764,0.02514508093000918,0.0257546832277396,9.417696582194507,0.013652775742714724,,,23.251080654231327,18.462850017935676,18.462850017935676
boltz2,SASDH64,100,0,1.2182859170164182,1.2221014346284278,13.432718016678985,13.435005160408563,0.032232367475732104,0.03769922728888915,0.039756845084249585,1.1405102410985515,0.010000000001346782,,0.9999796084130051,1.1907248608432026,1.160954215193204,1.160954215193204
boltz2,SASDH65,100,0,22.13242661191057,25.471469565205552,24.7012672741471,24.674168509322705,0.7239787341625892,0.04501175487854812,0.03404724844854643,13.626518454744422,0.010000002393684386,,,19.82415297187954,16.516904844741383,16.516904844741383
boltz2,SASDH69,100,0,1.339687251489006,1.3448128660779004,24.755673378763095,24.732952606766855,0.5000493366684857,0.018606657320159724,0.020388061030643168,1.1561503740287293,0.02083875911908925,,0.9989869587617966,1.188640272322496,1.1667964649445408,1.1667964649445408
boltz2,SASDH84,100,0,17.662430362668385,17.677301197835163,17.575225888139443,17.48082258839141,0.9210803562729168,0.04518638816263142,0.02694467348558902,1.6484115987072645,0.013155038764865385,,0.01766333368960329,13.106516552616867,9.68409424332078,9.68409424332078
boltz2,SASDH95,100,0,64.05131623849526,63.98346345032329,20.90454189730643,20.82990628814266,0.5138958840991386,0.05630636049853156,0.04668249021907348,24.382946764072777,0.010000001344464722,,,54.9002262118777,47.66785429174739,47.66785429174739
boltz2,SASDHC9,100,0,2.9662412932183146,2.9691471525828406,31.448798623194502,31.428988208285382,0.2785393109521763,0.021832265698783458,0.021623879131498828,2.6339160988207064,0.010000001009562992,,,2.870043384627614,2.805888011869108,2.805888011869108
boltz2,SASDHD5,100,0,60.60801953117726,61.653588950773496,18.408040070739684,18.284652488922795,0.6027904534692858,0.1998034749483602,0.08022709666592502,10.420644883931919,0.010000000012941698,,,55.58881176332548,48.17103247888544,48.17103247888544
boltz2,SASDHF8,100,0,15.91714807683954,19.83087829115367,11.439046605403316,11.57547001038963,0.3353926913971961,0.039057653498454005,0.02854829992673943,7.272400487686313,0.010000000270162878,,,11.472172085368891,9.228959211858731,9.228959211858731
boltz2,SASDHG4,100,0,191.4490247643932,232.6254063974659,19.36121003105482,19.03173591680156,0.6841590975687133,0.02816350366998129,0.010844949950226068,41.40108054820358,0.010000000086819706,,,,82.06211134958511,82.06211134958511
boltz2,SASDHG9,100,0,2.8072919918692385,2.950396693928798,23.902346968717048,23.85575326602565,0.17915216446543525,0.03841826785326639,0.0404368933622184,1.3476849350033504,0.01000000049162631,,0.059635118890284396,2.3490190906323303,2.0503843555915036,2.0503843555915036
boltz2,SASDHN7,100,0,2.040862017955152,3.493210290422716,14.397314636683463,14.415468549971713,0.146746289306396,0.0633230788806906,0.05714494237114761,1.7379008674358027,0.010000000383409851,,0.7939696674850215,1.9448927038662107,1.8853066907111775,1.8853066907111775
boltz2,SASDHP4,100,0,2.196678264180924,2.2105653552588214,20.27253005415896,20.299980492150432,0.2052620388527906,0.09198928157962544,0.08732877783208921,1.8357143037095447,0.01000008306059159,,0.21777746122781086,2.103135710310982,1.9690526745148866,1.9690526745148866
boltz2,SASDHP7,100,0,1.4813192901304693,1.8084368977585803,18.859525283062258,18.843207061572002,0.05627012546784016,0.0376023470343234,0.0374233574935099,1.3906373593094565,0.010000004224991341,,0.9999996888423024,1.4497241508109502,1.4330852350743417,1.4330852350743417
boltz2,SASDHS8,100,0,1.2694543824684141,4.373560001758698,28.43671511570783,28.376009094942702,0.5229372217445523,0.19593103745687665,0.21949309336066672,1.1797486637122436,0.010000000429948615,,0.9999932580105299,1.240673497296935,1.225028919478086,1.225028919478086
boltz2,SASDHT5,100,0,1.3325681628838784,1.3441206510228396,22.855459545199153,22.72046203289151,0.62227842639766,0.1723707994267004,0.15375945719512293,1.2081582841911638,0.010293358424403643,,0.9999984510799659,1.308985910649318,1.263891946356811,1.263891946356811
boltz2,SASDHV4,100,0,8.830454141738791,12.624720686788113,22.50028660213689,22.5042549379841,0.2807392784492748,0.05134980728233451,0.04310844669349545,6.231571737484578,0.010000001452077181,,,8.402741488289315,8.030755092546391,8.030755092546391
boltz2,SASDHW9,100,0,1.608839202119951,1.7021215505748377,28.724898595470037,28.710549709240134,0.13993677334260823,0.03408773944817927,0.03503935160060604,1.1659282921392966,0.01000000037045415,,0.9998619622626969,1.4891572761261282,1.410642261635746,1.410642261635746
boltz2,SASDJ28,100,0,4.510123329825241,4.80237608598239,20.382908196117285,20.329975773796267,0.054659249510159214,0.02416994716222145,0.022568179968375193,2.886897240765191,0.011723728396772604,,,4.012108414704017,3.004266864338176,3.004266864338176
boltz2,SASDJ29,100,0,4.0450226898348465,4.092372192415954,23.6039956960399,23.190304307601707,0.8199167289151532,0.0255700855096814,0.029495450218981825,0.9967675199689464,0.10131941936129091,0.1563621395175697,0.7110421757519814,1.5070279195191938,0.9967675199689464,0.9967675199689464
boltz2,SASDJ63,100,0,7.216913370796945,7.90604377944296,27.48263871764466,27.475195575548064,0.19341970290889776,0.05655872322080533,0.04269441657272087,4.209511621851949,0.010000000522839409,,,6.637257707410563,5.401974892729562,5.401974892729562
boltz2,SASDJ83,100,0,1.0918037485274337,1.2045085271821676,20.23335604535476,20.276515025824516,0.20856145475099197,0.023820839923835286,0.02297534664490081,0.9754304357232995,0.019119655981063032,0.09214257523974795,0.9999892379957964,1.0420323220385672,1.007844388604658,1.007844388604658
boltz2,SASDJ84,100,0,2.6806113394366595,2.7836203457967414,27.09263211159455,27.289252826454444,0.6229649214299329,0.010318195721379398,0.008653858874377331,1.2656657382256187,0.021966143323343967,,0.6602046524765923,1.6920611291498768,1.417746447406062,1.417746447406062
boltz2,SASDJ86,100,0,13.884359053092798,16.12794714810704,19.374141457019327,18.649276446551937,1.4484902868037395,0.0795328696551297,0.0507598968374865,4.303415073506302,0.010000000202940063,,,11.827433361954155,7.921550120077567,7.921550120077567
boltz2,SASDJ93,100,0,1.4294027181790852,1.4284713211193596,21.930838226910815,21.937095940166547,0.0787089104749441,0.023002947670449206,0.023131372709379195,1.2878745715350204,0.019934674409906226,,0.9999791838971153,1.3806466605850838,1.3521049343771177,1.3521049343771177
boltz2,SASDJ94,100,0,1.8464886532049865,1.8473678369440756,20.58605377182705,20.49621413586728,0.5474458882115449,0.008882674467801933,0.007409284815999355,1.1356332613368785,0.018076632148682797,,0.9986987319650835,1.4693085384093274,1.2258635902459851,1.2258635902459851
boltz2,SASDJA4,100,0,1.1972301379664205,1.2020627080356299,22.804969224665015,22.80056815991135,0.13364832001042615,0.023694610040380284,0.024769200326670057,0.878962860831684,0.019974420611167994,0.14242489398676722,0.9999787853689781,1.1205034498536572,0.9914044503777537,0.9914044503777537
boltz2,SASDJA5,100,0,57.51022366349889,69.03766738356302,18.331430206691305,18.298499884165672,0.37521017340642615,0.05593574608628787,0.03969785950021522,31.381230651069966,0.016771272118661626,,,45.011299476409114,40.55077004917153,40.55077004917153
boltz2,SASDJB2,100,0,1.4482739183968056,1.4825672142563742,20.370328305428036,20.375563126692857,0.0587993686003081,0.031289285909158006,0.03169746500079602,1.3574069124969965,0.01000000000051984,,0.9999916481085372,1.4123864230569971,1.3777206937063151,1.3777206937063151
boltz2,SASDJB9,100,0,1.1300449281926916,1.136072115311823,16.235085019171873,15.78174971284292,1.4859302121405218,0.10724538620575934,0.0991664116936365,1.0219710209698156,0.01913671981636129,,0.9999806729288507,1.0649458042430076,1.0332596824120808,1.0332596824120808
boltz2,SASDJC4,100,0,3.1424160494647904,3.1383909969343518,23.46387115974612,23.090812526472625,1.5973413175436697,0.026917116117307065,0.027705901452680412,1.8648395391337433,0.0297976152295481,,0.04760234644193814,2.443997633505949,2.248093859882693,2.248093859882693
boltz2,SASDJD6,100,0,230.7303823869459,230.13382180580382,29.7108942403925,29.716910986831998,0.3008401529963294,0.04591991010334652,0.030669337159993496,156.89736178092886,0.01000000137631583,,,207.64041557353823,192.64941256524352,192.64941256524352
boltz2,SASDJE2,100,0,96.14673409060165,96.61088237799568,12.005214424545345,11.975593949309637,1.5578326310494788,0.06169103235508548,0.01822968513936773,11.460638894967232,0.01799353326815582,,,,22.27086398148413,22.27086398148413
boltz2,SASDJE4,100,0,1.754347380247114,2.2051026479377263,21.012636941399183,20.985712744042246,0.19896382093978104,0.04643288972108911,0.046361134850221294,1.6821090320495844,0.010000001870296385,,0.9999999821406478,1.7333022720502373,1.7202579252128882,1.7202579252128882
boltz2,SASDJF5,100,0,23.974201296238316,24.74129699898459,18.85981472627732,18.774849648694786,0.4637509506576869,0.03687460164700914,0.020624507519376504,1.5080454116946875,0.019818077262177047,,0.025380312421280676,,11.701991608328454,11.701991608328454
boltz2,SASDJF6,100,0,53.60077329218356,53.778552213169775,12.217243748614855,11.862620003818225,0.6738722867734275,0.12132771350887318,0.058845354495516006,5.4177119561364435,0.018429166063224908,,,,15.31445863961953,15.31445863961953
boltz2,SASDJG2,100,0,12.769660473614422,16.322192739124414,10.17450307684346,10.168877901375648,0.3586929029333099,0.027289427377655488,0.017472674121877713,3.3419040455911855,0.014519570770836876,,,9.57840288230432,6.425084697931494,6.425084697931494
boltz2,SASDJG4,100,0,2.6844067865735797,3.275579408858695,26.40958929934058,26.36279706671357,0.3954559906537298,0.04522251510925742,0.04174032145999133,1.7660535322746487,0.01201822152683313,,0.17875707689616965,2.3181929957888907,1.8684048053207816,1.8684048053207816
boltz2,SASDJG6,100,0,9.436797825333203,14.996831773932083,8.933086377329674,8.748322524953123,0.7803021540343344,0.1025551239354429,0.048845888291226096,2.03199333934218,0.04264742124914052,,,6.063735957818118,2.3100529168730404,2.3100529168730404
boltz2,SASDJH6,100,0,817.8569163020895,840.8737368887253,11.527216710615495,11.605763119274574,0.6927957778277971,0.09814598098285986,0.07026637281528066,461.0523418141056,0.010000000185594056,,,,,
boltz2,SASDJJ4,100,0,1.0918795083796788,1.0996455327477197,17.645490264773798,17.630375029217,0.13076904541048506,0.06166319457456683,0.061300767609435376,1.0226732572992165,0.010000003205262665,,0.9999845184473911,1.0573950822422304,1.038538844524435,1.038538844524435
boltz2,SASDJJ6,100,0,238.46626474267015,238.2515962646775,16.197167083840803,16.19080804824763,0.45637675681961554,0.16360045304707477,0.13135525720651994,204.7305760973157,0.010000015819273797,,,226.77061893876274,211.76617691610116,211.76617691610116
boltz2,SASDJK6,100,0,2027.7324979489074,2111.0259617241536,16.683829229639997,16.64601891876265,0.5957632894052658,0.22355005369091846,0.2358660845207519,1769.8318958385166,0.010000004441309863,,,,1825.210681598283,1825.210681598283
boltz2,SASDJL9,100,0,4.092572961345435,4.654985806549756,13.9886974031641,13.988027884103666,0.2096857707326656,0.034824004308078735,0.029921257081390568,2.7838912176040798,0.017317337538245287,,,3.460066911238179,3.02873286881156,3.02873286881156
boltz2,SASDJM2,100,0,56.39480432819409,56.557357998951744,39.459972961570315,39.79732436552557,1.1312341284162457,0.01962385861435166,0.013436978353555694,2.1250131561853673,0.02683278438937441,,,,12.041197754497038,12.041197754497038
boltz2,SASDJM5,100,0,44.83741396322721,63.883687237789836,23.97929810557698,23.895945095897893,0.6058416676293916,0.056588478673782236,0.039339510192246366,20.6448609085647,0.017136855852566413,,,40.34998368608774,29.48715443363764,29.48715443363764
boltz2,SASDJN5,100,0,3.759760231967714,4.089528725583414,28.284326872942277,28.295523139432248,0.15124288735474423,0.036318109331216,0.035559352902247814,2.978821176014896,0.010000000334312103,,,3.5397709962830977,3.243998479029129,3.243998479029129
boltz2,SASDJP5,100,0,0.9597376888402495,0.9702697050437883,29.32520044228773,29.317219204645205,0.09065864528447065,0.037117141173109776,0.037154173377412114,0.9290257159922252,0.015700612547888102,0.9999996828706211,0.9999996828706211,0.9521265465467278,0.940645637917931,0.940645637917931
boltz2,SASDJR3,100,0,1.1744700861851927,1.1757894065315913,22.580337861706962,22.59974274592082,0.1671908422194015,0.07636118841506415,0.07162364599684,1.1034011480706778,0.010000012348398096,,0.9999983247054398,1.1391107410523347,1.1190055315383585,1.1190055315383585
boltz2,SASDJT3,100,0,4.417010063616444,4.894541876850676,31.87432431269832,31.890624207949262,0.22391175767856097,0.027484207526430618,0.02360633531457129,3.678010362791055,0.010000003055127257,,,4.257382323977396,4.134579231265671,4.134579231265671
boltz2,SASDJT7,100,0,362.9583914410888,373.9819103809294,16.396731930440154,16.366399026304563,0.41261192962558013,0.07801901649497381,0.0625293749211587,307.76143914568246,0.010000001531701988,,,,330.40472286067893,330.40472286067893
boltz2,SASDJV9,100,0,5.2245591378506795,5.481141344915014,17.948091823730834,17.558462546980067,1.5291629696411881,0.027155804987006454,0.016160225279514866,1.0737943799745626,0.02741854625749325,,0.4326077628681984,2.4019083099542144,1.0911299348609467,1.0911299348609467
boltz2,SASDJX3,100,0,175.89796882347747,181.29997816986273,19.017326464967088,18.979307162488254,0.4707104964820985,0.04254462496762881,0.03350369274574072,107.21050475771744,0.01000000000201072,,,,142.4977500513067,142.4977500513067
boltz2,SASDJX7,100,0,4.384493002646529,4.788194578972486,25.859481514348538,25.710331857310415,0.49632536694314666,0.016161709201783652,0.01260364228750748,3.015582543635755,0.025450522927076117,,,3.7924021852384375,3.1259168865507223,3.1259168865507223
boltz2,SASDJY2,100,0,3.6151872110910825,4.706408832510344,18.36711998434097,18.320931726915127,0.4834441962832763,0.019748252356883177,0.016975300138372885,1.0692488033103293,0.015296087171450378,,0.20762394897128314,2.6202869297156073,1.790738114177132,1.790738114177132
boltz2,SASDJZ6,100,0,5.512349756838824,7.1581064775633285,25.447005849481467,25.514188084322235,1.0069585188627883,0.020322363552779863,0.01726436103419991,2.1518459880317957,0.023654076554234654,,,4.2900584376101865,2.677279327788699,2.677279327788699
boltz2,SASDK42,100,0,67.09481171833376,81.29496143122587,24.31855224895285,23.225211811850453,2.55280251752297,0.056737237503616325,0.014045211591145008,1.4312642390721342,0.013675206265894089,,0.05239059584933156,33.27566419338838,4.2262753555877115,4.2262753555877115
boltz2,SASDK52,100,0,1.4343179332317635,1.4534255834099543,23.570413359085858,23.421633851859767,0.13472718801043015,0.11189635774774342,0.090848614701553,1.1534309178530038,0.09582218343184472,,0.999868822777052,1.2806750576301624,1.1575798906811428,1.1575798906811428
boltz2,SASDK56,100,0,1.4168885904962476,1.4148479561897114,20.00965356737974,20.009306006047026,0.10292064676786339,0.07493366019695047,0.07435774430787678,1.3492237492061112,0.010000000000278328,,0.9999994303414829,1.4072677370447775,1.3825207330937532,1.3825207330937532
boltz2,SASDK68,100,0,175.809543738268,193.57225117833025,16.500149986479816,16.424824571867852,0.6298545023827451,0.10764545826194376,0.08663808008120603,123.80523164646044,0.010000000000004844,,,167.74911508792505,159.50540297310098,159.50540297310098
boltz2,SASDK76,100,0,1.1256490401496846,1.2345528253058016,21.35122719858783,21.348733820230915,0.07448593121241487,0.05823763967372183,0.05673890920626918,1.0804531842502694,0.014951429803286282,,0.9999999781696245,1.1098825576810978,1.1006753363973145,1.1006753363973145
boltz2,SASDK92,100,0,53.49318743622286,506.9225103677132,26.60311197632325,26.652105972198463,0.8777794191733221,0.018730287768592438,0.013445321753670044,22.387278432477405,0.018285991140810125,,,40.51998224560513,26.42427831668581,26.42427831668581
boltz2,SASDKD6,100,0,161.53344669951824,169.65836715475075,13.23301376170219,13.202313899014381,0.7161978870233803,0.08299318372445563,0.06504608159997054,109.97613507691506,0.010000001089290162,,,,123.57443169248846,123.57443169248846
boltz2,SASDKH8,100,0,239.4251480858668,239.91835511491033,17.147417653281007,16.4670946078122,1.2286651617160231,0.22231728719207955,0.13088601121616505,58.08844783770202,0.010000000194324258,,,,132.75983280698338,132.75983280698338
boltz2,SASDKK2,100,0,111.82315127199209,162.05352601070894,25.002779582074087,24.82959408903337,1.1719422890345363,0.03468229547945558,0.012109652653470493,10.687175705664446,0.011608494681321295,,,,64.80692357894779,64.80692357894779
boltz2,SASDKK9,100,0,11.205706091265554,11.678103822193195,23.838344384686515,23.995278407734354,1.7824947819140071,0.032027660628233624,0.024427417611944068,3.6145565126548496,0.015209799087870757,,,6.596166639639671,4.936760927888462,4.936760927888462
boltz2,SASDKQ3,100,0,43.10631669566763,43.65111564135464,33.274034961328894,33.26817375303262,0.18231325913652796,0.02247821597205558,0.02307419217136998,40.574643168954736,0.017307930786806102,,,42.24689580665211,41.259545461880016,41.259545461880016
boltz2,SASDKQ4,100,0,84.53184362676157,100.79177158134038,19.853932317202748,19.87459024916375,0.12670336017497874,0.20090435242817,0.1959489407006222,82.15888930368237,0.01,,,83.74724729311876,83.26481870928701,83.26481870928701
boltz2,SASDKU8,100,0,58.63464939498889,59.76757661958425,15.44126839867244,15.348253837728496,0.5879015327042598,0.09200944298279266,0.06671411087182219,36.327666832511866,0.010000000301241683,,,53.67041339928228,48.98536181508408,48.98536181508408
boltz2,SASDKV7,100,0,1.0358585195768473,1.08066005141661,24.60749270789389,24.606532429562364,0.13801643331690983,0.0799567827447353,0.07948020790268684,1.0152434665216767,0.010000019863608007,,0.9999999092866184,1.0273517276306658,1.019452680181626,1.019452680181626
boltz2,SASDKW7,100,0,1.0860338056807577,1.217665990746267,20.688816322403856,20.702034936442587,0.11485267768593843,0.04316859792130974,0.04264274911963073,1.0744074657010048,0.018299775607394365,,0.9999999735275107,1.0819367491241065,1.0793653339382414,1.0793653339382414
boltz2,SASDKX6,100,0,2.271328643449736,3.7297119318233825,16.084416887223995,16.015358999006473,0.8812220162679623,0.09762023798859143,0.08030864559003245,1.4974975713996883,0.014489276988044251,,0.5672680948263942,1.946158606031987,1.6760583881619364,1.6760583881619364
boltz2,SASDL26,100,0,1.678746339821503,1.680900005515187,27.295632445320166,27.419748105235357,0.5752550903572491,0.039117368980947434,0.03924002216022896,0.8275825530777369,0.036152127504034744,0.3723587242664027,0.9996018736418247,1.0584690401329448,0.849542702094407,0.849542702094407
boltz2,SASDL49,100,0,58.56831879286571,60.89176857502624,52.15677963028981,52.296501691151235,1.5081569343709518,0.0365653915299529,0.029783520050945176,39.50183872366235,0.010000000399987153,,,50.77185000779243,44.10386609872979,44.10386609872979
boltz2,SASDL62,100,0,3.3316525869857467,3.488722972653483,22.215678220638065,22.22190355811626,0.0635103288051404,0.023464076560373116,0.022713610697073977,3.0038351727303803,0.010000009002151469,,,3.244816930451995,3.1826213233128358,3.1826213233128358
boltz2,SASDLA5,100,0,1.466317971072872,1.4879066345674234,14.958926695947993,14.957439695803423,0.02063416567274068,0.038966191825159494,0.03322032703791883,1.3173605336647352,0.010000001102217873,,0.9998938683229076,1.4070382310513492,1.3555946405552746,1.3555946405552746
boltz2,SASDLB7,100,0,22.259539708109468,25.42622487931312,22.60842531586794,22.453853451207824,0.7792779535415235,0.05100244347720075,0.036093130690624316,8.984734173023721,0.010000000187188296,,,18.883647563391634,13.931996319051974,13.931996319051974
boltz2,SASDLF3,100,0,447.71813723469546,518.4594481028513,24.26219761147867,24.437638758578323,3.69812743096918,0.06486738773821717,0.03919592356942722,110.90580225187429,0.010000000241204766,,,,,
boltz2,SASDLF9,100,0,70.12700122126691,70.81753854949545,15.82984048522891,15.894027989297037,0.5091461429800965,0.26332300642202217,0.30602592079222024,62.667569599387484,0.010000000015414368,,,67.07331070740244,64.53669751876957,64.53669751876957
boltz2,SASDLH5,100,0,1223.31148506225,1281.948644026795,26.54083541118413,26.014261604424313,1.8399463133926481,0.17191002377397777,0.15928567168538366,700.710120365033,0.015706279088360597,,,,,
boltz2,SASDLH9,100,0,8225.048674952886,10257.494955107626,15.793367618279069,15.0890295381083,0.7680281402981421,0.04673329726335746,0.015504924502131378,734.7880324293556,0.01821889186033161,,,,,
boltz2,SASDLJ9,100,0,2028.9558021366872,2273.244269951377,13.62546644888588,13.605303817501197,0.34489969089440997,0.1101585462995271,0.10053119526661662,1740.3646060978413,0.010000001472296786,,,,1905.4456810774186,1905.4456810774186
boltz2,SASDLK9,100,0,584.7310927467596,682.376109131956,23.172645502277664,23.130676934293845,0.44506416871785603,0.21114595834019967,0.20131229431603906,555.298270517921,0.010000007098516752,,,578.06779362207,572.1001124901119,572.1001124901119
boltz2,SASDLM8,100,0,6.724583231917743,6.7803460250820295,23.51464271709879,23.5344903372223,0.355477617631589,0.07682794438805793,0.06751215797959574,4.999120042058728,0.010000000795336608,,,6.148194189451974,5.797014903211856,5.797014903211856
boltz2,SASDLM9,100,0,53.3471699727251,55.32311049039467,19.964013007680993,19.201506312723463,2.6213380738632885,0.053845382930938004,0.025110364007220755,2.4365620259146645,0.012223133572050881,,,12.152664690698888,4.058692556736606,4.058692556736606
boltz2,SASDLQ3,100,0,0.7859879819917616,0.7839184513621184,17.3604455067216,17.35920697258682,0.022848776523201053,0.02858711871703644,0.027590700674415478,0.7824690865632328,0.013382365384880785,0.9999999985705108,0.9999999985705108,0.7843069250163359,0.7833553721409722,0.7833553721409722
boltz2,SASDLR9,100,0,1.1484337213988296,1.1477707607582377,17.87329504121386,17.90308711629787,0.33808596730653306,0.029821536190625476,0.030668425192346232,1.0675516948353847,0.019995899668509096,,0.9999727845275521,1.109923387906927,1.0969951554934296,1.0969951554934296
boltz2,SASDLS4,100,0,315.26252892565327,320.12972832903716,19.859330811797356,19.45090431617995,0.8303382789456357,0.251695267824899,0.263237369446603,134.17739378126123,0.010000000853191995,,,,173.1136786483121,173.1136786483121
boltz2,SASDLT4,100,0,105.12600627246437,118.87374624710483,21.530694875701553,21.480482826377973,0.564447669903597,0.20117225576827324,0.21209310011217394,93.55217109168188,0.010000000145603092,,,103.71443899867322,102.14853001406098,102.14853001406098
boltz2,SASDM43,100,0,1.4354135372903096,2.451116155897713,15.762096472984291,15.72174500209541,0.33556272037432144,0.060704823514027645,0.05799382145766289,1.1176338873503273,0.019283581579641797,,0.9998117741181675,1.2502949658431957,1.148917989067294,1.148917989067294
boltz2,SASDM53,100,0,4.353975592911263,5.606562545865771,19.759446131493814,19.738367336344677,0.7444183294109052,0.060608447845036495,0.059812730492264175,1.3894595878704372,0.01000000002136993,,0.019708472269957332,3.834363761475288,2.8074112644643603,2.8074112644643603
boltz2,SASDM55,100,0,3.87791111582867,5.161760663114095,16.542071439384646,16.546011667470182,0.05247399276795761,0.01864296213872476,0.013462300535251675,2.4855252617054795,0.010000000514532079,,,3.583636166577973,3.0595675100144253,3.0595675100144253
boltz2,SASDM65,100,0,10.7511853753327,10.751975959468188,34.718823442208596,33.45739027831537,4.4763886587504444,0.016433557458158714,0.013827767627082557,4.666601581653681,0.03363240435349645,,,8.446896487763937,6.340432052096811,6.340432052096811
boltz2,SASDM75,100,0,25.276548777004976,25.70385211535174,29.551133764577752,29.536758123819496,0.5202859195057421,0.02372231060922347,0.0162017812877683,10.443181706233554,0.01000000009352509,,,19.991074378193858,15.709062054750884,15.709062054750884
boltz2,SASDM82,100,0,1.0477161254106977,1.0466942847211445,13.976459451698242,13.988162205916705,0.08423536692356848,0.09945147815323277,0.09817595401373344,1.0414534080052755,0.017250127992496218,,0.999999926305178,1.0447951501899513,1.0428179894972593,1.0428179894972593
boltz2,SASDM97,100,0,9.045075328018001,9.440674348875364,21.324172203527233,20.371053873945694,3.475398071112373,0.028467278032409626,0.0296446901839968,1.207711419895795,0.03611751617339851,,0.40394394397850797,2.7140769431254146,1.2341554848946887,1.2341554848946887
boltz2,SASDMA5,100,0,1.0251115750436537,1.0440904967666422,11.98647063972306,11.951788094058951,0.44649360879197,0.056928845876871394,0.055180032194565604,1.0008099732687286,0.024297866425280975,,0.9999985646411599,1.0124155957233034,1.0035449229075124,1.0035449229075124
boltz2,SASDMC9,100,0,25.577551303861362,25.618644012323024,26.319684565976914,26.25377296263225,0.585331092016812,0.03946693657032098,0.040593631447392906,12.372220472200052,0.01000000040421712,,,22.817203121648745,18.176856148626165,18.176856148626165
boltz2,SASDMQ2,100,0,1.6103870694973001,1.625048149461341,57.49463779748773,57.46313873597937,0.5436208464708798,0.036174708415655656,0.03509628629410273,1.4488544447627907,0.01000000164598434,,0.9999781473630053,1.554537213980841,1.492082877233576,1.492082877233576
boltz2,SASDMQ3,100,0,2.75211842436314,3.3603706751288223,29.736876276895593,29.594568977437433,0.9578883634610129,0.06291199268253168,0.05378737938914155,1.869131811081784,0.010000004807764907,,0.07938923519820683,2.4542088207668593,2.10885881049233,2.10885881049233
boltz2,SASDMQ9,100,0,31.564368501966445,31.620428761049148,34.47636575161833,34.505501243565384,0.6499856152285446,0.0265339100153278,0.024840093075481514,21.659083844698124,0.010000000358936896,,,29.744114957266042,25.691982515672613,25.691982515672613
boltz2,SASDMR3,100,0,1.3858031018908907,1.3989143210619008,13.800377513102683,13.741997701205104,0.21416231182996448,0.0448433510088338,0.043091648331459745,1.3338898192360857,0.01000002162650935,,0.9999970577765093,1.363977076297967,1.3485323782910652,1.3485323782910652
boltz2,SASDMS3,100,0,1.4234509387671528,1.5607513988294388,23.919743205080515,23.89757661334123,0.24377897132011128,0.02923752858559698,0.024716319642131418,1.160348552765063,0.010000002987460456,,0.9999415245697431,1.3173905681548248,1.185582376710936,1.185582376710936
boltz2,SASDMS4,100,0,1.657439420332662,1.698913292832549,27.52262870835746,27.303272327213165,0.27586810362936376,0.04831467818293527,0.03986103766457087,1.1224390838441896,0.03192267965123771,,0.9997658733528622,1.399981767564561,1.2364229212268634,1.2364229212268634
boltz2,SASDMT5,100,0,21.274631652044572,30.190794855737494,24.33027304834602,23.93434989508519,1.0937108419534596,0.06328922299612978,0.05237029862892509,13.628529570939971,0.010000000430705031,,,19.596244692492178,18.03040074654931,18.03040074654931
boltz2,SASDMT7,100,0,1.417589371932654,1.4896853764196736,22.817430084144508,22.81801756984867,0.025901915241760776,0.04957851912410155,0.046542079786683246,1.323372900036942,0.017868047894624848,,0.9999972734116719,1.38128351238227,1.3626635355207317,1.3626635355207317
boltz2,SASDMU6,100,0,1.4777058199458233,1.4867523755036496,18.67212809346358,18.568463008357185,0.6907681439665616,0.04645864606428098,0.04700141789725934,1.0972525148952057,0.010000004771924732,,0.9999210708280788,1.2403222398049032,1.134016878201139,1.134016878201139
boltz2,SASDMV6,100,0,40.41622836141393,42.86035754385934,19.347796282437347,19.383512219805038,0.4157665263430488,0.048141837357363715,0.03857493237605489,10.451188476147957,0.010000000014648881,,,34.42730149550965,29.518429514689597,29.518429514689597
boltz2,SASDMX9,100,0,7.482207029004465,9.410213242312388,20.433233586949402,20.422163819140852,0.14976703111839385,0.026747247563292893,0.03970167805415215,2.8953873875183764,0.010000002824088855,,,5.274473871835538,3.839251457393883,3.839251457393883
boltz2,SASDMY9,100,0,7.318689866661366,7.84607531005178,21.893813212946263,21.88885421155893,0.17424692835142253,0.035767091505569296,0.04239976388336303,2.6831309540381922,0.010000000012756716,,,6.207038227059918,5.361888472519465,5.361888472519465
boltz2,SASDN65,100,0,1.6425972112243237,2.0664378688572205,18.57145993454638,18.41682642296891,0.5248659941078309,0.01689822626067758,0.013323138790065137,1.0888105677993247,0.03944116953246883,,0.9996004297276312,1.2732426739613965,1.1295923054700345,1.1295923054700345
boltz2,SASDN68,100,0,35.8718681024669,37.01334840503022,18.629467420553688,18.575208138813714,0.29305348302123235,0.0477056102598458,0.024582325350823917,1.6616467188385333,0.017959640148098407,,0.022273232785274245,,,
boltz2,SASDN73,100,0,1.3756280273231745,1.37378386222403,22.303444126696885,22.303563924548826,0.055933668947197646,0.024919727804644454,0.024578135335452177,1.2238916612265553,0.010000001248500433,,0.9999979199370057,1.3296463432152539,1.2975073492359468,1.2975073492359468
boltz2,SASDNB2,100,0,5.987591610332777,6.224374727633378,14.257416694431774,14.27084044071865,0.09158459281085207,0.06813925684200606,0.06285942967285463,5.608205052086808,0.010000000000002958,,,5.84583697864617,5.693096350992528,5.693096350992528
boltz2,SASDNB7,100,0,1.0117511347460544,1.0116067956393846,21.494933184438143,21.41448202008135,0.32410703684826814,0.05993806697373468,0.05830804026244284,0.9884845259809215,0.0199954896348872,0.8244808115332023,0.9999957920794493,0.9936733191660622,0.9893243310496088,0.9893243310496088
boltz2,SASDNB8,100,0,49.57304284454823,49.58633905282841,18.685617276615535,18.639822696371994,0.740434894813621,0.09831045418247247,0.08222856460463375,30.77567923230987,0.010000001069337572,,,44.06930233714857,36.648629518546336,36.648629518546336
boltz2,SASDNC7,100,0,8.207954547324348,8.552146523403351,25.826054947866083,25.825669001837646,0.5140996656390762,0.03895985785178624,0.02593629091228623,1.9431184332595748,0.019815020920052304,,0.02763711575010532,4.7852312908961325,2.6070901193537703,2.6070901193537703
boltz2,SASDND2,100,0,4.028536298500812,4.157207620789683,13.536892680675571,13.53690949531208,0.013750459426768558,0.013042908988047735,0.012340560876689055,3.6226146629431186,0.010000006287951531,,,3.9183585689920335,3.7655112532003225,3.7655112532003225
boltz2,SASDNG9,100,0,22.055022574405324,27.125466152405917,18.020928667357612,17.93558077962124,0.22603072789831558,0.024289269123147626,0.011179970594501284,3.410007308972841,0.04194972439400441,,,7.921669526346163,3.8424396097443996,3.8424396097443996
boltz2,SASDNK8,100,0,1.7304932200214342,1.8110184838938528,26.81779171965129,26.97718925108476,1.6494273748204158,0.10101700713681493,0.09409124518096072,1.2013085188254893,0.010000003159819184,,0.9998812584817501,1.5007234362833688,1.341783189856902,1.341783189856902
boltz2,SASDNL5,100,0,1.9971286241368593,2.5413927882622653,21.92804377960944,21.745008450119947,0.3896895542820431,0.027468357443906927,0.026776213309387877,1.0388594169011698,0.02492777504127906,,0.9989493225213945,1.604827052528975,1.1476651140254954,1.1476651140254954
boltz2,SASDNL8,100,0,1.1050236480757085,1.1075785635708202,28.754844209733672,29.0384521853763,1.9234857360718074,0.08145230999674402,0.08093303359798333,1.0854980017382234,0.023980273694166426,,0.9999992717878363,1.0924459266031623,1.0869769796532271,1.0869769796532271
boltz2,SASDNM3,100,0,2.760316262879631,2.869331594754211,27.296582146717657,27.29746947463877,0.16244373172732196,0.01501997006839111,0.014313581947853335,2.21765057079441,0.010000000000000016,,,2.6141051615319855,2.4962401146104716,2.4962401146104716
boltz2,SASDNM8,100,0,1.2940730072893247,1.300145854920636,14.717657222112521,14.631996740468047,0.24558359851477363,0.05004399770095037,0.05360919373743233,0.9835798581732595,0.06254774778049046,0.27247498484001276,0.9997906734257609,1.0805083179510806,0.9847851891364078,0.9847851891364078
boltz2,SASDNM9,100,0,6.374103306063885,6.544744349149139,20.66108071273297,20.411710098382787,0.5459634538169738,0.016296929129927588,0.014917286774194396,2.9501043590677583,0.040429606639668395,,,3.7900733922069523,3.3049189878772554,3.3049189878772554
boltz2,SASDNQ9,100,0,50.185324507355546,50.530409075517156,26.14264406221894,26.120135172208705,0.1627183983944107,0.04552698562845522,0.020957850427408064,3.840837166822403,0.02197493735318453,,,38.76647421531503,11.570208859124255,11.570208859124255
boltz2,SASDNS3,100,0,71.38860468607515,73.20246041468658,35.81166710682178,35.790666243746045,8.641626423869866,0.09947699373085361,0.07818701712357999,21.228677089674157,0.018696114830310064,,,40.18386395853091,27.775868027253136,27.775868027253136
boltz2,SASDNS9,100,0,9.560407564025109,9.648843728020879,26.747626594609816,27.429092841490196,2.9860887742291453,0.03860324019983378,0.03837472491485086,2.0948799516106056,0.014871572317903346,,,5.0953748018675835,2.5126566180257917,2.5126566180257917
boltz2,SASDNU3,100,0,2.2323535176042038,2.267572292324566,34.9387143115401,34.908437674021854,0.6958138376168179,0.039829096288047795,0.03997731626971019,1.8098017977247849,0.010000000915194042,,0.16856749790095737,2.074698931095617,1.9483655787832481,1.9483655787832481
boltz2,SASDNW2,100,0,16.550996134503528,17.213813311325783,27.817328239891058,27.90536553734568,5.039007632936347,0.03253774043342242,0.018436883441904226,2.8384471995729026,0.03780146155899726,,,7.360263770626826,3.1118530649347407,3.1118530649347407
boltz2,SASDNW9,100,0,0.9997115010180382,1.0437170739997907,22.74736685150341,22.74719916174114,0.017963716261984786,0.033786339772141766,0.03367475538216753,0.9876614076155433,0.010000044157692657,0.9999999160775558,0.9999999160775558,0.9956168375970639,0.9917893993405326,0.9917893993405326
boltz2,SASDNY9,100,0,2.0496110149567843,2.3383140727972496,21.582525930648504,21.582767580191547,0.03633770332768904,0.07936547803494912,0.07871587918176955,2.012427951431838,0.010000028162107894,,,2.0371839244654044,2.021658459616023,2.021658459616023
boltz2,SASDP28,100,0,27.08166273457827,32.3766941102593,21.31322018936723,21.28251355066449,0.4145170956920907,0.05268279473641848,0.04729834920521976,15.831352105578503,0.010000000101369078,,,23.388774184192847,21.335896146367503,21.335896146367503
boltz2,SASDP35,100,0,1.0746660217309678,1.2943020724269931,15.47209646082504,15.472438153067436,0.036790282124092855,0.02251758725227382,0.02386136546127458,1.0223375776889374,0.01000005409187852,,0.9999999917523915,1.0555911178631314,1.046374656478069,1.046374656478069
boltz2,SASDP64,100,0,1.1594136139139617,1.1622972247990282,17.88394365134673,18.11959873036575,2.1229068998530067,0.09172924230730584,0.08172153312080987,0.9776303343734382,0.035965951896641236,0.37487422716546737,0.9989628588467737,1.0128533758032037,0.9798306720576101,0.9798306720576101
boltz2,SASDP79,100,0,1.8827293327301597,1.9406671120981998,48.57413638753272,48.844425235939724,3.2740777697645314,0.04684731861308012,0.042622856461845035,1.5081362676410193,0.01821665826179474,,0.9999972000787818,1.8060733941819374,1.6568498325497976,1.6568498325497976
boltz2,SASDP89,100,0,1.3790819907932377,1.413395949010979,24.969511750547127,24.969208923422993,0.25715305813355727,0.12009842087569238,0.118178396614314,1.3263948626960897,0.010000000000832175,,0.9999995821030505,1.3675078667695317,1.355737546455656,1.355737546455656
boltz2,SASDP98,100,0,8.214401320246802,8.773848710651539,16.052455035992292,16.04453184518399,0.2487206503829995,0.0617568211430115,0.045024601016963636,5.830658028646436,0.010000002048434466,,,7.18369355056107,6.304523146101973,6.304523146101973
boltz2,SASDPA8,100,0,124.7803492215283,137.43758359096032,19.322336945692065,19.32799789775431,0.12012024707017233,0.07335176432440219,0.06643536729512219,107.16580545645533,0.010000000583990708,,,121.00052340830155,118.20720329473595,118.20720329473595
boltz2,SASDPB6,100,0,21.66994049588779,24.171961493784334,28.830640862769425,28.754408362434468,1.1692400604669224,0.13033614099409752,0.07050848567836684,12.883512937356297,0.010000001167160598,,,19.36023260677239,15.70855490764498,15.70855490764498
boltz2,SASDPC7,100,0,3.924906222423336,4.016693954382954,22.043710328161147,21.94196929255168,0.4728857362711345,0.029768739337646212,0.030512200998431653,0.8258300564335228,0.023051545019690898,0.10332643943487181,0.40841092947868185,2.2509328768087355,0.9566736114372912,0.9566736114372912
boltz2,SASDPD7,100,0,59.59787013515697,61.1140323068925,24.28426205626611,24.250269923833834,0.33424932621177916,0.04750006786869338,0.03137162364305742,29.429901305669652,0.013587144696849329,,,51.68575286683981,39.074325949178984,39.074325949178984
boltz2,SASDPJ4,100,0,2.063377773296794,2.314600699121098,24.849138235786267,24.87635957800493,0.151286262372075,0.023441112766906396,0.02266756851846204,1.5318403967600192,0.01578519713951819,,0.818994137886496,1.8865993044615086,1.7743030403936653,1.7743030403936653
boltz2,SASDPK4,100,0,15.196702498401537,18.65040082488807,18.706679880346925,19.422355484673503,5.2917571752291295,0.059234142173047497,0.057609566011147105,3.503787239520781,0.02694805763699842,,,6.122382609748768,4.339062709223989,4.339062709223989
boltz2,SASDPL2,100,0,1.7049168299834685,1.941006353344398,24.285574072857436,24.26702097368988,0.07876090807405589,0.03303581264810047,0.03273545630466952,1.3622581989291536,0.01000000087935094,,0.9999764596154891,1.630275308544449,1.4948010470912536,1.4948010470912536
boltz2,SASDPW6,100,0,4.24683521219578,4.461975270554624,15.066715334311809,15.071197858138198,0.06521299400044533,0.02018933714851808,0.01877719183920525,3.18357823451991,0.010000000519607992,,,3.9881860923156895,3.7974813090151835,3.7974813090151835
boltz2,SASDPW7,100,0,1.1410691918673082,1.1816407181392616,22.542941310031072,22.54396161655621,0.056750730974723496,0.03709424328383237,0.03550037838519596,1.113212629100356,0.010000019343049726,,0.9999999621227842,1.1337246224626696,1.1238679146243007,1.1238679146243007
boltz2,SASDPY2,100,0,1.2067558264619886,1.2176312271491123,23.56914925739756,23.416586200443376,0.8948049353814831,0.05341514618838869,0.05400476005308387,1.0520209718356541,0.02148548151081721,,0.9998493484388961,1.092203977859587,1.0578642798099986,1.0578642798099986
boltz2,SASDQ26,100,0,171.0739319536559,197.7939420629626,12.649707789396144,12.58259734469438,0.5763433314334474,0.08755355117915001,0.06660333547953828,105.07794091183588,0.010000000243949451,,,,136.84251647672906,136.84251647672906
boltz2,SASDQ28,100,0,1.3151798467105533,1.333631926124922,25.491760579594537,25.48489926530177,0.11702497569115877,0.023318950510619673,0.02000420924004834,1.063519198752113,0.028544165867460176,,0.9999206822810582,1.2118538324499903,1.124737691730264,1.124737691730264
boltz2,SASDQ46,100,0,403.2601460080892,412.8945067816932,16.203799516434206,16.24367222247426,0.4037155509804222,0.17265733156466387,0.16119282858953443,379.63483798538283,0.010000001255143604,,,394.7954514712373,390.4937994526882,390.4937994526882
boltz2,SASDQ59,100,0,1.0707094795279382,1.1051340487795491,24.757988062574483,24.747008781844627,0.1854568387450115,0.04343037960023321,0.04143064931263736,0.9260076883377693,0.022230835688012027,0.35510288858456396,0.9999958115810952,1.0227984026681918,0.9635500922272769,0.9635500922272769
boltz2,SASDQ85,100,0,1.152069870784516,1.27585985714674,20.50348680830363,20.492707387529506,0.07831667853256619,0.06622758228532391,0.06445368056794616,1.0974686753459753,0.010000017037079523,,0.9999985868301406,1.13467578486331,1.1070146400635763,1.1070146400635763
boltz2,SASDQ97,100,0,27.71856600261754,31.454215693124194,24.149816896421715,24.17879481396468,0.19230658268185152,0.0513041073178852,0.03646261280093043,17.69638005265746,0.010000000071006905,,,26.777736579098327,25.176558840922656,25.176558840922656
boltz2,SASDQ98,100,0,6.545800290956244,6.882778609438333,19.248666261713616,19.22898824664583,0.08689200975463152,0.03618148612820576,0.022091217411774687,3.635290887348719,0.014373504662822834,,,6.020824121912333,4.871778292285864,4.871778292285864
boltz2,SASDQB5,100,0,2.0030802991831727,2.045137325598593,24.36556142403698,24.344726437475565,0.135739906367089,0.07620268603750517,0.06657328374092351,1.653018354923392,0.010000000273812896,,0.9970798713584954,1.9724049970342776,1.925112291353768,1.925112291353768
boltz2,SASDQC5,100,0,9.799447121313596,13.132575428732912,24.491290631640954,24.679403880292508,0.4015587549816111,0.02198624590726696,0.017336194501339875,2.1766212292453675,0.02159533421924376,,,7.4337181841613935,4.3871635883905835,4.3871635883905835
boltz2,SASDQC9,100,0,11.850874813690039,11.972172610317894,20.298771153771153,18.26516300457739,5.641599829161127,0.050727137319737756,0.03274738280455237,1.023563832891669,0.037914041693854615,,0.5689474519158497,1.5929392108452844,1.1085578205969755,1.1085578205969755
boltz2,SASDQD9,100,0,6.744950667033212,7.027722932008006,15.272155016305826,15.258489177544455,0.18000695603672767,0.04501116611699125,0.03194450292168999,3.5705602365612052,0.013573678702417085,,,6.080999906458415,4.871260774978413,4.871260774978413
boltz2,SASDQF5,100,0,3.809413432507736,5.202847996073738,25.34588447897544,25.32255661111224,0.7654943921673336,0.09903604105598351,0.09076842088265549,2.9266141612454737,0.010000000616269522,,,3.5992176441914943,3.4314901883788633,3.4314901883788633
boltz2,SASDQF8,100,0,6.7753476949274924,8.772881605657984,25.878872195903458,25.873630659431846,1.3102946491074725,0.05809098486608417,0.053047819662422425,4.063263839253904,0.010000000292513531,,,5.881055319654397,4.989474361708922,4.989474361708922
boltz2,SASDQG6,100,0,32.77906573133191,33.075001963068715,30.03322730824211,29.816969864803596,1.6360675680011774,0.13352202676563782,0.06977582181632645,7.092143854857884,0.010000000019858745,,,,25.461142423573655,25.461142423573655
boltz2,SASDQJ8,100,0,2.0501770600809794,2.235370274153068,25.379813038276904,26.190234998078836,2.893041637165709,0.03091402394982297,0.03099532837151784,0.9658971488980967,0.03412460310792066,0.32850211200230073,0.9926343113995227,1.1029139447330092,0.9712423624904121,0.9712423624904121
boltz2,SASDQK7,100,0,7.254616805557377,7.434821746566762,15.940765374197824,15.779795804368078,0.4970983821157695,0.14055539495186775,0.10858484767644995,3.4267318572831655,0.010000000052321809,,,7.001776476195371,6.473629939545077,6.473629939545077
boltz2,SASDQN5,100,0,86.83151280157382,109.82671776581944,21.168475000935505,21.107673356082223,0.6231217022735258,0.08171990780641868,0.06962673647508631,48.017451501427104,0.010000000208532952,,,77.64943182298367,70.3560537253386,70.3560537253386
boltz2,SASDQN6,100,0,31.68504724972846,32.35778683471333,15.152472968252646,15.121564368243085,0.25326311193849094,0.09592988102440132,0.05997888197752841,19.9829055310964,0.010000000296439611,,,28.200019619131282,25.75295207785374,25.75295207785374
boltz2,SASDQN8,100,0,197.63236335492093,199.4303096575488,15.506115898945552,15.476066987921584,0.5020048641787529,0.09292742075968012,0.06705722591801772,144.9732534135955,0.010000000001305093,,,,176.8987501203447,176.8987501203447
boltz2,SASDQP4,100,0,1.7242683413756026,2.099840178153744,31.063598614705825,31.06758282622115,0.12652869680712442,0.036897124588624264,0.03722713150797437,1.514055888456417,0.010000002049432638,,0.9999753133392606,1.6518445586155766,1.6101791742674993,1.6101791742674993
boltz2,SASDQU5,100,0,1.936160907146561,1.9736472408321868,18.164991172098226,17.42962759253455,1.1835895698056333,0.04530762544198846,0.048719805552177364,0.9644212499239946,0.04138318089759177,0.6345354629442853,0.9979931534128771,0.9855673328596616,0.9688313516638939,0.9688313516638939
boltz2,SASDR22,100,0,87.83572004554456,88.62380468011187,17.05195529006246,17.06016267592209,0.6109420995641415,0.179274820761047,0.15877122996691198,63.9597791769324,0.010000000888180023,,,80.87093092127951,71.49123476382584,71.49123476382584
boltz2,SASDR25,100,0,3.0796983424034208,3.9557528857584985,14.64867835452409,14.57808411866028,0.10849451445379543,0.045216155756824104,0.03871033974164376,1.0111180728353357,0.029019340643655335,,0.21663885902447105,2.5465733621162077,1.3208777178204942,1.3208777178204942
boltz2,SASDR33,100,0,1.0203115121348547,1.0197018592031735,15.88135690328686,15.88114878484,0.06113608940576931,0.04008909288895705,0.03900714500755087,1.0098188681259634,0.015621204322496059,,0.9999992735689439,1.0165938421766636,1.0137094721762516,1.0137094721762516
boltz2,SASDR36,100,0,1.4811699918615713,1.5471597753540889,25.58400316328248,25.613109062859888,0.27752167810765727,0.04503752197821212,0.04821910369696171,1.2809978354184726,0.019714602713670787,,0.9999399385706524,1.4113906046428137,1.3384769515537034,1.3384769515537034
boltz2,SASDRA6,100,0,20.449139535738023,22.08437649384694,19.471886092482897,18.91934479340864,2.611396334749969,0.06109403002639892,0.034885663050305715,7.184545720604027,0.010000000517534078,,,13.994596143031197,8.726272334540027,8.726272334540027
boltz2,SASDRD9,100,0,1.1152551307844674,1.1149569407035993,24.66732827173821,24.662201019926584,0.09369302562023307,0.01198322715729979,0.011176758734848555,1.1004621075018093,0.036872106447289894,,0.9999998358803039,1.107175700145881,1.1030620418328723,1.1030620418328723
boltz2,SASDRF8,100,0,114.73638492840593,115.495632758537,14.262230695658861,14.248507174091799,0.5770575601128645,0.08623988753873614,0.06527439493823893,75.57787418071094,0.019958960156206292,,,103.19553785869648,87.01818337987545,87.01818337987545
boltz2,SASDRG9,100,0,2.833024290060917,4.583038022175129,15.661415074442237,15.567760169194454,0.7466259077338524,0.047727185435444006,0.02600284399852158,1.1465387843118278,0.026148926126303373,,0.7271019961118154,1.6215120036663242,1.1776092285111084,1.1776092285111084
boltz2,SASDRH2,100,0,1.1358602840107481,1.1742425482304857,23.431236758085248,23.430227535307356,0.02119742302323857,0.055118896167108924,0.05392734124595172,1.097645783211996,0.010000043053424142,,0.9999998598986524,1.1261495329762254,1.1193127210447702,1.1193127210447702
boltz2,SASDRH9,100,0,7.574247940171242,8.186608804543413,22.5852743949174,22.586443404196373,1.06378897406098,0.045938634888486804,0.03187119917814727,1.0123668926580938,0.02607093532569717,,0.10915638737597036,4.412845378039119,1.6399840411013573,1.6399840411013573
boltz2,SASDRJ2,100,0,1.1259262464154745,1.1354477620027825,36.94793156289919,36.95607453911902,0.22580937498038622,0.05144497335900452,0.05100760537209801,1.0722488933345946,0.03698510461721373,,0.9999723146139933,1.094991976627712,1.0736273321305094,1.0736273321305094
boltz2,SASDRJ6,100,0,2.298594067488598,2.4810182941939773,22.947521897427052,22.91425166888596,0.31773221475734204,0.054332449370814745,0.04146161497675257,1.6466648957756849,0.010000000406337847,,0.2398265170335411,2.1153744349685693,1.9055904344963073,1.9055904344963073
boltz2,SASDRK5,100,0,3.7359950235561206,3.897071432039466,15.204937453755777,15.212989712567481,0.09255475256896162,0.010408176750189022,0.00809178850794592,2.2614835390761816,0.023216828318081098,,,3.0992381319660076,2.4201558218462287,2.4201558218462287
boltz2,SASDRK7,100,0,1.0485581827098729,1.0481324843141357,32.52518466881454,32.622613243735714,0.581990743031291,0.02557670769938653,0.024129132215145024,1.0058367803634167,0.0398135655334789,,0.9999838191517327,1.0226071760393622,1.0069303911979364,1.0069303911979364
boltz2,SASDRN5,100,0,159.4636330272181,160.79566020241785,21.27062517476191,21.10550941259922,1.3508964996010775,0.068916615133199,0.038468862751728096,66.63906333628111,0.010000000302406397,,,,112.15639733865949,112.15639733865949
boltz2,SASDRQ5,100,0,15.387266935126569,15.52298183899846,14.90161581196391,14.884832196691109,0.2102638336638485,0.06903354520374173,0.04701667991432529,6.783674597279687,0.010000000370193069,,,13.783065445979247,10.209327600288443,10.209327600288443
boltz2,SASDRQ7,100,0,1.2793435383993557,1.2846553254279882,65.33524898441718,69.11633372234735,6.74078840745355,0.08870628456244752,0.08097030586925752,1.0308574889842097,0.039039878411550794,,0.9996501909769223,1.0937019228528386,1.0418535985975894,1.0418535985975894
boltz2,SASDRW6,100,0,49.483428501460324,49.43304154768809,16.636732540418183,15.43476120067616,2.5972190311852366,0.03236555462107371,0.01847203587763306,1.0930150011371305,0.04124106576895931,,0.20612714574003604,,1.1702729007464696,1.1702729007464696
boltz2,SASDRW9,100,0,13.422389083882221,16.71717649335779,20.828458523307898,20.802568575661773,0.6008543770012835,0.059831979303577136,0.054039535334054346,9.2321884675021,0.010000000409692636,,,12.484884102086438,11.720613250496202,11.720613250496202
boltz2,SASDRX9,100,0,153.15610592380477,153.07552996496185,24.45173820883859,24.316021920700802,0.6801229482810314,0.14740534699089,0.1219576972408147,112.74181137541657,0.01000000029048031,,,143.366157066625,134.71281666665135,134.71281666665135
boltz2,SASDRZ9,100,0,0.9885486932551754,1.0099232607240447,14.015202800506882,14.01652719503424,0.09265253758003134,0.09495707953785018,0.09341763993939327,0.9823689016831275,0.010000002734921883,0.999999796676948,0.999999796676948,0.9865376374602972,0.9844314392225507,0.9844314392225507
boltz2,SASDS28,100,0,130.323984333996,145.35974864694654,20.282382053758383,20.280497000348987,0.08076235586362657,0.1789484490602629,0.1765119268409601,126.58640117009726,0.01000000000003691,,,129.5053018930025,128.6386607847838,128.6386607847838
boltz2,SASDS37,100,0,76.37786508687908,106.42180272851763,21.624450229391783,21.494897795646132,0.33176032388692533,0.054441459906574084,0.041445894871668956,40.458951900119715,0.011718543326951054,,,68.41809422526829,60.428711054192675,60.428711054192675
boltz2,SASDS75,100,0,10.335073854712991,10.410725735245661,27.795256124072527,27.814836571685873,0.5863472075139633,0.08927570056196374,0.051797963139594255,3.2438640845542936,0.01000000005231104,,,9.130009006472267,7.880013694232161,7.880013694232161
boltz2,SASDS89,100,0,1.1949117672499625,1.1944828437166197,15.250137106758919,15.251005720037838,0.03228546829186563,0.07660902741146154,0.07618370049574189,1.1932150324581974,0.015254231996273883,,0.999999984135353,1.1943668653853428,1.1937723321177791,1.1937723321177791
boltz2,SASDSB9,100,0,4.225728150563552,4.276062588603574,20.24449895083238,20.176967834848657,0.34420227523678193,0.007781829959152161,0.007305812165509429,1.46872054210126,0.040167771500567835,,0.2628335238598485,2.6901174095547806,1.5412111948729887,1.5412111948729887
boltz2,SASDSG5,100,0,45.6403776976561,46.15295162697942,37.125214361784444,37.233200949949435,0.97555480276948,0.026250844886553687,0.025058115874090948,39.44276774868922,0.01000000025543715,,,44.28654430451082,42.94159023236566,42.94159023236566
boltz2,SASDSG7,100,0,21.76079636084347,28.18767735474038,22.1678899060159,22.026207692685226,0.6312095149217143,0.15736639876872086,0.14979983292553686,12.969049213112552,0.010000000274733196,,,19.87383440604936,17.747207146386263,17.747207146386263
boltz2,SASDSJ9,100,0,0.9305862146857773,0.9303490427659006,26.062861781166017,26.06336334338944,0.0794059470256876,0.0659223507371267,0.06673266667473723,0.9257572369294049,0.023108244919505156,0.9999999870019319,0.9999999870019319,0.9292863858778244,0.927205792278011,0.927205792278011
boltz2,SASDSL2,100,0,1.1947954735961637,1.2912103694025003,17.45174542347716,17.202848259299508,1.0349540846167287,0.07823237487977691,0.07712373512290782,1.0415866403154814,0.029052640756369638,,0.9999591461929378,1.1045005786610218,1.0471643239495319,1.0471643239495319
boltz2,SASDSN2,100,0,36.134366765460555,61.18588861493098,13.337605562338368,12.83187155682979,0.5378094982520008,0.04663872003824356,0.014106440038709431,2.1669863392156254,0.019772720784921347,,,23.769395790508305,5.6794223727884825,5.6794223727884825
boltz2,SASDSP6,100,0,34.967074142295175,35.440080652607804,21.886345074206677,21.487147659139403,1.3307894100864033,0.11123726175591475,0.07962201060504992,10.548776771138357,0.010000000070504927,,,,21.658994965029255,21.658994965029255
boltz2,SASDSQ7,100,0,103.34393278776479,113.35087317802838,25.402459533536913,25.396513318090648,0.6524763747023705,0.05110060666984998,0.022829487301664394,32.13588331750919,0.010000000072771877,,,,70.739105202843,70.739105202843
boltz2,SASDSQ9,100,0,1.1446698314033554,1.1443281493374975,18.230858327401748,18.213674343243838,0.29868856157940016,0.057902138353759694,0.057837638255276026,1.0936263361026846,0.11909741134362076,,0.9999982374676626,1.0954011497928966,1.0936263361026846,1.0936263361026846
boltz2,SASDSS6,100,0,59.461443049619945,59.962362644862864,22.9758186343332,22.884237387611805,0.7867718539560968,0.10593354032363919,0.09336674003860601,25.52615601743193,0.01000000004773119,,,,49.57293976602961,49.57293976602961
boltz2,SASDSU5,100,0,90.75048145626248,98.07775243001265,18.750040337495562,18.615680667824037,1.0170997265742798,0.05119042121104773,0.019387326320024673,2.601962529616258,0.03316648125557165,,,,6.345031152826823,6.345031152826823
boltz2,SASDSV2,100,0,11.670189787021123,11.800529411111203,15.971286980619672,15.93925622288042,1.2763599321639525,0.01811933509531911,0.007056040704457094,1.366422282461636,0.02110970348136497,,0.06040028528885836,5.46975294734885,2.4851486556308173,2.4851486556308173
boltz2,SASDSV6,100,0,1.8514634189285841,1.947807443009638,20.57025642908551,19.60909479385026,4.379546294931323,0.08008919686851822,0.06283400073945644,0.9365512441071734,0.045936860457616635,0.11442380805311725,0.9961880259347936,1.2968634916152515,0.9708947228069387,0.9708947228069387
boltz2,SASDSV9,100,0,28.310036188670264,28.326916551202636,20.33054971281845,20.396375922703264,0.5313344951582621,0.12656393631191068,0.09915134456099399,19.681571008895983,0.010000000251411314,,,26.26459812510475,23.03366458827058,23.03366458827058
boltz2,SASDSX6,100,0,1.8115411700283577,1.9033951824833557,21.057868760312438,20.999855330177887,0.22621781614418524,0.025140371273570772,0.025145890055283088,1.3315829399552759,0.018222729793119334,,0.9997632984304785,1.6125715824785887,1.4213931299956388,1.4213931299956388
boltz2,SASDSZ8,100,0,8.933112274919365,11.311569341424415,20.016790970236485,20.004457907976548,0.288371407063984,0.03978720808935813,0.033303621978000034,4.39222680264529,0.010000000060032495,,,8.60502431215442,8.07710245863335,8.07710245863335
boltz2,SASDSZ9,100,0,153.05784085595397,173.8080738370752,12.880284971822,12.742025793870667,0.5130422941487289,0.10413902509138938,0.06868300319110851,47.96507287601794,0.01000000009513192,,,,109.55347725492143,109.55347725492143
boltz2,SASDT25,100,0,1.304474965639903,1.300981824862575,25.0252029947194,25.044015444464975,0.19091792306952016,0.08512400698060234,0.0846959220338673,1.256462838406423,0.010000014766534915,,0.9999998811685703,1.2930951348737856,1.2751540919534374,1.2751540919534374
boltz2,SASDT45,100,0,42.609878472373204,58.88351825023669,29.936037281591567,30.076753099017452,0.5368177236409544,0.15238828314771227,0.08512084849753164,27.10154032934518,0.019953096191346113,,,39.95964592199014,33.2427035820737,33.2427035820737
boltz2,SASDT75,100,0,15.649735874949844,15.647444117374237,27.775153245220967,27.56725905686909,0.4200626124383646,0.033712799155231975,0.028204664751357068,1.3512277690026313,0.019658465205427147,,0.06229545752241645,9.812924499053642,4.094785386197332,4.094785386197332
boltz2,SASDT85,100,0,27.334154171889278,36.53344027273048,28.738548494468922,28.714813488953446,0.9817602462561474,0.021093670915319832,0.018290326891296272,6.333571984113247,0.017738449654106127,,,23.098164512024233,14.149220717426692,14.149220717426692
boltz2,SASDTA2,100,0,267.49124098365286,268.00395945457853,11.625976552895592,11.52295269952684,0.5099926217381441,0.24303604928179523,0.19991619663633547,202.07965308042978,0.010512769388195085,,,,209.12437499809693,209.12437499809693
boltz2,SASDTE2,100,0,18.907453123979415,18.88014343279956,54.45911172954056,54.657586378193564,0.5827850814925597,0.018591420795401374,0.0156567670161174,14.969417576312853,0.010000000472874176,,,17.130862256302034,16.515689961968175,16.515689961968175
boltz2,SASDTH2,100,0,9.687859266301933,10.095142300451721,22.040315112517575,22.025839483380125,0.054350239773690134,0.030581252489712715,0.022742979330943457,2.93872666761288,0.01000000038115214,,,8.665558238107677,5.595262748593717,5.595262748593717
boltz2,SASDTP5,100,0,902.4414118828507,918.859319335024,47.70575715941061,47.57927507432943,0.44775825990684837,0.11581188794451604,0.09033978920972906,827.7824164706517,0.010000000005293193,,,,849.1559162823806,849.1559162823806
boltz2,SASDTQ2,100,0,6.191359442983423,7.3758523466754555,18.589601573398028,18.54588034875878,0.08015676758434154,0.014786794100312726,0.004379516934686673,1.2907858123703015,0.03701795293721164,,0.2957309649185847,3.263679998884073,1.3754856423869768,1.3754856423869768
boltz2,SASDTQ5,100,0,7.6408398311213865,8.264901660043238,22.821281303553786,22.560558654597763,0.5795578760671738,0.05627845717782376,0.044196603406541274,1.0204828138386317,0.013308289935691735,,0.05751759551142208,5.904712348015703,2.2638333078083632,2.2638333078083632
boltz2,SASDTR5,100,0,1.622218625626014,1.9092335869217676,17.84252513771527,17.80056577147194,0.7775159202722683,0.14190102579382727,0.12812214557639404,1.3840605058703135,0.010000004670508444,,0.9999745123304737,1.5326262186717534,1.4838627032528942,1.4838627032528942
boltz2,SASDTS5,100,0,27.363585426413835,27.515900629901225,16.59124517278863,16.532613767867616,0.5622776121822071,0.09297568824524753,0.07297209499884964,15.731696889739082,0.010000000567745923,,,24.128577649511218,19.242712121462688,19.242712121462688
boltz2,SASDTU2,100,0,3.2119693364786004,5.673222370061917,29.78763755356512,29.901719871396068,0.7923917924402346,0.02293053564427173,0.020078515283066287,2.327160239002663,0.027109118816276388,,,2.84563553065272,2.551096192071891,2.551096192071891
boltz2,SASDTU7,100,0,3.69402902257161,4.170807711044656,30.516003612022452,30.834005514894056,6.751805824164499,0.0567965415668268,0.053446520254435956,1.361209476304626,0.026146087835319815,,0.3512941828563382,2.0401874192921654,1.6795360004505187,1.6795360004505187
boltz2,SASDTX8,100,0,1.0407184617467826,1.0448065763203855,14.958720768105419,14.920629185659543,0.1143905308598292,0.03834872438441036,0.03856200194202245,1.0035164432104298,0.025817200018790322,,0.9999805067565302,1.0046952271675924,1.00384306597825,1.00384306597825
boltz2,SASDTY8,100,0,1.0061010418618892,1.0094109501812045,20.175063487612388,20.188054164650403,0.10869450519846424,0.04006690576051728,0.04002821071595895,0.9982466864660425,0.02840355490664626,0.1601384209327567,0.99999985524491,1.0011122716938081,0.9994255463472682,0.9994255463472682
boltz2,SASDU37,100,0,238.8663345597634,249.43379758456095,15.287616965042615,15.25454213822117,0.4543455854802403,0.09372937650924347,0.08601674724171085,198.9041945370521,0.010000001058659787,,,,213.39853019176059,213.39853019176059
boltz2,SASDU52,100,0,4.22887122200986,5.207302400183611,23.429067947773728,23.43785853142368,0.0487709631290123,0.0837044538294668,0.08127528867920739,4.021567095350769,0.010000008163148735,,,4.192659472534437,4.107034485959724,4.107034485959724
boltz2,SASDU63,100,0,25.544612184786814,26.977753799100594,22.192149777270224,19.87626107365721,12.262603200873809,0.03260851386975857,0.016290095548003602,1.3080284337665906,0.025337593838761906,,0.1656028125997898,4.339064036898426,1.5988686507640701,1.5988686507640701
boltz2,SASDU67,100,0,334.92150425440906,346.2823252061915,15.872105874078006,15.408200204463354,0.7087475693453484,0.21313181413360568,0.17337398832215412,30.30221933467328,0.012767958359002234,,,,,
boltz2,SASDU78,100,0,6.063670483270768,7.666102160957083,22.337126875921626,22.332967159838137,0.11297230994382801,0.02170563651533458,0.017990209911677248,2.5335134877899015,0.023729982429914583,,,4.557195523055988,3.007809199069046,3.007809199069046
boltz2,SASDUA2,100,0,44.183427584867864,56.86358291117599,17.000313366838295,16.93723389281614,0.5205343574976844,0.062024144748165526,0.04525306338712586,9.307457561493987,0.010000000024883684,,,36.10799974867622,29.47845603935071,29.47845603935071
boltz2,SASDUG3,100,0,255.52871562417306,278.7244825900599,21.85338398915158,21.00615641182073,0.8105499138463088,0.05454689286376891,0.03154738611798013,35.364112865932604,0.014724513916465605,,,,50.85232706245732,50.85232706245732
boltz2,SASDUH4,100,0,2.0025063156619565,2.0401396054129837,17.279727610996623,17.307497789608377,0.44229806789712356,0.052541585510687494,0.049395720604769947,1.1636096527056523,0.010000000493841539,,0.9999147863259388,1.6964206293284703,1.418821599498258,1.418821599498258
boltz2,SASDUK2,100,0,11.10081836255054,13.599398934820272,23.472705186966827,23.430972054150885,0.1036687144021009,0.03147802775712928,0.024005264850997854,4.6920402027707615,0.01000000043999903,,,10.492288570110276,9.498665654853559,9.498665654853559
boltz2,SASDUL2,100,0,4.320637044986825,4.604839791131529,21.28627770497436,21.286473403416704,0.03120950023252078,0.028648731420763757,0.027808357536411265,3.9670700714879796,0.015770406026691573,,,4.2483724458396,4.092586394268221,4.092586394268221
boltz2,SASDUL9,100,0,438.1184180898452,475.5554324776578,15.596149133688657,13.975292325831836,2.238706340979677,0.20407063123256208,0.0196258156995933,14.558962279321005,0.010000000471349463,,,,22.78336323172239,22.78336323172239
boltz2,SASDUR3,100,0,171.50543147993358,176.96686912961806,12.478777793445252,12.427829626663378,0.4786989643594026,0.07503375055401168,0.06625009513377096,119.5890515237652,0.010000000932625788,,,,138.4553769765203,138.4553769765203
boltz2,SASDUS9,100,0,46.43684235653979,54.599916491497694,15.46681477839444,15.527257284637203,0.6746879484355262,0.20428138829412104,0.19324956864032763,40.7835917448516,0.010000000801718492,,,44.25464414907797,41.87902738941393,41.87902738941393
boltz2,SASDUV3,100,0,1.3508630946490672,1.5176585389795834,33.479655179260156,33.404027462224114,0.9433067296893896,0.026669290598959856,0.024261210571835713,1.1249891651323565,0.016537715454349015,,0.9999580856340973,1.2403458822634275,1.179637426005305,1.179637426005305
boltz2,SASDUW6,100,0,1.0271884109814173,1.0294989437875057,26.248733033082452,26.266465271182028,0.18085690850493563,0.02544670172202694,0.024657939655020784,0.9881603787519877,0.021192730169875173,0.378438810597256,0.999977231468128,1.0032414138644716,0.9926803712959277,0.9926803712959277
boltz2,SASDUX6,100,0,1.2944317151943683,1.3417921280394298,21.121228578969482,21.15970878230063,0.3113794706491291,0.045322571983669846,0.04384648606856529,1.0519865936903081,0.010000000905372772,,0.9996691450565893,1.1981820463594857,1.1575765706735284,1.1575765706735284
boltz2,SASDV46,100,0,40.261688843865734,49.06288546370159,16.3527367156721,16.365419308871886,0.32687871080658226,0.060824678869692166,0.05183622109459493,35.83422892273744,0.010000002501063716,,,39.14390550390474,38.35680805499346,38.35680805499346
boltz2,SASDV64,100,0,1.6457521230701808,2.4375485411889963,19.79916996544251,19.80288672675518,0.040150516516433754,0.041697392533228725,0.04111254638634223,1.5511177156097269,0.010000003303431405,,0.9999985304319761,1.6184278949473885,1.580738796421511,1.580738796421511
boltz2,SASDV74,100,0,2.3861570116984216,2.606941489123945,13.460158614845202,13.460234005654161,0.04427667411376213,0.05036917265571678,0.047600510627003906,2.161358685172626,0.01000000077268367,,,2.3038836601377475,2.2615320013714824,2.2615320013714824
boltz2,SASDVA8,100,0,3.656530738122724,4.064008916713319,18.935517917628893,18.878959421083195,0.2878230847428753,0.07557047593326875,0.05427826746944232,1.9534047953682112,0.010000003063726273,,0.015296479813469432,3.350507878370302,3.049879023002528,3.049879023002528
boltz2,SASDVK2,100,0,1.3935144977815794,1.413760292624534,17.54488699113375,17.545980880244176,0.017301595197782405,0.04962901198699939,0.04858735848314039,1.357033776783106,0.010000005029769544,,0.9999996862169129,1.3866548061655026,1.381756540280336,1.381756540280336
boltz2,SASDVL5,100,0,59.24459840612564,62.576949571953904,15.925855138314864,15.55877350406855,0.3180518086525108,0.049958999389578776,0.008733325964141789,1.174742823032966,0.03358277595003567,,0.06272594913171281,41.744540775802776,8.130591729655274,8.130591729655274
boltz2,SASDVL7,100,0,31.718855235442476,34.142368807048385,16.403277889669404,16.226983012303638,0.7436683903802983,0.04102477334214461,0.01797843858368798,1.4032155088359408,0.019982693589292753,,0.034243221273321765,22.063038767292422,8.948800504807002,8.948800504807002
boltz2,SASDVN2,100,0,1.1556877598090556,1.1626217510324164,22.93010760969789,21.42560253112607,5.182493223370276,0.04408986258677259,0.04495576913234743,0.8170135895577725,0.02414164532062306,0.9369629627536545,0.9985319348168227,0.8246840666810273,0.8181698175360659,0.8181698175360659
boltz2,SASDVQ7,100,0,19.212013287154097,19.412762856640178,26.436858796955644,26.405412030421324,2.0265384696257875,0.11353237525516414,0.1102521916589973,9.774670663927031,0.01,,,17.541150628458325,16.20891188749816,16.20891188749816
boltz2,SASDVR6,100,0,1.1529612894898287,1.1532249503915257,25.979384179962576,25.976310485703667,0.0926916173307113,0.03156496885872541,0.03295412739459824,1.0673760914895967,0.010000003694167816,,0.9999769013580108,1.1250391988892423,1.1084285865300965,1.1084285865300965
boltz2,SASDVT4,100,0,1.2858538335219072,2.1268760491284486,34.14852811495431,34.835263590231904,1.9579157722852543,0.052458242340451884,0.05228590104288899,1.063933076213068,0.0215500114804453,,0.9999857469649744,1.221063990022442,1.133544499777699,1.133544499777699
boltz2,SASDVT5,100,0,3.363673986423506,3.964064831300776,23.36915590521535,23.34343461787229,0.20707953430266102,0.05257163229622447,0.04395152174214585,2.222073220863944,0.01344856658185734,,,2.8524232899562887,2.4503211361806123,2.4503211361806123
boltz2,SASDVV6,100,0,2.6575240809506444,2.8197765849440515,29.496892918028138,29.551307921153978,0.22892435961477275,0.023657920483361548,0.022048929560227182,2.3052104541482077,0.01867473791775861,,,2.5581835428441355,2.403347813301534,2.403347813301534
boltz2,SASDVX5,100,0,2.088922655232045,2.286437388215286,23.58133882020117,23.45642078828891,0.14299499001788618,0.03002333554445582,0.029861149363295574,1.0342461534312906,0.02112354445713898,,0.9847167216770223,1.3720832936038807,1.0610698310540203,1.0610698310540203
boltz2,SASDVX6,100,0,12.076285951585199,12.058199196727221,19.705106485903904,19.652051473767294,0.5046371682170978,0.0657775607443375,0.05618154991545453,7.396990807781247,0.010000000226679871,,,10.830821688058222,9.164016962982092,9.164016962982092
boltz2,SASDVZ8,100,0,1.5241248861681949,1.5191387709176973,17.122149414158407,17.17000621248021,0.5157884343678845,0.009075812445790182,0.0075087418896400086,1.01789665069503,0.018290712546949976,,0.9998259256118609,1.1088947671248726,1.0354961666065539,1.0354961666065539
boltz2,SASDWA3,100,0,30.988573879955425,34.86371225703974,21.890231296094722,21.891774037672523,0.06981216713030136,0.054886550391616225,0.052957314942506044,28.021628146209775,0.010000001930733991,,,30.12887154082577,28.904180891060523,28.904180891060523
boltz2,SASDWG9,100,0,1.2368024247586122,1.2458030389321588,15.403306128809287,15.427126566024263,0.20607739515000034,0.034929406009568335,0.03522225623019397,0.8610406556249874,0.01301641886432339,0.07572537238866349,0.9999905569441155,1.0787775480305304,1.0080140861447304,1.0080140861447304
boltz2,SASDXK3,100,0,17.275971673774855,20.263783154454337,19.10908767577323,19.10844034402328,0.02364666555731887,0.0248276094846747,0.0209694362639598,12.92478489310944,0.010000000423773027,,,16.446013873307756,14.702038160900686,14.702038160900686
idpfold,SASDA25,96,0,6.712983560568254,6.7996919048497455,26.24108219460693,26.188159411558424,3.7290192162832767,0.0339468387547642,0.020432950518326092,1.7874132412675803,0.04033417335938055,,0.06894892555881706,3.770964169842394,2.0995425961811387,2.484109433273557
idpfold,SASDA37,96,0,115.09440855347808,117.2531153337035,47.847137579604514,48.159814115757015,2.5021791412471686,0.07050828039337764,0.04816666548748364,30.511355944203277,0.030133675798319826,,,67.95215211517278,36.2310324504195,43.42042914684008
idpfold,SASDA46,96,0,14.613737013425666,14.583557843030187,30.961224844038778,30.86667427325245,5.092383630680388,0.019621127916174187,0.01221791190842515,0.9187099406980083,0.028867993976062118,0.07799567921542727,0.16986631290059354,4.387099469134153,1.2646861688430262,1.2646861688430262
idpfold,SASDA96,96,0,1.1177768685355463,1.177613820372472,15.279064275771422,15.235541624258609,0.2587503171725061,0.026807722896851353,0.03476960887981447,0.9351481383887427,0.027283757588456792,0.7939671963775158,0.9999231032450203,0.9499529868538156,0.9370739803435243,0.9386555974433647
idpfold,SASDAG8,96,0,82.52921187560008,82.62269527719823,25.107898937165345,24.659598921117233,3.597415088392413,0.01756448019625843,0.003176521599208716,1.0818362073052783,0.049556503139785324,,0.20321308265142032,11.87844713480114,1.1066795483242529,1.1232523270830632
idpfold,SASDAK2,96,0,356.2274560436977,356.0493341791646,22.24885938442441,18.94340984933578,8.761865504437427,0.06552340604516445,0.022158688210970202,11.198397882682455,0.016002963460344535,,,,20.085884430582585,20.085884430582585
idpfold,SASDAN2,96,0,1095.5119604433,1125.7189154044675,24.177846429541862,23.68050908815973,3.7537968345089467,0.10189041518331333,0.05502825118245832,85.81247784640887,0.013138952413213794,,,,,
idpfold,SASDAQ2,96,0,1.6621415175101644,1.6961574313652563,14.014305681598525,12.975762393995053,0.20259276800245374,0.020113657626938116,0.015831755766626307,1.0591181331872737,0.010978146528243908,,0.9903227906231687,1.068928102016377,1.0607348293909897,1.0607348293909897
idpfold,SASDAR3,96,0,63.389899357225794,65.48486356878402,22.94737227567928,22.093780570040245,2.92191339654417,0.07810683287951223,0.022449821490053302,1.6581984746086629,0.015740636234979902,,0.04068564793341133,26.17230465030565,5.0119985214861495,5.0119985214861495
idpfold,SASDAT3,96,0,173.87369803497364,177.04979049086396,28.399677012657378,28.493809841051906,3.5427053542636955,0.0489409110378311,0.0427346188331569,18.962044066135643,0.02591457905294223,,,,33.27719596230652,33.27719596230652
idpfold,SASDAW6,96,0,17.200771930426765,17.601216696508146,18.72910879570551,18.187929332066517,1.3133290161507105,0.05238964236015137,0.030598364840538645,1.3402055115453892,0.03626596116953742,,0.313840325089668,3.0282122473436632,1.4498600925472678,1.4498600925472678
idpfold,SASDAX6,96,0,226.21093413289793,226.56182244296522,21.16013422342659,20.601732797533174,7.204043774396315,0.11169516933634695,0.030677876912091992,1.0570993005775307,0.022556006793053182,,0.11928812124162184,,1.6249989291173272,1.6249989291173272
idpfold,SASDAZ4,96,0,4.1690234597684395,4.199486497782413,38.839453547419446,38.69864943335618,2.9764489160330996,0.026774214643208633,0.02222393233670273,1.683320859596301,0.04058091874433608,,0.18847403101195395,2.55852924871414,1.7721433379804352,1.7721433379804352
idpfold,SASDB43,96,0,1231.404468414653,1229.5157841013488,37.90536464665075,36.85874714722018,5.9143567112753175,0.09771770353224674,0.015858662540324673,12.524273671386062,0.01650788730909464,,,,60.492922767852015,60.492922767852015
idpfold,SASDB84,96,0,240.23339747069753,241.90026476791064,25.059079366263166,24.627697241827576,3.993296522626089,0.0743615978473167,0.023946908795958535,9.950938451151712,0.010416666698428176,,,,37.27186877278088,37.27186877278088
idpfold,SASDB85,96,0,67.21844871259755,70.70597498496974,24.241894016735753,23.926919335378393,3.9077027404633355,0.10787067914277404,0.06574327820631078,11.678845102801342,0.010416666800989348,,,43.01220930277644,25.30111515065426,25.30111515065426
idpfold,SASDBB3,96,0,5737.940163533015,5907.842550458802,32.19235347401824,33.054672353470444,6.746637901125414,0.08465697467975032,0.0060382664789286385,9.276435310934811,0.013062836071547757,,,,,
idpfold,SASDBD9,96,0,3.1425347910497323,3.1899378684750754,24.218362017009866,23.717379140825766,2.159635531353757,0.02261151138677406,0.015705686117033588,0.9311114806741397,0.08466176888429817,0.5759614213947774,0.9547644138320175,0.9835687213063191,0.9313071882044749,0.9313071882044749
idpfold,SASDBG6,96,0,1.2660269098083357,1.275792665009779,22.40568898067152,22.21889677757436,3.6444248866828666,0.031021435459176926,0.03087609436371243,0.996229203348626,0.02502502439865892,0.03086385138141225,0.999923562924473,1.1166669391191244,1.032316671816872,1.032316671816872
idpfold,SASDBK6,96,0,116.716457711452,117.24934882173164,22.993665083052875,22.490171291820133,3.533926774877038,0.08059314405781275,0.02742731080839797,1.1432939532870794,0.020643501474308486,,0.03454617957679252,,10.984935808085275,10.984935808085275
idpfold,SASDBM9,96,0,5.150538251578281,5.263665954447947,27.697304777239452,27.79502395899877,5.6206717130978205,0.09329809190091543,0.060090908039386826,0.9972565125806915,0.025321904164288072,0.029955941430811164,0.33882448804707277,2.8317567800732237,1.0977588852451299,1.0977588852451299
idpfold,SASDBN2,96,0,4.0145510966425295,4.074515077703366,22.564094900358995,21.951141772172825,3.375547679954675,0.021591236040575106,0.013161897410123576,0.9675930129351544,0.03175170900579669,0.5454644523534236,0.8737865880540435,0.9745061055853236,0.9696110199068165,0.9696110199068165
idpfold,SASDBP2,96,0,16.226800028027924,16.17782947336752,28.64450197965198,28.85035191804974,2.7221854772903527,0.0343314096346291,0.017919370630927075,1.5233082111645726,0.029952818573973677,,0.07172116386154871,8.367229581360062,2.550875052877925,2.550875052877925
idpfold,SASDBP4,96,0,221.06247938445867,225.61608481249,25.135196427017743,24.651772891944034,2.730824570611766,0.0764915329129767,0.02772421032768493,3.3100610741868657,0.02023633645364668,,,,28.0486986770339,28.0486986770339
idpfold,SASDBQ3,96,0,37.790944729429754,39.10549993355627,25.435182635479677,25.002520699785173,4.408556024336349,0.059624157763200555,0.035273295496641974,6.550588582003169,0.0278103614517078,,,20.98466274312037,9.033771225296618,9.033771225296618
idpfold,SASDBT2,96,0,365.5479771572438,370.0098423656929,24.13462161258662,23.81771394647295,4.775273165740845,0.0949373826279301,0.02267008162816732,2.7117899510015793,0.010416666684547432,,,,18.39341674277385,18.39341674277385
idpfold,SASDBU7,96,0,239.04021766176197,240.3677758657898,32.32951279397399,32.11585486684174,4.531199102635924,0.07566532726849719,0.0435279054663515,9.87160797417021,0.020370382671035987,,,,,
idpfold,SASDBV9,96,0,51.05039881218284,56.954030599204835,19.234476149186456,18.047459506471323,1.142403954899141,0.0485020652059075,0.009127857044806929,1.1060804996899534,0.025913220213274978,,0.13080914194574902,12.886131008182948,1.4232367499304888,1.4232367499304888
idpfold,SASDBW2,96,0,586.5435743551972,597.0489920824845,25.34104917408937,24.603933260651765,3.5633097752916854,0.07594362767327234,0.01876365010148931,6.802732528989277,0.018112674427753998,,,,41.007576200428026,41.007576200428026
idpfold,SASDBW3,96,0,2.9004541870900398,3.0732142644068277,27.544073731899122,27.088782072944063,2.7679653637929036,0.05257477334792428,0.04842901826975942,1.1136429436069242,0.04819594760324413,,0.6705997495166351,1.5910407439725853,1.170532377259659,1.170532377259659
idpfold,SASDBW9,96,0,98.98895187054187,111.15398238162712,29.21019301243326,28.9456646449286,3.644403147559231,0.060915857637554596,0.024284279429297156,7.514884184169594,0.020640832389063505,,,40.81118863165096,15.259923111540756,15.259923111540756
idpfold,SASDBX9,96,0,4.969738492470557,6.604267814582525,22.04635166058494,21.17388766202655,3.2263446686831863,0.04932162834575231,0.042451781491376725,1.1898821039602807,0.030442378293156394,,0.5682108479228151,1.8494513794100327,1.2398294803023355,1.2398294803023355
idpfold,SASDBY5,96,0,5.0963766500354115,5.174373183015177,42.76591607917719,42.643231990985015,5.471872958438382,0.024975382077119274,0.028003935003503816,1.3510054193248648,0.04972541887229717,,0.2123367446230093,2.6115874764521254,1.660738050241512,1.660738050241512
idpfold,SASDBY9,96,0,170.82776176773612,199.67949411732891,30.475386640436607,30.215822826882565,2.178378846095061,0.0561147106749377,0.016293037416832665,11.611153293170924,0.02563544405929392,,,,17.589309796611015,23.40152959385949
idpfold,SASDC36,96,0,22.26962381764747,22.895805754219342,24.169926850348695,23.33599681925496,2.0720286518785542,0.05008358255167445,0.02786926074311926,1.2454063259381118,0.018710559080615915,,0.1597170316363601,4.8114357596510136,1.517022806998621,1.517022806998621
idpfold,SASDC46,96,0,8.843677002307087,9.14476497314833,25.32150511943752,24.620691857377025,3.878072422217574,0.049996407895918096,0.027045155254296658,1.0860583132926516,0.031426690569334316,,0.2363860919127195,4.465193547910948,1.3184095390855242,1.3184095390855242
idpfold,SASDC53,96,0,15.70513017091566,16.4589646731881,22.639324415592196,22.26036065120703,4.311216657206316,0.035448714333032,0.01797345006407124,1.1012216300042172,0.04148180705015588,,0.47339035493118553,2.4729414492332618,1.1505940856165386,1.1505940856165386
idpfold,SASDC55,96,0,8.713366216061551,9.036403239351715,26.079176345039283,25.637237663522164,4.095433616877028,0.043756333361109526,0.055188459475512985,1.6412448769081496,0.03231580775697606,,0.24292391911294886,3.309482999068256,1.7438427041647344,1.829509963395537
idpfold,SASDC62,96,0,6.145987298876115,8.219220811166299,12.085227702854665,11.873945579114483,1.5099341287826995,0.06125809841137312,0.0388577451804068,1.2646526748216647,0.010416667103714012,,0.04231045469526145,4.246087035346484,3.2771974227456937,3.2771974227456937
idpfold,SASDC88,96,0,12.887765912442681,12.995250518051476,23.931894393076874,23.66636978487992,3.0850753021104538,0.09170151657944903,0.06450400848963446,2.225072946688121,0.010416666720920805,,,8.339446403002468,5.025454382408697,5.025454382408697
idpfold,SASDCA6,96,0,8.666354757004457,8.670889634409724,16.811467842949032,16.000176284305795,1.7948088685179453,0.04343739539174719,0.02119280453327861,0.9886651456926628,0.03328574293839081,0.1661410354314585,0.7453712431712125,1.1910932569218635,0.9936016614414711,0.9936016614414711
idpfold,SASDCD3,96,0,41.10925065733974,47.062090501903384,29.584355028831812,29.37686035711166,4.132557506732407,0.020260769302813505,0.004821764021151952,0.9614006618056385,0.029132321365653673,0.14812103955823994,0.24799761871542303,6.565621799334891,0.9647779477551764,0.9662939706293718
idpfold,SASDCD6,96,0,173.75125169238314,187.5998534049576,28.286975196871218,28.098784447256627,3.326460059383841,0.12005167428162072,0.07357381442845316,18.373310672115505,0.02260378271297372,,,,28.91787396976697,28.91787396976697
idpfold,SASDCG6,96,0,160.46951692004984,164.50805479320528,25.239225006454316,24.67864772190475,7.766788774924297,0.0796687317913969,0.03179219912366295,3.488821676882636,0.015078684159026677,,,,8.048998689397173,11.125750066593188
idpfold,SASDCH7,96,0,76.90261603709895,78.0936321183152,20.846914157557812,19.20999579348706,4.282445527232483,0.06472052611127496,0.02407773234338319,2.9192610700529005,0.023057653101130615,,,18.666101097234854,4.0131324973107665,4.0131324973107665
idpfold,SASDCJ6,96,0,47.663861497876766,47.74978752122863,24.880034860766116,24.614826712823614,2.5401159084833225,0.05492894497236218,0.027771523471725627,2.551953763438236,0.04348644248551519,,,19.36849472065715,4.714426092393418,4.714426092393418
idpfold,SASDCL2,96,0,16.977649084170285,20.370817651335436,27.394354103870587,27.27222098384666,3.1049482368391814,0.04081512259821115,0.030468919847387418,2.846277938522448,0.01867174700739581,,,7.584287265618305,3.5958903471917116,3.5958903471917116
idpfold,SASDCN9,96,0,36.146716675785676,41.53069715401092,34.6395239910709,34.18188088897702,5.374985993488455,0.05165379962194536,0.026153955758829964,3.1948130900020995,0.015887720554880712,,,15.598676207234362,8.286446445176736,8.286446445176736
idpfold,SASDCP5,96,0,102.02461315580872,104.48266935183536,23.32026499008633,23.120740088146206,3.2957469149042176,0.08236485562928358,0.02242075224171551,2.953412293202914,0.019080794315055657,,,,3.636480256770901,3.636480256770901
idpfold,SASDCP8,96,0,105.86851823250011,183.98412526362756,22.255031435404923,21.73703140707331,2.209821821496238,0.06450058279785859,0.015317720844502768,6.5183968584801075,0.014881075491127523,,,43.32438548282288,15.781868941623204,15.781868941623204
idpfold,SASDCY4,96,0,361.78968092612246,365.0586341817952,48.528374760122276,48.82749182368949,5.691205991759688,0.013768092600418225,0.003114185611366748,3.953540463134704,0.05605854784779419,,,,5.021686642697924,5.950980855498969
idpfold,SASDCY9,96,0,5.595138786203217,5.590164825706559,23.60505547306019,23.157890114967344,3.517712946846764,0.04397512764005903,0.030278197745875198,0.9830382885838839,0.07199344017867655,0.15739657708651647,0.574473757361078,1.7473034202057736,0.9839542635131501,0.9839542635131501
idpfold,SASDD43,96,0,114.7479428211357,122.20389069015349,21.530253480637604,20.295204340992928,3.6692700188262144,0.07661306854550208,0.03777060636602289,8.725974496051256,0.015383531997256788,,,,14.828987935687612,14.828987935687612
idpfold,SASDD88,96,0,2.1715782197209177,7.406564912794397,17.600837883685262,16.080713816073576,3.140662656454575,0.1287675573356055,0.08898441439392601,1.1716759466204394,0.014987221729301198,,0.9886868108302012,1.2487953137085164,1.1889980281663697,1.2055294899731577
idpfold,SASDDD9,96,0,78.19545502886659,78.13404484776774,26.261983285838063,26.03111994415714,3.618362919390549,0.05365871615066821,0.0351126748067047,9.614597917022977,0.013933122248947861,,,,23.801265108322223,23.801265108322223
idpfold,SASDDE3,96,0,249.50772848199685,251.5039886394866,25.105721800203998,24.271154229931682,5.530665372499563,0.05014536382628505,0.01136710066988097,2.9485658276301048,0.036567079356166696,,,,10.411018483010494,
idpfold,SASDDE8,96,0,12.296937151347704,12.562899235983195,29.054347677927126,29.3072729279949,4.019625461110888,0.025763684511285703,0.016310845611177745,1.2711533849246448,0.0333651644068759,,0.1375023883088077,5.957374293200577,1.5346011339329375,1.5346011339329375
idpfold,SASDDF5,96,0,273.7625293362979,277.04657635117377,26.672165716234822,24.36514729331902,6.827435113656183,0.05297215504169267,0.020972947175266245,3.187473407162117,0.020530642483462588,,,,5.595323548039544,5.595323548039544
idpfold,SASDDF6,96,0,24.75147090614648,26.471498464472205,33.063432906910286,32.11419608860076,7.421547638347967,0.016173450492367375,0.004113792531061814,0.8149021652667093,0.04963638278036884,0.7361250487164436,0.7897846276917568,0.8321542728354333,0.8162548595498432,0.8162548595498432
idpfold,SASDDH6,96,0,30.112538093789496,38.9172068759848,24.851190617411717,24.724621109864046,3.0158586559836777,0.1101624634487408,0.0379384859094003,1.4247744082250737,0.02727656371230105,,0.05439121399071789,11.711845101338428,2.6016075792981685,2.6016075792981685
idpfold,SASDDJ2,96,0,1177.7407811369962,1279.0912342207946,24.092416392172016,23.955727095325283,3.0028215785561407,0.10834925653295358,0.032721997268779925,30.827552632186148,0.010842418103982713,,,,,
idpfold,SASDDK7,96,0,14.816929542510616,14.814775634943235,27.53359675072311,26.856456030124384,4.34721095609871,0.03175763114416,0.01602038438613965,1.00561002316761,0.04403443212783147,,0.2962301367619138,4.155339940285037,1.0350294232587838,1.0350294232587838
idpfold,SASDDL7,96,0,440.633013818092,460.41775273842063,18.78535976404546,17.29835123831828,2.8585521776554295,0.08888861038535778,0.025126900798265947,19.336180415726922,0.024273586815713788,,,,47.94855780585399,47.94855780585399
idpfold,SASDDM6,96,0,1177.2247148365116,1174.262191202061,31.059488388731438,31.12034595639489,3.370223821146837,0.1135487181163891,0.07116890783285855,213.89140206461528,0.010416666722158463,,,,,
idpfold,SASDDU2,96,0,62.733638287621005,62.815004772340565,28.88737661611162,28.48191789866717,2.7735917517737256,0.06548865831528052,0.026886359772830774,1.4784077032359113,0.02218850959764336,,0.03443803939691576,,5.5055525862456935,5.5055525862456935
idpfold,SASDDX4,96,0,5.170376559716565,5.25091052171427,23.64782278767771,23.52091149193533,2.8972411229412174,0.055978095034883,0.048413869867001705,1.097100713619375,0.03686423836267711,,0.2789211085707582,3.0996278653925504,1.2793375182898656,1.4894662268506982
idpfold,SASDE27,96,0,52.29784900762585,52.21791964479639,27.92132107636511,27.755990353273404,3.801013993681849,0.07266417699700518,0.03650498688196986,13.873126246221492,0.020588541075871866,,,33.94855187876207,21.944187120095332,21.944187120095332
idpfold,SASDE34,96,0,9.789361602863314,9.77835849805326,19.81984404963106,18.13985023946407,5.911220320913273,0.06314483438297366,0.053013126851047636,1.078721419312549,0.019352443140234144,,0.5285438911202248,1.7994556116091154,1.1045455516992555,1.1045455516992555
idpfold,SASDE48,96,0,468.9866897696658,468.4319609922563,22.34104459544745,22.698198144886263,3.1786663053646755,0.12442133779454556,0.08079738275246254,55.673179155609745,0.014514591429423088,,,,,
idpfold,SASDE53,96,0,2.9123176394472345,2.994003586383151,13.860283809325763,13.469214462749628,0.8720647453190189,0.17937828088222257,0.10722679709826347,1.0308435204677315,0.01236401529523583,,0.30522634978999436,2.1954537040361717,1.4827276559193636,1.4827276559193636
idpfold,SASDE73,96,0,6.576277311048937,6.868586554687078,18.243532405341156,17.983753979701845,3.2718431151469147,0.04319808942306166,0.027353966460878038,1.099929653200629,0.01211387456258846,,0.24152807666433973,3.0372154373370863,1.6381030563171994,1.6381030563171994
idpfold,SASDE93,96,0,8.224489480398,8.829663805287534,23.699221860007512,23.846874463002006,2.301832186710307,0.04605335947829908,0.027638271602776644,2.7200705539826884,0.045857178095675875,,,5.152049451011445,3.24360276672789,3.24360276672789
idpfold,SASDEB3,96,0,13.340153581935883,13.35509912400365,44.245262201005325,44.984480732527516,5.028767823577795,0.02871023400837712,0.017645104588859484,3.8966275496165776,0.033301188874381375,,,9.376523301405664,5.8120340874589065,5.8120340874589065
idpfold,SASDEC3,96,0,3.4076132845807514,3.753649048227829,44.07313822136304,44.45003858379664,7.192112878621593,0.03274280525375448,0.019857952290196542,1.0431473011632595,0.06485432006324762,,0.6439215904058214,1.837040326407014,1.0476488557398522,1.0476488557398522
idpfold,SASDEC9,96,0,189.24563118431442,218.97089545829905,29.941479100509937,29.389370449763803,3.8828848106076777,0.06089409184522193,0.033944677778840374,14.038607747504242,0.02423900430862673,,,,41.852670937643275,41.852670937643275
idpfold,SASDED2,96,0,73.47007079332417,83.46817321372724,37.73384174913439,37.520240674082615,6.88683090424238,0.046107874992883456,0.00962182832040238,0.9324687137533262,0.042464544869538684,0.046478901649550645,0.133889205019286,15.241306489276722,1.4882229426389588,1.947609144158938
idpfold,SASDEE2,96,0,55.191142516967425,72.82512566842449,40.876600436952245,40.22506652764619,5.5170409188367415,0.03321932500510068,0.017668301887414653,1.945108910421927,0.03240313916940884,,0.03440876020278605,23.560833928891746,5.0782517987423725,5.0782517987423725
idpfold,SASDEE9,96,0,107.40770347521496,108.17353815937312,25.87577275807405,26.09523040558825,2.891890861703679,0.059943266527188246,0.02112922947265801,4.879945418422486,0.032320636912652974,,,,7.33713838874316,7.33713838874316
idpfold,SASDEK2,96,0,1.0192405348806304,1.0199936922192976,15.445019009644826,15.513048849451941,1.9905215038653594,0.07479492005891034,0.07290155571385078,0.9881270937792438,0.04921401185953662,0.7022166043008934,0.99996077080805,0.9942673119179867,0.9893821640126632,0.9893821640126632
idpfold,SASDEK4,96,0,36.69023102384016,38.90297152471044,20.873602503069034,19.001532969506,4.630310940001937,0.05876235421924789,0.027769086659053283,1.6974069906470053,0.010416666716852674,,0.013715734348205333,8.052099961547892,3.918118972093054,3.918118972093054
idpfold,SASDEK7,96,0,154.1518244362316,154.34944032062322,28.156196876400895,27.96777102933021,3.102365831837936,0.11161855163119225,0.07788409973065612,42.93562353378542,0.01662839355764091,,,,68.44819443021085,68.44819443021085
idpfold,SASDEP2,96,0,1.0425281264483792,1.0418870754692198,24.423209699731597,24.437202582041337,3.2168797176255914,0.09579885561369182,0.09581625265178301,0.9997933754114436,0.03785130102869711,0.06437051897120757,0.9999339272643657,1.0058886605655815,1.0006166835957089,1.0006166835957089
idpfold,SASDES5,96,0,80.92523883963081,81.08433762592325,20.472086562978564,20.614411755724667,3.747993725600878,0.11097567020698519,0.039013934183442865,1.1664276580495736,0.02736787100001967,,0.08327400154167407,,2.706174888583075,2.706174888583075
idpfold,SASDET2,96,0,4.153556626158907,5.0347866376397405,32.00497771892768,32.06750669254532,4.302608450486765,0.020235740790806648,0.011947559565639672,1.1147159593557887,0.053743391859504365,,0.5733613211433869,1.667682892612959,1.1297559047789025,1.1297559047789025
idpfold,SASDEW7,96,0,2.692427654361733,2.87268066789325,25.071885120725586,25.319908609850266,2.2773117933528333,0.032082549462963704,0.027979801965857944,1.1021738891783435,0.021024260067321585,,0.7262874134650622,1.7050592734073293,1.2257519147138691,1.2257519147138691
idpfold,SASDEX2,96,0,1.0864938960785473,1.0877089045076433,29.061103378389763,29.040598037921356,6.3718530898541275,0.05059898411219485,0.04527606360775357,1.033069307717878,0.06327447392338012,,0.9999665512807862,1.0408800843452855,1.0337071542542915,1.0337071542542915
idpfold,SASDEX4,96,0,1.1912411860662964,1.1917788018864226,25.25341093275397,24.58823457153976,4.847175546244557,0.06890350506407286,0.07890564242678515,0.989198094378912,0.03429104830615129,0.5877645039393643,0.9998576640471218,0.9951590375213959,0.9898523287693273,0.9898523287693273
idpfold,SASDEZ2,96,0,1.7923410148989476,1.8950587620007966,27.611838745409184,26.731677275289663,6.1415005667591736,0.02119555910012189,0.019376586646661843,0.9874691236128857,0.06735519017153459,0.6548140417486094,0.9908781679122298,0.9904991082525011,0.9877333177560655,0.9877333177560655
idpfold,SASDF27,96,0,1.4998626571065659,1.6043076969150383,26.117896804867417,25.986302777811485,5.4535400125900395,0.02707903066217514,0.023508943782329896,1.1181887553997334,0.043897640994326935,,0.9959392239648853,1.1330878678858982,1.1201180538143378,1.1201180538143378
idpfold,SASDF34,96,0,6.9407583295796105,7.204175122869467,45.11651652567543,44.680253144372045,6.26317750835689,0.030965389228425542,0.02562583090192475,1.0502099440485704,0.06689453014122805,,0.41321089361166846,2.198103733891363,1.0709395564958284,1.0709395564958284
idpfold,SASDF37,96,0,22.169005094751657,24.025751467643282,21.920141751585668,20.375000356993304,7.240919943173104,0.03840403650953454,0.023608926818612163,1.211291639833881,0.04857815455737644,,0.5485461382690242,1.7567773963309843,1.2144660382569907,1.2179731613054252
idpfold,SASDF38,96,0,612.8434531068019,653.7445123183668,32.592006502232934,32.71876963853494,4.22687043161692,0.07747957516767745,0.022188888129831334,12.20138611748216,0.02714474797375892,,,,19.480953617010183,24.166234769325733
idpfold,SASDF52,96,0,20.319586660200862,723.0208457188512,28.174028884492373,27.95675137391756,4.035476361461683,0.020325887004429933,0.006485782954217928,1.312860906289351,0.027460144809484017,,0.08883733330221873,6.887724511769488,2.131229626652533,2.131229626652533
idpfold,SASDF53,96,0,24.82886584974887,24.825631799588653,23.212490831957766,22.73222572447295,1.706440710232858,0.036306913197190205,0.02226474438293902,0.9345216550614059,0.03804884764961172,0.0460727302273633,0.1091020409273089,7.68154824716993,1.6198014494508457,1.6198014494508457
idpfold,SASDFG8,96,0,8.808169202403828,12.867242131284062,21.13996711390501,20.934700693462556,0.8063567594078727,0.04690676964918915,0.02272835998495284,1.173310494861942,0.02137142678240209,,0.07436961239472617,4.795691327939787,2.122646243746919,2.122646243746919
idpfold,SASDFJ8,96,0,28.326427787586532,44.45834930518211,22.62332693753037,22.41094648309343,0.9054104583862532,0.06659716075963579,0.032808423783412886,3.4312750388065982,0.010416666757443278,,,17.026977525340325,7.00935294011585,7.00935294011585
idpfold,SASDFK8,96,0,31.039643674279482,30.979516836490504,31.865206484665723,32.301746224838546,5.2481695825864705,0.014647294841495465,0.008734036796296883,1.0816742582212313,0.08186179187858747,,0.5508408406550885,1.5360295967090556,1.0834976240038088,1.0834976240038088
idpfold,SASDFP8,96,0,632.1192927285429,641.4637532676072,23.871161170764285,23.548932487316783,3.0950179942228715,0.10789988094002947,0.050766700799943644,38.9089061778156,0.010416666682154003,,,,,
idpfold,SASDG45,96,0,368.94122140194924,378.0235510916708,23.249138013133223,22.85429664835845,3.293157877953746,0.058300854866865724,0.026620645763455273,45.274115459660976,0.017200083680175175,,,,,
idpfold,SASDGA5,96,0,71.42326164401881,72.27622251751622,28.302868041862883,27.956723999044605,2.511007661413206,0.109680647874446,0.03617183974139716,5.265978404645531,0.016339778705895418,,,,27.96081151427514,27.96081151427514
idpfold,SASDGB5,96,0,53.62890396301785,144.42405133606212,26.40888829400293,26.197761168868382,4.698918868909299,0.018474556902988156,0.002150126377718024,1.9801970449577206,0.03631118321799719,,0.045334757989134895,13.357677564320952,2.5618379571458143,2.5618379571458143
idpfold,SASDGP5,96,0,10.33305034950257,12.6414424918744,27.187238774403514,26.27919646729284,3.9440591054304015,0.048001551729612964,0.023359575339759936,0.9839635851809277,0.05638977861605874,0.2126700233911123,0.5390072743732193,1.5978724237243087,0.9852469444403097,0.9852469444403097
idpfold,SASDGQ9,96,0,211.76872943589876,217.77293323865374,29.797785332753847,29.000837875770763,3.3187699048490167,0.13061948176961757,0.08832938445313981,51.50416166742715,0.010416666731370816,,,,,
idpfold,SASDGR2,96,0,22.11735720289892,22.138725871298977,27.9574721166571,27.696208841046502,4.450381098953972,0.08362164066727165,0.059369824785727034,3.307233549297124,0.018239858800562985,,,13.643562662085664,7.218332100037393,7.218332100037393
idpfold,SASDH24,96,0,113.69503787461234,137.29028367971657,19.120275363924907,18.83844576293599,1.4934553199460794,0.03863654769699821,0.01998486438729909,15.512580193984732,0.019803178096579634,,,,18.393171015419544,18.393171015419544
idpfold,SASDH64,96,0,14.586839997297774,14.606747783956978,17.241922403541356,15.631831975980978,5.760511413776861,0.08083930849406253,0.04218542493640704,1.1191247786654914,0.03111283441580524,,0.3864746966692894,2.7696918291889996,1.2300610620486685,1.2300610620486685
idpfold,SASDH84,96,0,76.54521813234486,77.1360552375868,26.497950857476976,26.867819524987386,4.050533676580841,0.0849915628050686,0.04177586132125493,5.047166648915378,0.0590238788744473,,,,9.639946410451877,9.639946410451877
idpfold,SASDH95,96,0,119.72460993173019,120.56782466648747,31.03356407583108,30.602294970650608,5.680292713030536,0.08331888907009279,0.03479209146056679,2.1438878622337,0.023747175845091086,,,,12.890419316642616,12.890419316642616
idpfold,SASDHC9,96,0,3.3823320728438833,3.3834153576906254,31.838472753232978,31.850750036297313,0.8064916239904214,0.021692874923312244,0.020689945405872653,2.3425232007092727,0.017760659519004178,,,2.885876288801303,2.5321832878122605,2.5321832878122605
idpfold,SASDHD5,96,0,38.19033169053557,40.51545181031973,34.32320856171967,33.83309345294899,6.181156595283866,0.0556629431097239,0.027592274548899464,1.14763162887434,0.029546328232844754,,0.09136178508800546,12.948740247226052,2.3795967437764736,2.3795967437764736
idpfold,SASDHF8,96,0,2.369912936355689,2.7465928704142173,14.300202654941064,14.166778872939013,2.0454769780325783,0.025341555964632112,0.022552422997488716,1.043361876667314,0.023022262926601752,,0.9409576738507569,1.2640466343406151,1.1022535143197754,1.1022535143197754
idpfold,SASDHN7,96,0,6.122363625324836,7.430902704982089,21.33573653126431,21.440206005297597,6.491037842451945,0.08365875230771617,0.04932477341021885,1.048617638492041,0.030917194196011074,,0.292592973900844,2.8575086412908255,1.316848890634839,1.316848890634839
idpfold,SASDJ28,96,0,206.59321724249946,214.75953569994732,25.980454386081696,25.280534153002925,4.294990621602132,0.09989158847207079,0.040932267686912965,5.525493467403963,0.011998084113126445,,,,,
idpfold,SASDJ83,96,0,62.57716515152091,65.48879517743771,27.318793247169854,27.112224801838614,3.531655270057165,0.09013412011837947,0.035312969372461575,3.3031045801095495,0.015724746798845578,,,,10.607557950043587,17.83787747435858
idpfold,SASDJ84,96,0,48.4718512612081,49.47214381457049,30.652589227945857,30.85594175970957,4.128253586168206,0.02583353076118646,0.014797496711706092,1.7269367557724815,0.03234503054084691,,0.0427769285223678,,3.1882764904300127,4.1772496545512405
idpfold,SASDJ86,96,0,1.9197116505789913,2.294464718224434,29.11880995077062,28.58830027121633,3.934457280168587,0.038565015094232345,0.03388568109578,1.1050950093206573,0.04752552551926572,,0.9996128309324327,1.4592895831043513,1.129854093240311,1.156088855909682
idpfold,SASDJ93,96,0,224.82270755395768,226.63743089770094,28.497570584049942,28.147375769682093,3.084393015214431,0.09416008734865752,0.05397135090909967,37.98120218839346,0.01474548280445538,,,,,
idpfold,SASDJ94,96,0,68.55172320354673,68.70666963275605,29.324647161055815,29.290254448369396,2.9344201423646936,0.041433566258831045,0.009183786097387533,2.360857098287723,0.010416666681209727,,,,24.337082834730577,24.337082834730577
idpfold,SASDJA4,96,0,51.875398267769974,53.515777788654525,27.499830356794284,27.281905604820203,3.005456563708236,0.07567682922941309,0.02927284447925049,4.527957888694848,0.010416666711547463,,,27.372831332084186,11.013201628587188,11.013201628587188
idpfold,SASDJA5,96,0,11.57422465455045,14.47511770796203,23.89776890919627,23.73800082654479,2.263868475152897,0.024007960778881725,0.010786596028913084,1.0616737295945324,0.04381031863061843,,0.2837968049774967,2.8034046244875124,1.172529285191444,1.172529285191444
idpfold,SASDJB9,96,0,1.0182634538945772,1.0173113081273342,19.545004924242395,19.31284381987209,1.9350097592544344,0.09789162979427476,0.09488331943779775,1.0086540782314175,0.01827187966138329,,0.9999996998186428,1.0123511402601992,1.0090849083776996,1.009659460774652
idpfold,SASDJC4,96,0,114.59053468234987,116.90033352418588,28.782213571697596,28.738812410350718,3.006758822311401,0.0805887549440641,0.03312740002065955,4.692477622470959,0.019848996717807734,,,,21.3193959387675,21.3193959387675
idpfold,SASDJE2,96,0,1.5117921620285688,1.5317861237768367,15.549826206448314,15.526579863743528,2.329140997500806,0.013760032769882352,0.01297674048484555,1.1090685640205427,0.0676641813672106,,0.9926438056200645,1.1109002873520983,1.1092207366984606,1.1095145005293936
idpfold,SASDJE4,96,0,4.235806067465275,4.226347127698045,23.56363326483923,22.75088601972008,1.5773333535811531,0.057615576279699474,0.05353359139760464,1.8982216104244929,0.019404141130200826,,0.03971268210777545,2.7903535997350133,2.134764256674151,2.134764256674151
idpfold,SASDJF5,96,0,116.84847343208614,117.27393191199319,22.38290837287109,22.126133252100402,2.630085254326378,0.07024236246610809,0.02605187515730408,2.4725311340472604,0.026998086839551207,,,,6.644127182470886,6.644127182470886
idpfold,SASDJF6,96,0,2.4085723904958067,2.4566893384934163,24.62062025140346,24.79322570996017,5.422276872548739,0.028797883684017853,0.024008835288216363,0.9608617946079101,0.07073910048273564,0.4530429738877692,0.9734558577921799,1.0029810961934784,0.96169943643334,0.9627450119064717
idpfold,SASDJG2,96,0,2.9371324571668174,2.9546499899325167,11.328812846099222,11.338646307323149,0.7381522109432641,0.01684098520627739,0.013259586889441413,1.0104576305944704,0.04349985026372092,,0.857002914811099,1.4239545113597911,1.0156419518635373,1.0156419518635373
idpfold,SASDJG4,96,0,2.529233410973002,2.8642504459685805,26.24581632595214,25.78928560734561,1.9601602673799334,0.03235238053637624,0.031417577883044626,1.025391295776911,0.029296671314951808,,0.9258249813308356,1.361774627195373,1.069593453772921,1.069593453772921
idpfold,SASDJG6,96,0,17.972852030395604,18.28668543177421,16.1345047111315,16.27520143029868,3.791582994115851,0.10101872911872643,0.039592114435099246,1.9073497031781694,0.015827212305365358,,0.018046693664882246,,6.865641991705249,6.865641991705249
idpfold,SASDJH6,96,0,25.316007173943287,25.303941786833462,21.252515090285335,21.221547415306933,2.853069916802422,0.012712120751945506,0.006927582485800227,0.9983380990757971,0.06566133724453659,0.08569054543717088,0.24955057192142813,4.634137771283411,1.0067469284356827,1.0067469284356827
idpfold,SASDJJ4,96,0,11.020284916319278,11.194392026240935,21.563158244271122,20.33848469686553,3.5929690610294323,0.05562820483108736,0.06231121757812116,1.0616834666651784,0.013003381351807211,,0.2578166859214582,2.943166832599564,1.5487175920519756,1.5487175920519756
idpfold,SASDJJ6,96,0,22.16338164847954,26.01944886394933,26.376352896549204,25.915315598392418,2.097958958962362,0.03474275606608008,0.021035292745506296,1.3361842492969442,0.034643844918226016,,0.0485890216748564,12.277981142411276,5.0214571329187585,5.0214571329187585
idpfold,SASDJK6,96,0,23.730543396889537,26.42724024858852,33.843864101514534,33.24199147268987,5.499455503996295,0.019650813296502385,0.0073027416947326566,1.5747361927033134,0.03581064721859146,,0.10084411027762129,4.650750198246505,1.8805771729463945,2.113963683095082
idpfold,SASDJL9,96,0,52.45969493426817,53.04167379820231,21.964088008190576,21.933018662916865,4.247916606575849,0.08441162694938764,0.0312557711540983,1.9922776033004437,0.010416666840511951,,0.010762292170817504,34.35568051937991,16.33256124284168,16.33256124284168
idpfold,SASDJR3,96,0,1.2036009051186305,1.205902001631325,24.24893452000493,23.669064756901825,1.7756478660154364,0.06518680507049678,0.06752987624339457,0.9684446281498424,0.019922020029928152,0.1616297756724295,0.9998352032300595,1.0332735230046561,0.9881531784237585,0.9881531784237585
idpfold,SASDJT7,96,0,22.809078067279703,23.17286218947259,28.267341723738497,28.096660458266292,4.892769821105514,0.037226600470664534,0.020278068174273835,1.9643400656277799,0.036277118967740773,,0.04281240588593066,8.50577238216298,3.4395921500307676,3.4395921500307676
idpfold,SASDJV9,96,0,3.511878573776229,6.714847619178965,20.251892481361065,19.45687786772801,2.476754741531309,0.03996039964806623,0.017317015241643995,1.1249896896424338,0.012866762481293462,,0.532914210467283,1.8411004321285194,1.320705599781522,1.320705599781522
idpfold,SASDJX3,96,0,16.333730311090036,16.340336625810895,27.451788291158216,27.454385886620855,4.6182206065464975,0.02812451286518303,0.017134526876204405,1.0591077588245283,0.02106294349969284,,0.17397463574798036,4.977981089095522,1.4173010061089135,1.4173010061089135
idpfold,SASDJY2,96,0,23.57042727193652,30.495156050718453,23.061605754504605,22.624962805567236,2.372712002659391,0.06152067671288086,0.025135401581840876,2.858194064023141,0.024791255082790783,,,11.931238706951719,4.775670514443135,4.775670514443135
idpfold,SASDJZ6,96,0,14.689836987366949,18.417189012078076,26.961597066486885,26.48809294159644,3.272571378310438,0.04168034613869411,0.015686601889420584,1.3365532729571656,0.023432270858959787,,0.07718349134782129,4.637415011819198,2.1457314179344484,2.1457314179344484
idpfold,SASDK52,96,0,2.5141659431650583,2.533151309858742,32.38848444494974,32.408155831532795,4.042510368270161,0.09519163994335181,0.0921472885511661,1.1815887457983896,0.015797272691826524,,0.4682423648582284,2.0236710469971926,1.2738597652546038,1.2738597652546038
idpfold,SASDK56,96,0,1.9085363455413098,1.9207808661619397,24.56815413867935,24.056944904363753,2.82813066210862,0.0840757108255805,0.06953737001189589,1.051502349192285,0.015589967121709748,,0.9989092122967868,1.3373298471566437,1.1348090422561676,1.1348090422561676
idpfold,SASDK68,96,0,2.6875084500237807,3.6352252655173714,30.49785558882997,30.321392920150583,5.754082204171368,0.012551453610440074,0.009242346930458792,1.200001743624789,0.04310610528674119,,0.9424201973115366,1.380046417389254,1.2206882738422504,1.2206882738422504
idpfold,SASDKD6,96,0,10.3912021013659,10.384484150684912,27.502881471342587,27.108720993859116,5.355485929883191,0.02114555871410678,0.012202912240717807,0.9524834980304516,0.07009182003640692,0.19141422062772626,0.4242474490183383,2.767207228221453,0.9530947041974519,0.9530947041974519
idpfold,SASDKH8,96,0,4.229413786160324,6.159882364095817,33.59692550548747,33.53428826803031,4.9356319131256505,0.021452703629849374,0.014371076310134423,1.1193166687603542,0.02141378930242784,,0.512656109713305,1.8272246781199337,1.2294469008892794,1.3102688683180896
idpfold,SASDKQ4,96,0,33.348274460216686,33.28909164545778,20.49188194209706,20.276736904785565,4.381439436773391,0.12226550718818907,0.0821246460545011,8.838617205421627,0.017212410248384824,,,23.326284991893306,15.255172842565598,15.255172842565598
idpfold,SASDKU8,96,0,12.798141599484046,14.06249851402435,21.236097220440207,21.0773662786966,2.716709048227692,0.03870735062027038,0.024702943194582074,1.8350696311923562,0.014328402079473598,,0.026513470791256696,6.832591564844768,2.9564391435196526,2.9564391435196526
idpfold,SASDKW7,96,0,11.665490919759664,12.240649912165171,29.39428042017222,28.611084382819342,5.8873348028000905,0.08641216686947976,0.0580668826621151,1.5749826830052003,0.010416666724145074,,0.015803035269332178,8.425399090088376,5.158515753856561,5.158515753856561
idpfold,SASDKX6,96,0,6.429170914942586,6.728174759181076,27.582036115039873,27.523485857353723,0.7401076651981349,0.06432963677478037,0.07313145424565304,4.499190185430282,0.016193203347124176,,,5.759478914587064,5.170503499828749,5.170503499828749
idpfold,SASDL26,96,0,5.119328672030599,5.119923053433308,29.35581180888361,29.337946162218802,2.3492733601837372,0.03766933501329268,0.03312095501803531,0.875142018086225,0.0310061748865203,0.08424816325211804,0.2559203890319658,2.7806397669095424,1.0388832818123928,1.0388832818123928
idpfold,SASDLA5,96,0,87.15964374134295,89.40263118475198,17.140752670778223,16.004924556821187,1.472318509423431,0.11130903046874001,0.03900705194810589,3.098193366088935,0.010416666699982062,,,,10.212555950937489,10.212555950937489
idpfold,SASDLF3,96,0,73.51291491291168,75.2113137491,32.40822267629031,32.70603961708247,3.6264846401534925,0.029052331200028113,0.013429484555575816,12.725972309896358,0.0292029279439476,,,33.40618348186223,15.436893840104139,15.436893840104139
idpfold,SASDLF9,96,0,8.560018228718693,9.024000827935312,37.0482072903179,36.632002816325354,6.161870948529696,0.0541396740626316,0.024950435428998188,0.9045193908261329,0.0588096391344304,0.1748614322550771,0.35243282761273026,3.066304089703555,0.9166109048164761,0.9166109048164761
idpfold,SASDLH9,96,0,431.3189213036827,510.49074607544486,27.026588865177448,27.21081530865237,6.1406101112214415,0.02433009003583877,0.0023063010559107207,3.145607616481774,0.05301766961851667,,,,7.3058947268410535,7.3058947268410535
idpfold,SASDLJ9,96,0,39.75296530833068,40.1407814112273,25.78103455890896,26.299104818168644,5.796985165171325,0.01326260477879516,0.0024610247308143505,0.9572932099554359,0.041499154833622015,0.35657985434201694,0.6991546428982153,1.0406904245719493,0.9620331963283186,0.9635012167121964
idpfold,SASDLM9,96,0,100.64227337667836,100.73592936744753,25.710171820964618,25.546112997668622,4.931831546038335,0.07329687656114099,0.0400237445816332,5.626418479159666,0.03635544484973848,,,,8.611851834565586,8.611851834565586
idpfold,SASDLQ3,96,0,15.274190337830447,17.668917180980277,20.360948826576056,19.29843532579767,2.130135426980953,0.0523152261775259,0.023553291762117408,1.1210780344867906,0.010416666855547324,,0.09647730883924253,5.079824214941567,2.1982528038201714,2.1982528038201714
idpfold,SASDLR9,96,0,1.2074688919045242,1.2087934807528642,17.85829049581033,17.83543475982892,0.8665665484919387,0.02867683507079711,0.031996567353403726,1.0322796388102833,0.021191260518078816,,0.9998287012168908,1.111507945052154,1.062045185264886,1.062045185264886
idpfold,SASDLS4,96,0,45.38185528920769,47.36113898096308,58.03481298882334,57.74871621404294,5.5536349493727215,0.04846593300841111,0.015439634181992446,1.2075987196953195,0.025543467536477755,,0.041726871859726795,25.15574295290953,9.781374247386088,9.781374247386088
idpfold,SASDM43,96,0,18.59921460530361,18.94061648309086,21.75306664302336,21.393789552883543,4.74407862663185,0.06338535971049804,0.05146073548164463,1.0310837962150008,0.011099317852566376,,0.11589745817347501,6.69618326161778,1.8845947525255857,1.8845947525255857
idpfold,SASDM53,96,0,4.421595515317021,5.179309597548597,25.46986716813744,25.329233747133213,3.259074001430786,0.03893463592644655,0.04913845471744942,0.9491144880866226,0.03291315453938132,0.09596231912609184,0.48418280310347206,2.117206853605158,1.016705681445496,1.016705681445496
idpfold,SASDM55,96,0,663.815819589758,737.5548238496312,25.4780101541306,25.525588536325312,7.2292004963779775,0.10066596621559201,0.04358511760871519,81.8685509579262,0.010416666734466845,,,,,
idpfold,SASDM82,96,0,1.8802518657134668,1.894510401907866,16.534418184476632,15.35311011566142,4.458466164309165,0.0974040208521518,0.09781376556386008,1.0473580344462983,0.01333630416768739,,0.9945921956450489,1.128084869143184,1.0667675557809342,1.0667675557809342
idpfold,SASDM97,96,0,74.39547328711083,74.28583242404093,26.372942540315904,25.629129867710795,4.533078570372567,0.047429928313579964,0.021145928478279268,4.936873253369815,0.0291621456105989,,,31.571163854876833,8.690030388359045,8.690030388359045
idpfold,SASDMA5,96,0,4.1200006948659444,4.1678221164873985,16.6253486275021,15.35612039060915,5.209623549369507,0.06346352638986577,0.05167711584184211,1.1790575587875365,0.010416667313971473,,0.33030242858697895,2.49679337920364,1.4038720348364522,1.4038720348364522
idpfold,SASDMR3,96,0,2.8628156580946973,2.859825500738505,15.523133588113494,14.252901386968244,2.3828948556419434,0.032218676631366634,0.04219958775459878,1.3143447110593152,0.01123050488493029,,0.9238715132018789,1.416267464727512,1.3519507757300353,1.3519507757300353
idpfold,SASDMS3,96,0,2.3148544291870206,4.355516560459369,26.70144137068339,26.30862600683871,1.8382537722113703,0.02843294538365327,0.014141347938989263,0.9895500135332423,0.024485150754704907,0.05523805203393253,0.922069545331948,1.3571594862906995,1.0316624595845216,1.0316624595845216
idpfold,SASDMU6,96,0,19.58176130283868,20.21381815121366,25.44562568864298,25.316296922030872,3.0957877013788178,0.07590370927453283,0.03650192530932338,2.05582881640005,0.012714011784640015,,,11.932553727660668,6.177873081238544,6.177873081238544
idpfold,SASDMV6,96,0,410.3293354028445,439.09363055183627,26.724110014819427,26.47060863025066,3.7428405030632703,0.14675220188193952,0.06853388635846873,34.659326156868836,0.016231062748471577,,,,,
idpfold,SASDMX9,96,0,1289.450245095203,1299.678545607987,28.206128029120833,27.91000374971984,3.5138996827523172,0.1417031817502363,0.09008997538581522,119.02465690605267,0.01853042818440097,,,,,
idpfold,SASDMY9,96,0,347.055312589601,368.6873937928552,28.17519474446119,27.925384042974557,4.090474679907054,0.12420661092830866,0.038881208934631865,6.875085255052031,0.017084207178406353,,,,,
idpfold,SASDN65,96,0,806.718607848712,854.7277791005663,27.728021051996024,27.77783428961363,6.439237824904925,0.12089826862811695,0.029922525119295523,8.757472166589231,0.010416666679975753,,,,,
idpfold,SASDN68,96,0,182.28116422568044,185.89085014339724,24.655121615961832,22.663965400800222,7.245957734053288,0.08520336058759484,0.02463815863625769,1.501548374119273,0.03149672006549959,,0.11197400530940631,,1.9702117216387764,1.9702117216387764
idpfold,SASDNB2,96,0,13.838072917168004,14.876332324951104,22.519429487535835,21.81956684390356,7.208905211289071,0.0625456493125056,0.04071320387535197,1.2806487657323704,0.02549905321470092,,0.22588564915022905,4.064524588764886,1.4948056221215806,1.4948056221215806
idpfold,SASDNB7,96,0,5.576960282517431,5.602255924300056,26.499762120261416,26.305981121033376,3.293912860389227,0.08851757003365278,0.0709714999219668,1.6235533513196156,0.010416666858893836,,0.07420931584336046,3.736325446027801,2.184134898242742,2.184134898242742
idpfold,SASDNB8,96,0,22.625600063055767,22.71936543411546,41.34995201282363,41.78009971055636,6.0493353440851365,0.033919052844844026,0.038625738460985014,6.4343350372403325,0.017655419364965716,,,16.543876478195145,10.606764122617319,10.606764122617319
idpfold,SASDND2,96,0,1252.358005022041,1293.2081886953042,19.34504231540279,18.851477404710817,6.11346053144506,0.12719230222031874,0.045124233578243585,24.096333412046448,0.010416666687937524,,,,,
idpfold,SASDNG9,96,0,219.44429544533247,247.37517781763196,20.062560532610426,19.55740815233365,1.5451420635204869,0.028122170022915463,0.016010480799461213,8.029507272659954,0.038805008995930396,,,,12.940609760537928,12.940609760537928
idpfold,SASDNM3,96,0,12.360291130332284,23.550750735368098,31.623437320306532,31.300587218051056,4.162674142478949,0.038810663161274246,0.00872248417828513,0.959296366563058,0.017207570108294143,0.03317959018895896,0.13648921503303843,4.741172114286236,1.3322743341244627,1.64078766574812
idpfold,SASDNM8,96,0,24.172306642279622,24.147809189895913,20.467386308241114,20.088060723503045,2.9803833319352506,0.07922872393318259,0.050552033139020805,1.2627233550574117,0.010416666733336301,,0.04975550855513617,11.978750668691552,3.647123004162223,3.647123004162223
idpfold,SASDP28,96,0,88.11076105792931,97.58578677445314,31.792011675728517,31.788624147432746,3.880875193385627,0.07753133656981047,0.03237713810124605,3.3779281570565134,0.016452179086615202,,,,18.03016695853268,18.03016695853268
idpfold,SASDP35,96,0,27.520727017663063,29.945920006244556,20.517893901758576,19.57819339781611,2.4047873500321657,0.06641275322326036,0.036468572936318465,6.0849865630611975,0.01041666674103082,,,17.927471942532936,10.081295169820311,10.081295169820311
idpfold,SASDP64,96,0,0.9818399757263617,0.9820463409678004,20.765978611835834,20.706333282834297,1.4891303700742995,0.07918394799695112,0.08116559948458155,0.971998457951793,0.02285927079668634,0.9999906899160776,0.9999906899160776,0.973773186779488,0.9724291878581324,0.9724291878581324
idpfold,SASDP79,96,0,1.2446827440357544,1.2460622354429713,45.76305616113289,45.82920073865981,3.4309508025120863,0.037869972749328656,0.03422731741099915,0.962721018379483,0.039652955096395416,0.1586537985352374,0.9999898655944112,1.106108210789301,0.999739140835331,0.999739140835331
idpfold,SASDP89,96,0,1.2414256417206357,1.3477004418455454,33.17095201415391,33.421397508830005,3.603999199537597,0.10822784133764406,0.11120783101236455,1.1999012833388936,0.026710385134591133,,0.9999927935492537,1.2079150781008354,1.200487522949863,1.200487522949863
idpfold,SASDP98,96,0,17.337658516184636,17.41922915212278,22.028259272384176,21.57712805899928,3.781746150624169,0.0562907061471747,0.029430759979019686,1.128022701889209,0.020797344928442985,,0.19935892366573593,5.7408126289663866,1.208170900212315,1.208170900212315
idpfold,SASDPA8,96,0,237.03071646852254,237.9377351867038,27.87901885077685,27.99416497773634,4.028958054454357,0.09450881596617886,0.025735633952320033,2.4633148849722515,0.020846439015696386,,,,13.065501911410358,13.065501911410358
idpfold,SASDPB6,96,0,11.597394644988618,11.736301805084311,32.4339745003414,32.39251379360913,2.994808917180169,0.03193405858466657,0.021282047399247706,0.9788032474024952,0.06277022862751204,0.10775205275243405,0.21528157284220018,4.822224189575092,0.9946788602123029,0.9946788602123029
idpfold,SASDPC7,96,0,20.2326086229578,20.29639017210635,24.169261833775764,23.835379098320885,1.7932260085115104,0.05235972997314283,0.031271679972749634,0.8525139149616292,0.028303192566237895,0.11523094930403542,0.26490858606580875,4.801050948696171,0.994557711969189,0.994557711969189
idpfold,SASDPK4,96,0,3.172438176775579,4.469797700563626,24.046566982808248,24.159139788864405,3.2844516112809394,0.0389447550650523,0.03078766703918459,0.9891234499107506,0.0432478353438903,0.27565524574620776,0.819677863186667,1.0979799173967815,0.9925911548430468,0.9925911548430468
idpfold,SASDPW6,96,0,1.7240375411602937,1.7797729294616698,15.575612151996594,15.365183253376562,0.3390103564346756,0.015975232451923876,0.014961466546628282,1.1504192491868803,0.055015215477545454,,0.9933056396287299,1.1597348949008277,1.1515666607354182,1.1515666607354182
idpfold,SASDPY2,96,0,15.704143363680501,15.844451861810413,31.197238821309423,30.90781505548231,3.64760033611811,0.0771180482464843,0.062336665193328616,3.30422634055768,0.012747366748626742,,,11.114656673802678,5.457129268398003,5.457129268398003
idpfold,SASDQ26,96,0,3.4161206279882417,3.8234718643156382,21.711670759692346,21.645162147171096,3.4854475181239053,0.018369568094254315,0.011727389997594153,0.9228207806948203,0.07085331180578307,0.5798165434721022,0.9389601898136729,0.9501838635662536,0.9233415226645938,0.9233415226645938
idpfold,SASDQ46,96,0,16.24135364237946,18.55918180289692,41.510873350545694,41.23641577407355,7.04064482894735,0.02585440696483485,0.009590833871492522,1.091308035148688,0.05111364622743425,,0.4519266911809842,2.0534193353014865,1.0937216367718385,1.0937216367718385
idpfold,SASDQ98,96,0,99.3798563977023,100.72749074571355,26.954191565493577,26.442092579515908,3.6829614273260596,0.08066279013175123,0.04205513513213214,2.1665242676286987,0.012820172350039101,,,60.95102834298409,29.682033077972243,29.682033077972243
idpfold,SASDQC5,96,0,45.799989423310656,54.754397462892314,28.92964449353989,28.480093229440044,3.858087890974936,0.05286160458307614,0.01566338677194608,1.4228521879527898,0.029377984214805832,,0.0609593506965778,14.904575743897237,2.676475023791415,2.676475023791415
idpfold,SASDQC9,96,0,25.643726044744437,25.99120111614988,25.712181577650846,25.408918369163487,3.799756270179568,0.07263234605268713,0.027304753433240365,1.2663230720364724,0.027495324345317384,,0.0465083870524284,10.145115997857364,3.257157200164645,3.257157200164645
idpfold,SASDQD9,96,0,95.29576916194083,95.79236572894561,22.85023741703416,22.533559135929533,3.92963177407141,0.11252008048776323,0.05300349618291135,6.491406911010826,0.012830006235918715,,,,26.401194400876207,26.401194400876207
idpfold,SASDQJ8,96,0,58.96752072971995,60.29956214675908,28.929941672430424,28.77049245511308,3.177834736636729,0.08014514814825172,0.04045365838048275,8.465477330632893,0.014699178545869059,,,,13.262060851799227,13.262060851799227
idpfold,SASDQK7,96,0,1.3596857929837234,1.364091419989218,31.970987654310907,31.13450431087115,7.757712099850174,0.0761156799197144,0.07292680302291658,1.051194823266723,0.03733508375237765,,0.9999516026655902,1.1804010183777047,1.0725321061231756,1.0725321061231756
idpfold,SASDQN6,96,0,6.717769328672668,7.701137517654252,18.512279011492936,17.559984177336823,1.2180893013872414,0.05329300496594646,0.026642500982305476,1.804664063992065,0.027503097852045643,,0.11399503697583947,2.8802742170054727,1.9280322559030758,1.9280322559030758
idpfold,SASDQN8,96,0,5.626813978510378,5.623225940373411,34.68105817753934,34.41730727976592,7.450059817214033,0.023580551074018442,0.019285309988155093,0.9951317827849437,0.07713560728778864,0.2931271427739948,0.8159800858182994,1.1089575069259694,0.9952333080435014,0.9952333080435014
idpfold,SASDQU5,96,0,12.249253777093559,12.223298246087207,24.075122445960297,23.204225024411446,4.529866976073809,0.0523833093049544,0.04673611604242871,1.0049077081206197,0.02498235325004992,,0.34817919888614673,3.1102944411362907,1.3865524186148994,1.3865524186148994
idpfold,SASDR22,96,0,8.616211032316839,8.907642082128516,28.23626164348548,27.53405528579249,4.421188935297231,0.050575880533858475,0.038263050093554324,1.0265192173938524,0.040396176952938775,,0.37271701307505944,2.689606281338899,1.0421170795625334,1.0421170795625334
idpfold,SASDR25,96,0,12.400853508284246,14.565472454970502,19.87861686751013,19.97153506383703,2.5863823650609596,0.06859634716856637,0.03432320746271597,1.0586166174612932,0.023930743465585342,,0.08038329785230851,7.107945047818397,2.45564466045246,2.45564466045246
idpfold,SASDR33,96,0,78.27094792642512,78.43553225638259,21.09662322867131,20.8498994066955,3.7135958313714035,0.08664263984421278,0.028195361408853904,4.454058433287795,0.010729973847720453,,,,10.12219253682974,10.12219253682974
idpfold,SASDRA6,96,0,2.1147795935910305,2.122687366285398,27.492738179308525,26.775693525032185,4.402600944462172,0.01714838313165883,0.01308515284267628,0.9837902055096986,0.07090135249654038,0.7297735181485825,0.9877089750488642,0.9846472070036102,0.9839230341069128,0.9839230341069128
idpfold,SASDRF8,96,0,9.654789012453504,9.646666300546945,24.095201351776506,23.346506899528762,4.942280517356796,0.04093613603931424,0.02145081070185235,0.984615804712265,0.10175101847510885,0.20099432201280262,0.5121148217666066,1.5877828016060722,0.984615804712265,0.9861798400894163
idpfold,SASDRG9,96,0,25.2049518313551,26.21198320474604,18.059093071744062,17.25383082285703,2.824283588689994,0.043956687051333106,0.024444792372637074,1.0490119362802428,0.024923087003762626,,0.3441527269336593,3.4108526535741364,1.055898254569207,1.055898254569207
idpfold,SASDRH9,96,0,28.73390848619966,29.190254521225505,30.441986351538564,29.839192873702196,3.659120445561701,0.060038765423702956,0.028096073359098556,1.1657344005437085,0.020822715889753044,,0.06496246111172012,12.108656829111023,2.9833347419363316,2.9833347419363316
idpfold,SASDRJ6,96,0,7.329925650240752,7.495996531267077,29.63773663180924,29.684208675663243,4.273953688002411,0.04115930003353685,0.039726250378897376,1.0570128252017092,0.016719477180590494,,0.20760739205529896,3.528528503731469,1.2430270749802719,1.3995985036860537
idpfold,SASDRK5,96,0,984.7336246374474,970.8341400660497,23.289911048471307,23.38364340721518,5.229626584010976,0.07636073663579024,0.04357551202851131,55.87118584720413,0.013464265132081548,,,,267.0303360344054,267.0303360344054
idpfold,SASDRN5,96,0,4.826062974937974,4.820288328327481,32.08887656536601,31.820246993067073,4.576577724231605,0.024641037932018748,0.017367313441723438,0.959030697913459,0.047853346644690646,0.09601694710949826,0.5755742219127148,1.6862611589123992,1.0047586488235318,1.0047586488235318
idpfold,SASDRQ5,96,0,130.09758017492504,132.6684942359709,21.658504461482327,21.060397649662207,3.4931648199413488,0.11734397239911226,0.06297343052535326,13.842293546385482,0.02072368745049689,,,,24.01597780681465,24.01597780681465
idpfold,SASDRW6,96,0,8.929392338935903,11.03449157594804,19.807029271047497,19.479942417745594,3.088398891674686,0.040781558946524556,0.02143466944695855,1.3721081575959926,0.0684421752447623,,0.20577105264115056,2.951295602164033,1.5621208093694836,1.5621208093694836
idpfold,SASDRW9,96,0,5.667977199389841,9.453869785695229,26.79461185159101,26.196321290448957,3.3801636626384948,0.05270097647792853,0.030790951557935025,1.5237589145493138,0.01850147519513628,,0.07636366275593497,4.252692729083886,2.1366740583044104,2.1366740583044104
idpfold,SASDRZ9,96,0,2.5917337842864367,2.591082670644959,20.837195754200277,20.93918157162855,3.6038083430283194,0.13344391848175113,0.09131497450255148,0.9765079536384325,0.016860262674460908,0.11880155655870905,0.7631331547640504,1.5970498797648296,0.9931770827181177,0.9931770827181177
idpfold,SASDS28,96,0,75.77326430409649,84.37052335126735,24.196267719288965,23.91945710323624,1.259905887802141,0.14401550789598885,0.09823711464712864,37.090299939304415,0.010416666850967109,,,69.70527488222596,54.29724308786144,54.29724308786144
idpfold,SASDSG5,96,0,1.9600080841026255,2.3311631866030225,24.923178082002554,24.969734478791146,3.894600708249829,0.020667392531019547,0.01421216724554448,0.9149304313912401,0.07374357874538122,0.7196268262161248,0.9811580265743798,0.9387118279404919,0.9153966871884712,0.9153966871884712
idpfold,SASDSG7,96,0,5.265809742949313,6.009036024110915,30.81217272270675,30.929370016146542,3.4745124540825607,0.1518254743224419,0.06763445612994318,1.5184683955289036,0.010416667367495748,,0.03647085136583799,3.599758535751763,2.459654885288656,2.459654885288656
idpfold,SASDSL2,96,0,3.751194151945104,4.408811594643071,22.006773661983615,21.32711125425264,3.5465974620301566,0.07208735364117555,0.06976435041256346,1.2748048278896884,0.01041666678571934,,0.369793741697106,2.269138144152371,1.7607738674289437,1.7607738674289437
idpfold,SASDSN2,96,0,1.6926173911380669,2.494677697110875,20.526694601005914,20.42171839007709,3.5616166631156574,0.014277841428928338,0.010228753791406904,0.7121467277538537,0.024744321923494947,0.8409408355475477,0.9926529735974127,0.8240403450539335,0.745174047296013,0.745174047296013
idpfold,SASDSQ9,96,0,19.60745299841937,19.89888382078376,22.139358044124766,21.199427250927236,3.4342894209261168,0.05907080807354903,0.05222616527377772,1.2837730208495932,0.01787639066621809,,0.08871439659680928,7.941640102790399,2.3466770443185045,2.3466770443185045
idpfold,SASDSU5,96,0,112.48282595198053,113.03301034494412,22.607567563952593,21.459794195450172,1.6394636213931655,0.04268125429976901,0.01178276038941072,1.2833877131942606,0.041608538760877625,,0.1100924459007881,,1.791251451786125,1.791251451786125
idpfold,SASDSV2,96,0,19.17013407519768,32.457931462930034,20.551455693826053,20.493051007764706,3.92328978029823,0.02334091439049625,0.006015151155072293,0.9334672668769259,0.038646006209058524,0.4498662402697747,0.566105941008664,1.2594512852680226,0.9338723682903075,0.9338723682903075
idpfold,SASDSV6,96,0,1.2286286353867402,1.271614229485746,23.528485664685526,23.028904768965802,2.5142473772244287,0.06487050554617259,0.061163534673187116,0.9408331570450371,0.0259348627003257,0.2971781411514679,0.9995239620980705,1.046333055629909,0.9489256629542908,0.9489256629542908
idpfold,SASDSV9,96,0,12.112822277935964,12.222329035948242,31.48815474117467,31.54969424047732,4.374549293436726,0.04545662057198398,0.033318362451484666,1.5956761402092714,0.037399700369912775,,0.07207003176063193,5.591204054621982,2.444413798651117,2.444413798651117
idpfold,SASDSX6,96,0,55.95140513950074,56.833735203514955,31.68916625397407,31.772469048005615,7.04215336673014,0.06476456892084391,0.030195078886196568,1.2886646592375932,0.026359644659555096,,0.04354780360599048,,7.549602955444494,7.549602955444494
idpfold,SASDSZ8,96,0,10.657840930773526,13.088667004963407,28.071235472721387,28.06796929604638,5.0623051460761666,0.06879390215844304,0.031022484307259037,1.1405107170559445,0.024461491396922424,,0.16343690303193828,4.254690193619771,1.4845592238891794,1.4845592238891794
idpfold,SASDSZ9,96,0,2.48841054395259,3.518518899524184,26.61687943576026,26.203915018844725,5.303864646096347,0.02042395621416804,0.014791570213822608,1.0176528580409532,0.06765801322111333,,0.9763911782415343,1.1029861486108918,1.0183728701409756,1.0190213097003613
idpfold,SASDT45,96,0,2.8589402170300726,2.932232818618257,31.358918898115007,31.424917309149095,2.9737016817208435,0.012195795263776598,0.009890046726751053,1.0594479337102878,0.023388092844622604,,0.8850404428552802,1.4128147853961794,1.1614392714926705,1.1614392714926705
idpfold,SASDTA2,96,0,15.57506446446957,16.61495368577638,25.59055578206933,25.098702382105067,5.9034895234284726,0.035993182715989475,0.025566192142993025,1.0374771708029817,0.041771875046017,,0.31632095665250315,4.131792245703995,1.1082871354057757,1.1082871354057757
idpfold,SASDTQ2,96,0,2198.4756497045623,2193.9327251556224,24.46696549735517,24.243775391491614,3.769090262302548,0.08489519446990328,0.025131249407570583,34.746093642739055,0.010416666673116068,,,,,
idpfold,SASDTR5,96,0,1.301783788584084,1.5119580942089523,29.725182337598522,29.506800336916,4.739266520951002,0.11811955700014577,0.11165428411658197,1.0085159946653914,0.03849007588641396,,0.999862527347883,1.1373530180696572,1.0219695494039025,1.0219695494039025
idpfold,SASDTS5,96,0,20.517265468007604,20.502335189225697,30.461551778101857,29.52722880347711,6.310020135889538,0.062048723174976624,0.03446269253092168,2.7096910020309597,0.015751219887265005,,,11.863116140293403,3.8970011713819925,3.8970011713819925
idpfold,SASDTX8,96,0,9.829407114305388,9.829991025737087,18.30520109716127,17.398572096134266,2.1393290341502826,0.040563467223828795,0.03847030407415207,1.0028035698547801,0.020578902715191486,,0.17884675163763672,3.851048262046534,1.3588600654537035,1.3588600654537035
idpfold,SASDTY8,96,0,9.803586349763192,11.123258683419234,23.6845489600382,23.482488662707595,1.9184476048927053,0.04865896080075204,0.03254335990353426,1.7539721546318063,0.010416666729415847,,0.020658287742567723,6.605023211964342,3.1775806480647666,3.1775806480647666
idpfold,SASDU37,96,0,2.089173385178853,2.227017044013433,32.121064029613684,31.64519620639198,6.207194627974122,0.018795158175261367,0.016485790599311424,1.0210863888270618,0.10085135633070647,,0.9765844413124684,1.0409364038337732,1.0210863888270618,1.0213734718011613
idpfold,SASDU63,96,0,5.01435505035477,5.240850743831041,25.14217446467049,25.135152751711747,3.550579665243337,0.024902292913515246,0.014919083357193351,0.9422122083408897,0.05746549083561366,0.27710858950944395,0.7041700936089185,1.5131789274865717,0.9474609574211152,0.9474609574211152
idpfold,SASDU67,96,0,10.802735729607331,10.841491686665966,36.40117290509466,35.73122629640667,7.14563984755091,0.028557723192688185,0.016773089984470343,0.9928382658996783,0.06014846109228544,0.20719950957112124,0.631680061261882,1.0760104605520262,0.9939070195841871,0.9939070195841871
idpfold,SASDUA2,96,0,62.005041323000114,70.345848053353,27.560748514021775,28.00940005070828,4.657445648104318,0.08633613910405549,0.0653399554725995,9.77975172885892,0.025115866142038836,,,,16.63186650452447,16.63186650452447
idpfold,SASDUG3,96,0,142.34130243931162,160.8093980272173,23.736540019945203,23.34425630318897,2.0885633671176365,0.06563469386941877,0.03402396026060295,16.770220907002805,0.01333507483181185,,,,35.45721931852419,53.05711770503553
idpfold,SASDUH4,96,0,1.1903900990898755,1.189646214851709,19.927500626920594,19.716842672528273,2.4923305697673044,0.04614934307453914,0.05149880637096817,0.9847576865171971,0.019124917191282165,0.16013233056192092,0.9999489445693044,1.0298290720606964,0.9972470616167181,0.9972470616167181
idpfold,SASDUL2,96,0,52.07655720398236,52.3631157496577,25.799825274910475,25.706560884799075,3.0554030825386675,0.0682425402014647,0.027656026761181254,1.465795146961189,0.018990628863971543,,0.021946058485693535,,15.352830017867731,15.352830017867731
idpfold,SASDUL9,96,0,26.239504400301467,27.195801665117084,29.145020824046856,29.48252074779044,4.404490666902923,0.020210645270267908,0.012290517690178065,1.1385812479210449,0.022737894975792868,,0.08673440103159102,9.415021451509494,2.1178494038500966,2.1178494038500966
idpfold,SASDUR3,96,0,2.3195646604304274,2.413362464249716,20.771365639357732,20.72052703130086,3.570221442388611,0.01623367600471858,0.013201548929029699,1.0067423302839893,0.05809986082140813,,0.9805302884167855,1.0131313415491752,1.0069525015779333,1.0069525015779333
idpfold,SASDUS9,96,0,3.3885246753222567,3.5701035406284096,24.402304254442694,24.127999882607924,2.918747184630515,0.03473316658408721,0.03264707343352474,1.0970266086795275,0.02943961747185556,,0.6473094146527397,1.8786591634339487,1.1947622253912868,1.1947622253912868
idpfold,SASDUW6,96,0,68.73230040875221,75.54314249702313,30.696670977450058,30.896423016753136,3.9010871091437274,0.08543402021400338,0.03713939817237532,6.963147790914144,0.010416666715052888,,,,16.619508583776554,16.619508583776554
idpfold,SASDUX6,96,0,11.867073407360385,12.278465781943199,25.99206541722223,26.00812156181381,4.556542368918663,0.0660727744063636,0.03128042209392354,1.8845172979662854,0.013150665760242293,,0.017977854061946876,6.403147975210901,2.6141421006896004,2.6141421006896004
idpfold,SASDV46,96,0,2.603058010133749,2.6310362877095423,29.79530301485425,28.875724424539264,7.729766211790416,0.027545814579275008,0.020434258322286184,1.0653457671020146,0.062068560240632016,,0.9464213632785684,1.3165644197867128,1.0715308953669906,1.0715308953669906
idpfold,SASDV64,96,0,3.702649691737645,7.520142763845119,21.920478335442752,21.12456924767791,1.8194001773075996,0.04547733672267861,0.03449387311708005,1.0705579451975809,0.029681653836959077,,0.7179447745284073,1.6142675181627149,1.1556889652185083,1.1556889652185083
idpfold,SASDV74,96,0,36.85096577028681,37.16396115121661,19.837191323743774,20.00231786278983,3.8446607407330475,0.08668826772994748,0.040620262699471096,1.3666515687294263,0.012184543971175708,,0.07617460477133173,,3.2759557426695975,3.2759557426695975
idpfold,SASDVA8,96,0,9.998369511682418,10.460306824591823,25.765662532127177,25.353966559216317,3.6036995283226965,0.05622777748423702,0.045076675870224805,1.8332076993595263,0.026125895999906903,,0.036091923307403136,6.334456211324714,2.895613387972131,2.895613387972131
idpfold,SASDVK2,96,0,11.552708214545511,12.643069476533483,20.232582117937508,19.77507394496369,0.9875966242826806,0.042570777607144,0.04731511807673624,3.154762931660907,0.014447446961127264,,,6.261726706637692,3.788230310471294,3.788230310471294
idpfold,SASDVL5,96,0,1.9128320367807554,1.985950204193095,21.702841142028422,21.944270592859226,3.234956571693477,0.009970605172665306,0.007879528724068177,0.9651316114141567,0.039111763932256724,0.2618363298573921,0.9985681778682074,1.053668576583254,0.968958932798633,0.972757781641635
idpfold,SASDVL7,96,0,14.27263151910607,18.94996230527911,20.282986240045595,20.447435423250077,2.6337222220135317,0.05091693458004243,0.0176230247379405,1.1434180803155054,0.019597736260916848,,0.07965160850226442,6.105479161253125,2.208752214032121,2.208752214032121
idpfold,SASDVN2,96,0,14.91012357251456,15.053691547301044,30.140682733635803,30.032797891613818,3.8156779687434117,0.08431837504520494,0.045173368232366215,2.792319316700718,0.02017722921690456,,,9.379464395181282,5.159563485902712,7.1680561291645235
idpfold,SASDVQ7,96,0,2.4184814957376637,2.497240428358878,36.45406239357902,35.78121703553822,4.454412938017036,0.05033087411863044,0.050867607146665245,1.1686041386187451,0.020358837530699843,,0.8814639106473231,1.5631590592258984,1.2699070211287506,1.2699070211287506
idpfold,SASDVV6,96,0,2.575481588966411,2.824739433125673,29.083899323157603,29.029018144577616,0.8759410228157769,0.022685360277310926,0.01863099804377641,1.4742568929971644,0.014397176081236423,,0.11206357534588007,2.251580640080148,1.8190004978972576,1.8190004978972576
idpfold,SASDVX6,96,0,20.973069921163322,21.204624476802973,28.09253480867321,27.645767055738,3.946359881848629,0.06596948036439029,0.049438185725699774,1.0844202241038015,0.03988925779193218,,0.06396182493640361,10.616055738514998,3.02553669163006,3.02553669163006
idpfold,SASDVZ8,96,0,245.18025026734563,245.61966086902166,22.378124094709587,22.364174853709628,3.554416561970065,0.06889711935306382,0.01671554333838525,2.201908896271377,0.019792408151307492,,,,32.343820001696244,32.343820001696244
idpfold,SASDWG9,96,0,2.5600805913150655,2.5937600787344377,17.727470262328026,16.230487973461464,2.0854573456133014,0.031161481888940943,0.03514747900795612,0.8124563487662319,0.02789821825697585,0.8277247413805227,0.9882907123233067,0.8468679264082991,0.813992081125975,0.813992081125975
idpsam,SASDA25,100,0,28.905246320498502,31.155828800841235,12.778809264927306,12.748216596239796,0.8966054035699678,0.05228120258854786,0.03597338287062876,15.069772871254832,0.010000000221314942,,,24.954838567624765,19.755720277020018,19.755720277020018
idpsam,SASDA37,100,0,731.4578664134656,755.7867089635398,11.82361971915747,11.775079142395963,0.6999063301711281,0.06952837605612515,0.06658288942626593,608.7052646916085,0.014539589483228197,,,,643.3430817901241,643.3430817901241
idpsam,SASDA46,100,0,268.69535148782455,316.4718844407215,12.319246179903825,12.26534927040096,0.6195482056435253,0.16604549256242523,0.16693107198426985,195.09326772756165,0.010000000018095765,,,253.28295651651612,240.29755913585763,240.29755913585763
idpsam,SASDA47,100,0,1060.1133808024015,1078.6830973355509,11.118457725607053,11.086636278576304,0.5534259814924063,0.08563573866377316,0.06819684732169573,904.6774628241699,0.010000000599446404,,,,991.092425911681,991.092425911681
idpsam,SASDA96,100,0,69.47191976717035,105.91506340784647,12.755126510793168,12.774389342972052,1.055603704554672,0.09683522252525135,0.12688053173871638,3.011296964063089,0.010000000015837049,,,43.91034649137384,21.15918805088723,21.15918805088723
idpsam,SASDAB4,100,0,1238.950848660705,1306.7534389534185,10.865346877664996,10.827737625576646,0.46318607064717554,0.14465484000280202,0.12847214148924693,989.1683246549256,0.01000000050402001,,,,,
idpsam,SASDAB5,100,0,1748.1147267503484,2309.6515438252186,11.474403604956866,11.441241972330463,0.45371431454985967,0.18614841799569876,0.19355514230295587,1558.4388845236454,0.010000000005167422,,,,1640.8050477280158,1640.8050477280158
idpsam,SASDAE6,100,0,811.1483202099906,1059.1193268615025,11.022807091662848,10.987354241881729,0.6478322963986223,0.15817277187481435,0.14583149999159212,702.994566924621,0.01000000092952728,,,772.8303776120629,733.8239284132605,733.8239284132605
idpsam,SASDAG6,100,0,169.86638537407705,197.29576443779803,10.73535276913891,10.737887765561112,0.5216470172835876,0.17699721201114207,0.14946228276416315,127.46549033793548,0.010000000024580277,,,163.02428862693478,157.36004918959404,157.36004918959404
idpsam,SASDAG8,100,0,2669.7997760158114,3686.064352907071,12.326271081132077,12.244244209210155,0.8492938853895069,0.14595521970938038,0.1412635677434696,2078.2974513398144,0.010000002398457018,,,,,
idpsam,SASDAH4,100,0,437.771474682835,448.63933624187484,11.634546666053652,11.609285354429502,0.5709247528734842,0.20930964587771977,0.1652547291527277,391.9490817641137,0.010000007811125644,,,419.66383715402696,403.29446860505044,403.29446860505044
idpsam,SASDAJ5,100,0,1806.2186296563268,2149.814285141486,11.364642818254508,11.343897443836386,0.646827924587674,0.21222618773728072,0.20325076202453032,1465.631465787329,0.010000001325063448,,,,,
idpsam,SASDAK2,100,0,1725.979834524054,1735.4340942266624,11.69833040892875,11.625130125750747,0.7368500014433952,0.20798875716139392,0.15046284805749466,1007.6833897527546,0.010000000267528541,,,,,
idpsam,SASDAN2,100,0,716.9090845410085,1205.5512330379083,11.75557521192596,11.625924873887394,0.8648583272032315,0.16183189122258637,0.044418590011060174,39.27865551555823,0.01000000000682615,,,,,
idpsam,SASDAQ2,100,0,1.4124766908334532,2.042780743223477,13.501211052038324,13.382903818846074,0.4579033983218981,0.01990139400215407,0.016166555563757578,1.0646776810362386,0.023972157056179895,,0.9992126519879014,1.1589426053646203,1.067373108284683,1.067373108284683
idpsam,SASDAR3,100,0,599.6017497284291,686.683141166916,11.28936287359002,11.29762975557017,0.5670815974522494,0.1388425400005327,0.13362079164520857,424.9409382137304,0.010000003021619441,,,,502.5946672553689,502.5946672553689
idpsam,SASDAS6,100,0,3006.5067646725947,3684.062644386989,11.36635837125269,11.279527905850394,0.5621631819060173,0.11292717011525279,0.10899403694195861,2340.3174806630614,0.010000002934334045,,,,,
idpsam,SASDAT3,100,0,1298.0843204697844,1546.3373848366693,11.882882769528145,11.837594160999963,0.7701359599125333,0.12220433567150393,0.1101946185956216,808.3016996645317,0.01000000040292872,,,,,
idpsam,SASDAT4,100,0,2741.308765328232,3273.2979609284,11.14348722461887,11.109079639721646,0.7246561081356138,0.19066790497407915,0.18216997822517667,2344.4013417094066,0.010000002413888882,,,,,
idpsam,SASDAW6,100,0,351.0929879778724,383.9211418501136,12.106173916171366,12.067773879897263,0.8383525946061514,0.14732803792036772,0.26375229074714024,148.58864590717852,0.010000000087085837,,,,212.39895305763184,212.39895305763184
idpsam,SASDAX6,100,0,62.815014289224635,83.5813407480315,13.79984139748853,13.799131451979534,1.341260599716989,0.1890090516846107,0.037949215375156026,2.0427398293925827,0.013153469683165537,,,28.197232721034908,8.623659936517347,8.623659936517347
idpsam,SASDAY4,100,0,3225.722530893806,3398.5681854186682,11.082278477550616,11.062992505481494,0.4893731435074766,0.11093026089545269,0.08999572678682442,2579.4043313478132,0.010000002844655666,,,,,
idpsam,SASDAZ4,100,0,110.09402783554786,112.5995825311718,11.754104369211857,11.768632932527417,0.5735629538539957,0.1919387992818018,0.13160289177900392,86.12179443046176,0.010000000282061834,,,104.91140575367868,101.2178561962509,101.2178561962509
idpsam,SASDB43,100,0,8858.655404045097,10002.575303763393,12.242916852067575,12.202087732587525,0.8734823574527528,0.13227583039877025,0.13362944280325836,6641.788311786325,0.010000000843120176,,,,,
idpsam,SASDB53,100,0,45348.05753661309,62952.4562034562,11.30702147536594,11.260163191264384,0.5885772121797963,0.14624897332812697,0.14009702908649707,37762.9798097021,0.010000003013572376,,,,,
idpsam,SASDB64,100,0,1334.1527320636983,1378.2746294365118,11.33113795987646,11.274069759753953,0.5226471225581264,0.16015747744001574,0.17533454976863724,1163.9120422128844,0.0100000021545182,,,1275.960709135651,1238.7252772874072,1238.7252772874072
idpsam,SASDB76,100,0,1284.2290167861183,2020.5284650049757,11.363029412814866,11.343874876329128,0.5156156140413248,0.1545777537037131,0.15667709801524168,1142.3751650251365,0.01000000021994436,,,,1228.2915821429062,1228.2915821429062
idpsam,SASDB84,100,0,229.2358315525935,265.0365903589245,12.943862864432603,12.889513432936392,0.8548062985730454,0.1800988735678352,0.09453944953837394,54.63728219590863,0.010000000072866588,,,,137.85615982971092,137.85615982971092
idpsam,SASDB85,100,0,108.26156925174732,114.65307573625265,11.775781105540146,11.763602996888807,0.7811793807712188,0.19544311961552255,0.19505301253749402,66.26111336766948,0.010000002602582611,,,96.15628471583204,80.62583243388018,80.62583243388018
idpsam,SASDB93,100,0,1350.024292866321,1448.6850539602708,11.15590567621217,11.100254354460041,0.43309803822373105,0.15681967109563355,0.14787304467208112,1215.906224622284,0.010000003546487057,,,,1283.7648333448399,1283.7648333448399
idpsam,SASDBB3,100,0,6505.844566551054,7837.874640523029,13.388324016771751,13.358698137606531,0.8826055587481747,0.19426137930278317,0.08708185977283894,4064.798198868374,0.010000000969336778,,,,,
idpsam,SASDBB9,100,0,3225.156787314362,3418.906871346412,11.132187530257374,11.0967632961129,0.5680798186954163,0.1694731643187333,0.1607464234351367,2758.740227869571,0.010000002327191058,,,,,
idpsam,SASDBC7,100,0,64.69839664988892,71.46549708296072,11.105316041487443,11.113824974385807,0.5700133271162091,0.19819593255122173,0.19598628304255628,57.65906521382264,0.010000002855666292,,,62.384869484071686,60.87725483610257,60.87725483610257
idpsam,SASDBD4,100,0,967.3136324552632,1128.1227871767912,11.215990073737617,11.179649311301176,0.5444856760041841,0.12811039698949728,0.12693349669917697,821.4143931841787,0.010000003854932184,,,,,
idpsam,SASDBD9,100,0,529.1687496585708,553.5404714716217,11.09587915074658,11.032968441335449,0.4204000498727769,0.17758836493637,0.173946699260186,466.61097591250933,0.010000001944711163,,,515.850613152276,490.11153291413063,490.11153291413063
idpsam,SASDBG3,100,0,2992.173172275472,3006.803560760093,10.888938991687601,10.893361261947632,0.3726107712740827,0.18738119470134362,0.1668790429985646,2746.180022911016,0.010000004634126234,,,,,
idpsam,SASDBG6,100,0,51.486060774440766,61.992085556141376,12.332629553966473,12.267789911950715,0.7060661716025542,0.17669335802024805,0.18393003467550473,27.573808884651417,0.010000000355784125,,,46.35669579929613,42.094185208202816,42.094185208202816
idpsam,SASDBK6,100,0,559.2197322248207,715.5560064156281,12.407533136486744,12.328601357915431,0.8381889369233289,0.12308422343260172,0.11368464252475612,123.01256439003664,0.010000000014748106,,,,,
idpsam,SASDBM9,100,0,33.126805355179336,38.3088193818691,12.689357339367236,12.65467764498582,0.6935798473178387,0.21239342811684092,0.17660149157348415,17.584411366037134,0.010000000210816954,,,29.093117362166453,25.832027733571504,25.832027733571504
idpsam,SASDBN2,100,0,65.99897036499527,128.61938611684775,12.755320889251106,12.741815813349138,0.7095992360633225,0.18343951627632044,0.20324424015100648,49.72504673013903,0.010000000989278637,,,60.741617781551966,54.23477358036712,54.23477358036712
idpsam,SASDBN3,100,0,1727.5404508020124,2055.7559588403146,11.338014370491464,11.27423582798228,0.5011653145779498,0.1709059023255888,0.1653757222597219,1540.279035404378,0.010000006088307853,,,1683.6817595981124,1571.7257679985148,1571.7257679985148
idpsam,SASDBP2,100,0,290.9853790967116,491.6381904448281,11.962784515702154,11.961189906243789,0.7547529514688591,0.1500926958445693,0.1416410751544066,211.8079149536589,0.010000000000715603,,,277.49367784283123,265.14162497646583,265.14162497646583
idpsam,SASDBP4,100,0,2202.15710863403,2341.005986685508,11.642160040408656,11.541638774076738,0.6380692833199522,0.17361057399681157,0.16565665340866295,1476.6282966068413,0.010000000285034331,,,,,
idpsam,SASDBP9,100,0,332.321661341103,336.95961392208943,11.612209579232106,11.603907401399226,0.6482245077468711,0.17350878307425774,0.16916765872433082,299.3011048532204,0.010000002920123836,,,,307.46231276316627,307.46231276316627
idpsam,SASDBQ3,100,0,170.69167713309753,176.05782453282785,12.124949071543464,12.024345271602778,0.761158735909298,0.13944018189346458,0.07447500318937407,78.01481802026974,0.010000000964255034,,,,102.62925388604485,102.62925388604485
idpsam,SASDBR4,100,0,7192.7756459675675,7560.9301816772095,10.828075481003612,10.776555146432916,0.44110740888458544,0.15361251892100417,0.13227864096166375,6055.0102320753895,0.010000000776012255,,,,,
idpsam,SASDBT2,100,0,1223.9045694695544,1470.2436311716847,11.963031900603884,11.87743501511769,1.2038209378055473,0.09189951153662256,0.18047556134454593,413.85522713884427,0.010000000127642492,,,,,
idpsam,SASDBU7,100,0,2150.827231104168,2442.542622777797,10.972105857753684,10.931929420831494,0.41584255300378814,0.17055229144259684,0.17129682599759657,1781.9776899329322,0.010000000320148887,,,,,
idpsam,SASDBV9,100,0,283.9269330173365,291.79987079434494,12.733182984872268,12.50957795219098,1.1595044032729298,0.13600253019067685,0.029058970161499227,48.57889938771281,0.010000000212497598,,,,111.76873751551383,111.76873751551383
idpsam,SASDBW2,100,0,5854.389569252846,9805.39577268632,11.880655560412439,11.731296239167555,0.7391380466113837,0.15071898384494636,0.1365864379135194,3589.999376690232,0.01000000036456169,,,,,
idpsam,SASDBW3,100,0,47.02497990711894,50.22722443745894,12.467593165848958,12.392219064616597,0.6211398691619827,0.1761125367316488,0.18418050728937455,38.53398998457559,0.010000000878485918,,,44.726018143823204,43.14162457785647,43.14162457785647
idpsam,SASDBW9,100,0,610.1583617055641,615.0248326299708,11.51870087070126,11.430602916527041,0.6599926636482856,0.2569351488063287,0.10611399239227219,413.4307453412356,0.010000000514425421,,,,511.1048165245315,511.1048165245315
idpsam,SASDBX2,100,0,46426.56511587745,62034.58800781382,11.02888593999887,10.974759677868052,0.4551360616279023,0.14163778433249322,0.13906041977284803,40357.68216197841,0.010000001499205513,,,,,
idpsam,SASDBX9,100,0,78.04377245425442,79.19390781571798,12.667307068979795,12.631643651651299,1.102563418552732,0.17565274398833286,0.13447564668268358,43.82990246567128,0.010000000061567689,,,72.65463445147928,67.6937243210306,67.6937243210306
idpsam,SASDBY5,100,0,706.9598926975357,713.8287507269911,11.930419423602753,11.920322959230077,0.7028955509678898,0.1805110606759695,0.20108106987773658,621.9139336415553,0.01000001373147464,,,682.3706859920903,665.1298564677504,665.1298564677504
idpsam,SASDBY9,100,0,4355.813618246593,4578.024078882732,11.529214287793925,11.458995530204817,0.5884895943250275,0.1652621331420257,0.30542478580727744,2954.3277144933813,0.010000000000191136,,,,,
idpsam,SASDBZ6,100,0,18.688143409858473,18.810700778981516,11.052707679660578,11.022981376647241,0.4508222853587984,0.21837741678783298,0.20537958703119338,17.256427350271274,0.010000017790073958,,,18.35474841807037,18.06732480497203,18.06732480497203
idpsam,SASDBZ9,100,0,1907.2418813763738,2128.660602995754,10.945747922355858,10.894156103362423,0.4477599923887752,0.1874670994411765,0.16152705942628148,1733.5212345931545,0.010000004526546416,,,,1790.9190399973,1790.9190399973
idpsam,SASDC23,100,0,87.6483892689298,91.65392639732053,10.57764065401848,10.553062983573593,0.44797665295068967,0.19935370570102678,0.1927551675459123,78.77395098317415,0.010000004370804045,,,85.77206318676902,82.42506642014605,82.42506642014605
idpsam,SASDC26,100,0,1955.698760753063,2497.1699178950466,10.779542844053829,10.749575050883099,0.4733092306140865,0.19052810245697394,0.18219301786104802,1776.6923388905464,0.01000000000001804,,,,1866.1479917204076,1866.1479917204076
idpsam,SASDC35,100,0,2191.8697069848886,3707.464573845301,10.878934137540185,10.843668178592102,0.4763138074944422,0.16987247261682603,0.19051007975915207,1987.6283193116587,0.01000001492593108,,,,2076.475467679679,2076.475467679679
idpsam,SASDC36,100,0,431.45164383891137,495.34252081537295,11.967899997064357,11.92418159650789,0.850449563587448,0.14150158361696838,0.12150957329277398,304.4445731563764,0.010000001399549758,,,,,
idpsam,SASDC46,100,0,52.57931784374465,56.38525324413413,11.976300474825118,11.913506234972502,0.7646020404981648,0.16919787753633425,0.15141363444510544,28.068807132254626,0.01000000000523432,,,48.48740718243361,43.78192034057824,43.78192034057824
idpsam,SASDC53,100,0,498.83789442912513,505.746761172255,12.309873319097775,12.160365124756133,0.9553500591798283,0.273000037860359,0.16907838189811816,309.15311984280373,0.010000002336171914,,,,,
idpsam,SASDC55,100,0,70.41608530032052,80.27632796080425,12.185010977621603,12.13971554723512,0.7487877522602435,0.11353443009356476,0.10490383036750854,50.7199522909273,0.01000000162621901,,,65.08122591495747,57.524300691142784,57.524300691142784
idpsam,SASDC62,100,0,3.887953923376563,6.5293314663330015,13.327427178794842,12.780474561758588,3.6192264371267964,0.052860989196775045,0.03559303074212527,1.0673761113651554,0.02733878380667079,,0.5168509303210488,1.9483875880516799,1.1982832697445087,1.1982832697445087
idpsam,SASDC65,100,0,40.4564766503539,40.871509805040034,11.563092253190051,11.522657881645436,0.6639275275095109,0.15692197117633994,0.21514365955033976,33.11797388313588,0.010000001766586851,,,38.74677995977134,37.4519062099604,37.4519062099604
idpsam,SASDC88,100,0,17.47337277607849,21.05694254360858,12.802254317282143,12.682381228301757,0.871749607765743,0.1285669113248946,0.08804589983626426,7.484483720911216,0.01000000022949462,,,13.97739471047601,10.521803392512327,10.521803392512327
idpsam,SASDCA6,100,0,9.251927153861304,12.54278041995132,13.490833868561381,13.53484698421583,0.9639281253435517,0.030659681280178232,0.027783531001366258,1.5151962323242627,0.023647183596445277,,0.07404594360663386,4.873081834718601,2.275834611993724,2.275834611993724
idpsam,SASDCD3,100,0,1252.8352682668474,1688.2729963793322,11.251548628520904,11.205572917132624,0.5047583565270486,0.1616397654539486,0.15974345675407378,992.8932869427451,0.010000000009755676,,,1203.650827841431,1150.093005589967,1150.093005589967
idpsam,SASDCD6,100,0,222.6471778353548,223.1148225764983,12.786204880026569,12.751840644918957,0.9844103011098184,0.09600628141294829,0.05717830856992994,135.84606202517918,0.010000000588394871,,,186.93103979714473,156.46967852249423,156.46967852249423
idpsam,SASDCG6,100,0,449.0654455276038,521.9496421380645,12.51305626744544,12.557996804104729,0.9131488770678402,0.1622188346693601,0.20377387898962424,223.7982811651676,0.010000000218799624,,,,318.03866960285336,318.03866960285336
idpsam,SASDCH7,100,0,139.0102015648559,224.4545347435488,12.843921935378045,12.740017595340596,0.7297304422141959,0.09650945680184876,0.0428466223105303,28.356053764916094,0.010000000035919165,,,102.10895401988758,83.66109826320039,83.66109826320039
idpsam,SASDCJ6,100,0,1089.0021720316515,1214.2795913755665,12.3997920210756,12.381079349505217,0.7210831994671612,0.20532243963004018,0.19160495734739674,709.1478424077852,0.010000000000880029,,,,,
idpsam,SASDCK6,100,0,767.2155436660095,922.5699461659744,10.763631490037216,10.764410409478463,0.4248663905455441,0.18317637353209074,0.17172184089133252,706.6896507533512,0.01000000658778253,,,749.4406914205621,723.6211339132927,723.6211339132927
idpsam,SASDCK7,100,0,2852.6659219633725,3647.2493940962877,11.447267220643834,11.412588371011584,0.542530904233665,0.16199934590409557,0.14707311831536254,2278.8261580824806,0.010000000707081227,,,2686.27450871287,2565.0805452857358,2565.0805452857358
idpsam,SASDCK9,100,0,13800.061338582347,15420.284962595906,11.456553276981433,11.42790962564814,0.5689665339393866,0.18438976769670568,0.16738974543270727,11399.781137761172,0.010000003741577765,,,,,
idpsam,SASDCL2,100,0,595.4531372173859,646.6821348047264,11.41245517508781,11.384522371745545,0.6562322893304167,0.1506132451269159,0.1672111247394985,411.5996968304686,0.010000001081545553,,,,,
idpsam,SASDCM6,100,0,16.17428281726256,48.35619287672997,11.104966921319104,11.064641413012481,0.4912344181987045,0.14414572796468156,0.13582102643588995,14.321671957978399,0.010000000164510338,,,15.794291006868482,15.478779864542014,15.478779864542014
idpsam,SASDCN9,100,0,323.5810600830894,338.8392099334615,11.306914990468309,11.236264744376246,0.5090684616176464,0.18183743410326017,0.1704708410875988,278.80060974310487,0.010000001314371385,,,,294.593123490714,294.593123490714
idpsam,SASDCP5,100,0,1231.8187939006966,1665.883185958954,11.864784242125356,11.793586172794587,0.7244464820420013,0.13883371378093956,0.10423084640709641,586.3672848147589,0.01000000002744076,,,,,
idpsam,SASDCP8,100,0,2959.04210439433,7049.139114242309,11.27395593410829,11.181940062711455,0.6672711871603845,0.1215814341818621,0.12486774170972764,2068.481240147703,0.01000002392327283,,,,,
idpsam,SASDCU2,100,0,250.4589486470196,259.22829668141895,11.098413074384421,11.067979814608668,0.49332696289376976,0.13454499786137705,0.12468320683172841,218.62806947480496,0.010000018382294978,,,242.9173360164274,229.72407080909167,229.72407080909167
idpsam,SASDCU8,100,0,13.668354512533039,18.87629646100769,10.947292663808607,10.947598575735201,0.5354896704594321,0.18283216070728106,0.16740762651250507,11.540696390806936,0.010000005843395988,,,13.042307795924279,12.56224537540914,12.56224537540914
idpsam,SASDCY4,100,0,33425.06682664884,36359.20106211423,12.659832678353654,12.646957751948221,0.7106780109710495,0.1865853818474326,0.19295913861156172,30130.93507188167,0.01000000090428039,,,,,
idpsam,SASDCY9,100,0,84.30019638365582,84.51616280600766,13.105775448698408,12.913547400184687,1.1132716932309084,0.17781784226262798,0.10046980860943952,30.5152957799586,0.019998031119827387,,,72.03579846253167,52.3384343716172,52.3384343716172
idpsam,SASDD32,100,0,546.5705315345083,605.2341868891881,11.000482103203685,10.95745865701553,0.4174700268980587,0.21254126463913858,0.1973478334642512,480.8274273911736,0.010000002736031653,,,,,
idpsam,SASDD43,100,0,572.7601475781754,625.9084296962681,12.213987409735285,12.14538085325314,0.654599110149098,0.16321747735075187,0.1536687672754116,312.4268117860142,0.010000000500670243,,,,,
idpsam,SASDD76,100,0,265.16353723764405,356.21455027211186,11.540828731318802,11.490840531224968,0.673176669662297,0.18560459299365942,0.13859484595943872,212.94856092877077,0.01000000418384593,,,251.27764983589535,228.11505978244918,228.11505978244918
idpsam,SASDD88,100,0,9.129409063327229,12.483874578068352,13.218392874228966,13.065818176903582,0.9321237592872968,0.09722721042405484,0.043166751707356184,1.638295202105545,0.012604324484358744,,0.020194823082489478,6.3302916021481295,3.894550041344368,3.894550041344368
idpsam,SASDD95,100,0,8062.822293495165,8306.38056194814,10.744554984497702,10.747526484275088,0.47333225981248717,0.20898635897467344,0.19720372137862793,7063.909244366095,0.010000001014691976,,,,,
idpsam,SASDDD8,100,0,2513.146272261097,2779.036775464763,11.42351237084607,11.394464259541044,0.7939097607128129,0.2109469807522712,0.17971530533260996,1716.2535853926315,0.010000001043118031,,,,,
idpsam,SASDDD9,100,0,215.35752570966517,313.8963745314927,12.657493711167348,12.60249324574311,0.8020331513623571,0.14627576190609623,0.15302334388616856,86.49593777009437,0.010000000077132434,,,,131.51931519613737,131.51931519613737
idpsam,SASDDE3,100,0,803.6001652040464,846.1564667657768,12.482316188895197,12.469633826911188,0.7399006679726838,0.2891837067715233,0.08646294341613986,364.934057016945,0.010000001687776584,,,,,
idpsam,SASDDE7,100,0,138.57059984397222,162.9659321385302,10.776853103820946,10.74166043901631,0.43900907562301583,0.1992365587934476,0.1740230258757879,108.56368976147485,0.010000002748763661,,,131.8365227745662,125.88239309718197,125.88239309718197
idpsam,SASDDE8,100,0,153.38891890369672,168.81137710831132,12.310918828750935,12.275584221746385,0.7044775110758614,0.1497533695496063,0.13722400760179987,114.70269842804493,0.010000001894596806,,,,131.53702194964853,131.53702194964853
idpsam,SASDDF5,100,0,2558.7290218286876,3066.4314230941386,12.1105518901284,12.083073179650277,0.7586479348953556,0.17249159566626102,0.1647053305108326,1993.1045338700485,0.010000001391028423,,,,,
idpsam,SASDDF6,100,0,3360.0332701069774,3923.601127502075,12.360103002876302,12.284106598388863,0.8540633106848485,0.20597803638006898,0.2366199845661603,2663.322913003248,0.010000008317170007,,,,,
idpsam,SASDDH6,100,0,94.35759213397671,113.35515565405275,11.919706211523627,11.943483762599865,0.7789637958023619,0.1592903930305394,0.20448139437151647,55.71472369947639,0.010000004449456274,,,84.87605503976984,70.96027120200334,70.96027120200334
idpsam,SASDDJ2,100,0,48.3926359993117,129.1170350714734,13.47687086228583,13.534444953478882,0.662504288978468,0.08191948879237321,0.011584992220556594,1.882443152285487,0.010000000009996244,,0.010501387258039861,31.504197293162356,17.186167955655623,17.186167955655623
idpsam,SASDDK7,100,0,356.0702909221498,387.21592814027196,12.499979565138014,12.480881872774098,0.5360279107372499,0.18264324778239607,0.23063775997379068,255.3919832419731,0.01000000113820565,,,,,
idpsam,SASDDL7,100,0,833.9239138813898,1307.0617952848806,12.53169968483156,12.478264977496979,1.0577850431343077,0.09734197794485402,0.08044836317128394,170.10938856450994,0.010000000115600857,,,,,
idpsam,SASDDM6,100,0,3682.238863774504,4172.732517440055,11.36951892399233,11.289035280115549,0.5210726287418463,0.16712796144895264,0.14565529251851625,2541.952742345268,0.01000000000057343,,,,,
idpsam,SASDDR2,100,0,21.101544231060874,24.972188499876804,11.834059225367646,11.777252293452435,0.6896390778426778,0.19152758652909788,0.1773687516615009,17.358362561322256,0.01000000208108252,,,20.14314292986244,19.359060635350087,19.359060635350087
idpsam,SASDDU2,100,0,789.2020424582718,913.3644345739818,11.705509615240896,11.69357942671139,0.5458100812799085,0.1528625955351829,0.15013413316203036,614.190268252588,0.010000000003905173,,,,,
idpsam,SASDDV2,100,0,244.92272400575143,284.8303398252748,11.563445673635623,11.455546352978578,0.5904741009712904,0.19280057000035927,0.18227769617198744,212.89098347431855,0.010000007744553969,,,,217.66693573612397,217.66693573612397
idpsam,SASDDX4,100,0,22.2535170483209,31.325203131682574,12.341473956731873,12.249264099620417,0.8220665792338444,0.1320899386180069,0.11239630904708892,12.748231376859355,0.010000000408096144,,,18.751165464497078,16.91073453284816,16.91073453284816
idpsam,SASDE27,100,0,65.42652516895639,74.46665905344989,12.495993791034362,12.438773310175376,0.6805136176246034,0.1148865176222919,0.16095520296388754,33.712208423396405,0.010000002404443127,,,56.575146308001145,44.09927306519849,44.09927306519849
idpsam,SASDE34,100,0,22.30262746085806,32.85167401248907,12.596962238891443,12.502531412695447,1.184114425243468,0.12365602061158255,0.07659172461831118,6.976249049348473,0.010000000119244672,,,14.72239589252902,10.069639766728482,10.069639766728482
idpsam,SASDE48,100,0,17.508280747363678,21.94391336908477,14.065306493232729,14.124580144860865,0.9513383878761523,0.06915475041650264,0.026237034209673604,2.370847256423048,0.021103422389718456,,,5.125654954094643,2.5485288955443637,2.5485288955443637
idpsam,SASDE53,100,0,4.637673487823882,5.151132144847681,12.123210537086115,12.135871704503348,0.9082399348663213,0.16716371720964845,0.15918562266915662,2.118383496513644,0.01000000003257809,,,4.208996151910917,3.7963541805273437,3.7963541805273437
idpsam,SASDE59,100,0,836.5712155592807,998.5594861238858,11.46208457442248,11.426397207106387,0.5795031269329982,0.15680661893588657,0.14949076271911782,701.3437762020442,0.010000014948002211,,,,782.8013013187829,782.8013013187829
idpsam,SASDE73,100,0,30.267566148790902,33.472953480406694,13.057402891901804,12.97472506196192,0.9639610549600857,0.1562273919839379,0.09934640107398562,18.833106857989996,0.010000000234112173,,,27.51559013861164,22.775712147862397,22.775712147862397
idpsam,SASDE79,100,0,2509.885090739938,3166.0501186026454,10.746113968600811,10.736756814712265,0.4081264171883614,0.16621342468224629,0.16520476203201495,2308.252998347875,0.010000001579157269,,,,2396.724606922555,2396.724606922555
idpsam,SASDE93,100,0,64.67009899930339,66.69653783783684,13.007804684007676,12.759945469261744,1.1957574597446232,0.1735710513900039,0.09980184251561733,45.20755871941385,0.010000000026272295,,,60.270332714396,57.07065114856586,57.07065114856586
idpsam,SASDEA9,100,0,624.5044829014973,903.4974243934636,11.262818282158308,11.204553604607742,0.508869540977436,0.13907536230041787,0.13567829402858697,532.4293338850475,0.01000000064315074,,,607.1715895473758,592.3554212787037,592.3554212787037
idpsam,SASDEB3,100,0,226.78775354131182,240.27373672493113,10.911285190928794,10.847397194169218,0.8440438631054494,0.22788379304496365,0.18182017477290488,168.06266356453796,0.0100000000023602,,,,205.89441462522498,205.89441462522498
idpsam,SASDEC3,100,0,50.20149517193412,50.62348041804856,10.897135802764998,10.817975026018631,0.6503456513057309,0.15637901671513324,0.13372027093614092,40.20514409753728,0.010000000132506024,,,48.67556636936161,47.00928073419907,47.00928073419907
idpsam,SASDEC6,100,0,59.66902095620813,59.90339021266109,12.169425767880085,12.13622769563639,0.6191724118214044,0.2926910755817834,0.25248514386059534,56.61932758485499,0.010000007959444552,,,58.953641132083845,57.723517723145214,57.723517723145214
idpsam,SASDEC9,100,0,1310.5813358805299,1513.6925900570686,11.92318123436642,11.905981119679609,0.8730864271530976,0.1376565965810764,0.12327970462754233,812.4268814949208,0.010000000283228344,,,,,
idpsam,SASDED2,100,0,1523.7298135058284,1651.7385594735806,12.437762589990083,12.34491270541758,0.7246864492455725,0.19527005659303562,0.2099349551005285,1271.3382678025555,0.010000002635768342,,,,,
idpsam,SASDED9,100,0,8476.319195794516,9889.482263372789,11.151421391054482,11.095983160690286,0.5787238267015873,0.17173213162221312,0.15945559008985105,7333.339500651154,0.01000000118837996,,,,,
idpsam,SASDEE2,100,0,517.0914524904682,554.1265440092434,11.93234233106365,11.782718978034538,0.7809678553178454,0.24789580795842125,0.27994190747448944,399.6696441253196,0.01000000087960551,,,489.180618957576,442.3816475377766,442.3816475377766
idpsam,SASDEE9,100,0,853.7575397785299,930.1484223733873,12.274950646932325,12.245658219172014,0.7703944948837567,0.18003662463236053,0.1988719035032555,532.6826306353413,0.010000005654076377,,,,,
idpsam,SASDEJ3,100,0,663.0981848459415,715.570332590748,11.426233538072749,11.362834182564807,0.5315221561174059,0.1596120719944512,0.1584309960640715,534.6438696388235,0.010000001884825822,,,626.7074213804556,570.4948023391731,570.4948023391731
idpsam,SASDEK2,100,0,4.2926999146043805,4.3036297330388145,10.702379908391869,10.587787016833017,0.9735594055164469,0.14698826849583274,0.08694331922774459,1.8925607789114403,0.010000002611352312,,0.024228537576144692,3.63922885911241,2.7484467414905174,2.7484467414905174
idpsam,SASDEK4,100,0,153.6958663740816,247.3544415310338,11.531878769934805,11.432549978115688,0.6891854014665384,0.1298377450374841,0.10474628684503695,90.69230008291963,0.010000002066187492,,,131.48294108829114,105.38205441292622,105.38205441292622
idpsam,SASDEK7,100,0,321.621123234683,470.5302450013327,12.26682530517625,12.282238463060942,0.7112255026618612,0.13622495190373807,0.13193910845034962,220.42819731474452,0.01957612399620391,,,,246.16853361008205,246.16853361008205
idpsam,SASDEL4,100,0,89.76530540981761,109.73320885535699,11.519415091678944,11.492904803240382,0.47419949452717347,0.18011862033421783,0.1703922312701552,78.71611094103721,0.01000000081593279,,,87.62472808042884,85.86702134499905,85.86702134499905
idpsam,SASDEL6,100,0,21095.79370919074,23931.960924455016,11.591965569867934,11.550112098482762,0.4926414620384527,0.18396483718822373,0.17624565380011253,18774.013764153355,0.010000003773542153,,,,,
idpsam,SASDEP2,100,0,4.219272369003361,4.21655506908694,12.166009165725498,12.15935314505657,0.6564983115024408,0.17957627022410355,0.15582254824435315,3.0813303852912353,0.010000000542068647,,,3.946366232090808,3.4924104910124805,3.4924104910124805
idpsam,SASDEQ7,100,0,8132.887525446585,8822.398015238274,11.103800093961953,11.044694962594047,0.6940603111995056,0.15960536752302718,0.15596474937527105,6803.040584475984,0.010000006797273569,,,,,
idpsam,SASDES5,100,0,54.84581813430051,70.13786198669504,12.535909722045542,12.467940805379968,1.0097295060351463,0.11451277932802806,0.06198253444750808,1.6583131153151855,0.010000000023789403,,0.011946878892838653,,23.04963165738103,23.04963165738103
idpsam,SASDET2,100,0,153.8706322244664,199.17061355419122,13.406193443891778,13.27753831443109,1.0566579194555015,0.14855738768808457,0.11648062951930942,113.61340821308714,0.010000000387088714,,,146.1521862842594,131.71729538272135,131.71729538272135
idpsam,SASDET5,100,0,16497.957564748525,20065.57031590024,11.274563547446576,11.257908951137026,0.6364114445445814,0.23287820266757098,0.21291244332648315,12234.715627229238,0.010000000000340127,,,,,
idpsam,SASDEW7,100,0,109.70761762238301,117.55877916839601,12.126432223834904,12.06167685623936,0.7365648827426856,0.16161640533462512,0.16417004200289154,54.01784371626414,0.010000000153229972,,,92.99916614865326,81.14966115094134,81.14966115094134
idpsam,SASDEX2,100,0,18.850774895753432,20.740623198335403,12.814006013681944,12.764284081842815,1.0369741823258565,0.23343408532233637,0.13938643923338281,12.44983689376079,0.010000000001514934,,,17.675789218431017,16.611271728459364,16.611271728459364
idpsam,SASDEX4,100,0,8.8822378175801,9.668622116714989,14.092288102618726,13.966549747945486,1.1755613342665967,0.18461300342491566,0.15613601332044597,4.647424250524437,0.010000006774828816,,,7.459113320922686,6.556432465947454,6.556432465947454
idpsam,SASDEY9,100,0,771.2884609072224,811.52089753419,11.167099123787825,11.137791103152471,0.603845584490637,0.2203545720790508,0.2006554375445514,627.3269578136271,0.010000000619906047,,,,,
idpsam,SASDEZ2,100,0,87.93491718963993,107.37655685864742,11.72941267187799,11.637272000700824,1.05882211675182,0.1948971013165993,0.19947860368119907,72.92972377493865,0.01,,,83.19013581542916,74.8920223956874,74.8920223956874
idpsam,SASDF27,100,0,83.10034072844583,83.15515483129755,13.378433992334983,13.346463384765757,1.3435428588112437,0.13513155140355532,0.07870370775173517,57.51792344494401,0.010000000596928713,,,75.14625246701064,66.65520619529221,66.65520619529221
idpsam,SASDF34,100,0,450.44530646079187,452.5303005460567,11.519663307036245,11.53364996825784,0.5990378476812381,0.2200672623713666,0.3311423368007209,403.8613217072085,0.010000013702068626,,,435.7477338511548,426.27544437008936,426.27544437008936
idpsam,SASDF37,100,0,97.95758642649922,106.08272591968641,14.30988136482312,14.106000852297727,1.6164117407519072,0.1390641560791986,0.04364786637623312,9.886182900720428,0.014756428469389375,,,,22.74299258861953,22.74299258861953
idpsam,SASDF38,100,0,6245.994516735197,7712.086209290428,11.655996498216744,11.668852703453453,0.7032834757531585,0.13496483001352372,0.1371420237494314,4674.041786173108,0.012216935704232632,,,,,
idpsam,SASDF52,100,0,1010.8608453054076,1113.5620996736086,11.686129637394842,11.655992357574528,0.7864255114207594,0.16938322683553153,0.15289472538908122,883.6365730521048,0.01000000172148751,,,,925.1136480310355,925.1136480310355
idpsam,SASDF53,100,0,926.7588878411922,998.3026394005457,11.633362971919853,11.574434216261377,0.5701104769822543,0.1715748630258154,0.15833260223684398,694.3505551656888,0.010000001330438612,,,,,
idpsam,SASDFD3,100,0,5002.51099750332,6402.865026079279,11.053244899809304,10.939037262489148,0.5440215498540244,0.19682733305701905,0.14708899993655714,4079.7261876604616,0.01000000077054898,,,,,
idpsam,SASDFG8,100,0,453.40944913582325,646.3637708923612,11.476148295985444,11.41226625153303,0.5756856118836708,0.14203856402077786,0.12016986684800877,177.35244335214827,0.01000000004729617,,,,,
idpsam,SASDFJ8,100,0,717.3790992364219,970.8948030439873,11.36640101215405,11.251711642343258,0.6602762395808721,0.15714579336950077,0.1369216632196117,503.9999031454048,0.01000000028571144,,,,,
idpsam,SASDFK8,100,0,2715.6321043977932,3028.6581422424447,13.180132226405977,13.147425723003117,0.9875973492942123,0.20018505059584413,0.21791531332519276,1558.5410443299409,0.010000000003252883,,,,,
idpsam,SASDFP4,100,0,93.83551505055014,127.54842542774614,11.07116913225906,11.070971094462596,0.4482701177713686,0.18539211173830475,0.17309076353357095,82.84649315431263,0.010000001312906133,,,92.1046013846741,90.40701182849878,90.40701182849878
idpsam,SASDFP8,100,0,3392.285208841068,3657.5462140308045,11.18405371605002,11.107229114111925,0.6634224727082554,0.23403762665523503,0.21177659028759527,2347.602379280932,0.010000000394517119,,,,,
idpsam,SASDFU7,100,0,126.59560723063939,158.26695445840375,11.07767938716411,11.033254540659033,0.499758008562349,0.19383606157446578,0.1854997785305482,115.94682901572244,0.010000002249297098,,,123.77966213041988,119.5523467854693,119.5523467854693
idpsam,SASDG45,100,0,929.3478953451527,959.1215118132783,12.687996788422158,12.526439133762528,1.0679800466786435,0.26692532124982377,0.05933109525791363,128.31938172374342,0.01000000002623501,,,,,
idpsam,SASDGA5,100,0,271.3912617595735,339.559941206222,12.03221502337204,12.033929734261335,0.7465085288726918,0.17765173787959254,0.16404102189666409,198.6451907236567,0.01000000040550264,,,,235.93969499535305,235.93969499535305
idpsam,SASDGB5,100,0,3401.9682431145075,5389.675834443287,11.650190668704324,11.66136875091694,0.7732995366645969,0.11403103546125153,0.0859437366865914,2702.9600937184773,0.010000001671577751,,,,,
idpsam,SASDGD2,100,0,159.90597836805216,177.72541980790896,11.294118830116412,11.264203527202703,0.7619224485483436,0.21395327211526224,0.18183445980649202,103.42850436766923,0.010000000000658909,,,,134.58724083493897,134.58724083493897
idpsam,SASDGD6,100,0,181.1554934621103,197.22517225812302,10.741052312638997,10.720109945156674,0.4094700145060539,0.22065910280701703,0.20617686543091207,154.28113041842684,0.010000001156468881,,,176.31830710910705,166.42810507360494,166.42810507360494
idpsam,SASDGG2,100,0,137.2157649986419,218.22335416725377,11.318611900220063,11.314796266599375,0.8081830388730591,0.1819898229621522,0.18658498498759093,124.37902704334944,0.010000006513198227,,,132.87621456354788,127.7742747033696,127.7742747033696
idpsam,SASDGP5,100,0,662.3073636836314,709.9627055207175,12.604123725328426,12.566701215453957,0.9692774473454318,0.18307281585703916,0.19908732461519685,435.49251564251847,0.010000000273409854,,,,,
idpsam,SASDGQ9,100,0,447.20080060796874,537.0272707764464,12.790470735543797,12.70401517008338,0.7140872171552886,0.11749635839556445,0.11997079689133724,250.93676692011826,0.0100000002013853,,,,,
idpsam,SASDGR2,100,0,79.61017876383437,91.72484808734211,12.175796701035026,12.159189954295574,0.8633423716937152,0.1867502196533809,0.15381517124867264,47.889423160503554,0.010000000312450949,,,71.93296905546731,60.305204938277136,60.305204938277136
idpsam,SASDGX4,100,0,458.29973030884804,556.098342318885,11.241391815600766,11.249155190125803,0.7020168117481838,0.19826592286728328,0.183414751610822,398.85048283084603,0.010000002394076748,,,438.4271873823576,415.75719264139116,415.75719264139116
idpsam,SASDGZ5,100,0,1586.41940045737,2058.6451388820697,11.205570047381343,11.16495210842971,0.5047273467167557,0.17904676862143964,0.16804374217724255,1439.0937879579408,0.010000002209811915,,,,1512.137988146671,1512.137988146671
idpsam,SASDH24,100,0,2868.7604080259666,3070.89589633476,11.5029842167885,11.44230902535184,0.9479429945022453,0.21163221478173802,0.23848011311536,1713.4917368653228,0.010000000819762213,,,,,
idpsam,SASDH25,100,0,1504.6496192520365,1827.9001416705335,11.629089234780048,11.597023345119034,0.5789312586347535,0.20754790673958057,0.19164413960655924,1294.2731471952682,0.010000003360888547,,,,,
idpsam,SASDH33,100,0,5459.338029674708,5937.230131565219,11.033213092760718,11.00426520455381,0.5759032210507904,0.2018087712083552,0.18039767446217206,4606.640219901646,0.01000000104324263,,,,,
idpsam,SASDH64,100,0,2.0922382701547737,2.281144925643764,13.385281042082317,13.5029642354613,0.5248030893913462,0.07942561273325979,0.04006818872730619,1.0305091480818032,0.042893192164971665,,0.9773158471612413,1.2498343041158608,1.0501863188406457,1.0501863188406457
idpsam,SASDH65,100,0,442.5250154957818,619.8169099829773,10.488951780594608,10.483070862159266,0.3971558968570097,0.16265023673156495,0.1629337981789393,413.8192992509273,0.010000007021531436,,,435.1886575992207,422.4597909718083,422.4597909718083
idpsam,SASDH69,100,0,700.483517673401,1118.8377680439758,11.205262015911424,11.182574390428723,0.788335976066076,0.147664663228208,0.14369534398122566,588.8480141642266,0.010000005061048462,,,,,
idpsam,SASDH84,100,0,199.5493319919507,223.02046515432932,12.87010760717215,12.858860772845059,0.8312902934909179,0.13178408632999694,0.17053426076794062,108.53855100516707,0.010000000110714374,,,,,
idpsam,SASDH95,100,0,1505.9918009794221,1893.9214183816432,11.088153966620434,11.042795045683551,0.5400947147592525,0.17050509442801645,0.16662791000532676,1239.7737707119763,0.010000000896800025,,,,,
idpsam,SASDHC9,100,0,129.3621769301155,129.7533805662596,14.082325709705207,13.914414541094663,0.9019724243537759,0.08312428190162086,0.05027192274313596,56.878759622365614,0.010000000070191679,,,,,
idpsam,SASDHD5,100,0,347.10938059822996,419.5586153928378,11.486416404074523,11.399847301079467,0.8676438086961333,0.18822938453171661,0.1525568571029182,242.17976035945708,0.010000000006430719,,,,315.9417518332272,315.9417518332272
idpsam,SASDHF8,100,0,44.75688831158769,44.937828282323736,10.437710800821941,10.335559127711083,0.6761793695527025,0.06630580990353127,0.02719486203684741,1.796172913863916,0.0371755651154798,,0.0371755651154798,,,
idpsam,SASDHG4,100,0,3991.6584479003386,8956.738860971705,10.876409382925985,10.848163713025581,0.5326395399372128,0.166604734506045,0.11720451981466909,3056.108857088563,0.010000004095780935,,,,,
idpsam,SASDHG9,100,0,1860.7604507201324,2022.4269521898,11.112369975724842,11.089846961285062,0.4568439309483523,0.2411431346682223,0.22471347540484124,1530.6428118580866,0.010000005379691994,,,,,
idpsam,SASDHN7,100,0,4.726608534247534,7.412890573632359,13.36456090007274,13.482965315951347,0.9240886277555287,0.08360190161851055,0.0690747588108184,2.8292681656445637,0.010000001209500549,,,3.6874954115356604,3.0642176834363624,3.0642176834363624
idpsam,SASDHP4,100,0,96.25632077921748,118.7150463920649,11.096370761026007,11.053108940838815,0.4042273342929388,0.20644049766179703,0.1900122768018557,73.65703490850711,0.01000000000340415,,,93.53517035959788,85.41449368186554,85.41449368186554
idpsam,SASDHP7,100,0,213.3450184870639,229.90503153914963,11.71856291217689,11.630263189588831,0.629022292971916,0.20630559820483657,0.19027386517732578,159.74453595395858,0.010000000544778842,,,203.72301896167363,184.32043979712986,184.32043979712986
idpsam,SASDHT5,100,0,5.87209096892591,6.934652565683818,11.979271146768083,11.928356567933154,0.6321839269148217,0.1956411663521232,0.18438712438775728,5.139871607523303,0.010000005919274073,,,5.6531084032744285,5.510777184982269,5.510777184982269
idpsam,SASDHV4,100,0,117.52493898224704,121.85340981890396,11.630349375160094,11.603887389155082,0.6546192708358269,0.21337286545843967,0.21259443324464808,104.61540227721484,0.01000000124830706,,,113.38146149767849,110.74997607623604,110.74997607623604
idpsam,SASDJ28,100,0,1490.4427272692767,1735.5321525549207,11.73568814805736,11.694411610310436,0.7309802889637247,0.21576127046962337,0.18935274423643167,972.6054047867783,0.010000000002016694,,,,,
idpsam,SASDJ29,100,0,1694.7976128871726,1856.6554657434383,11.43698383815407,11.391232081851744,0.5623453903975584,0.21028145382470903,0.19409450963035293,1447.4334610734006,0.010000005387653612,,,,,
idpsam,SASDJ63,100,0,835.2899432128454,1128.803116035009,10.810969955400333,10.796152840614369,0.4161466235374842,0.2020909845009409,0.19094911937620593,753.8846723033228,0.010000000034866124,,,812.6862853461236,795.6278437642694,795.6278437642694
idpsam,SASDJ83,100,0,133.76593855522006,190.57822827302618,12.794583610495897,12.73945574831416,0.7864170365892154,0.13206857131940544,0.13797318537309944,79.23630848384708,0.010000000787393841,,,114.37614152393945,102.22054014289657,102.22054014289657
idpsam,SASDJ84,100,0,2284.642900789138,3163.0199963314826,11.023169430598838,10.92625705333085,0.7978608777921998,0.14342894669961903,0.14326042439512623,1763.856203309393,0.010000000075308133,,,,,
idpsam,SASDJ86,100,0,39.00509960889514,45.606610069789745,11.580894829560169,11.470365711156543,0.8580425248417143,0.20733038356961173,0.2239531415773505,33.21784180834368,0.010000002504486037,,,37.626595355829835,35.367055198942,35.367055198942
idpsam,SASDJ93,100,0,1469.8491419617092,1633.659747435069,11.24223306778643,11.14165853606772,0.6202213501206337,0.1727481267199226,0.1544849505314873,1023.789621685914,0.010000000755239033,,,,,
idpsam,SASDJ94,100,0,697.7448205682501,1065.0230747962423,10.773179529044464,10.739492597477874,0.35426966178393293,0.18577896103459127,0.17478053406842672,602.1369414379321,0.010000002085619582,,,,630.2396584480642,630.2396584480642
idpsam,SASDJA4,100,0,488.00078551324236,549.6116096659226,11.260059626597155,11.167991580948389,0.689713204758803,0.16658798321164264,0.14206801448138937,362.07284642862334,0.010000001191421694,,,,414.0517950490408,414.0517950490408
idpsam,SASDJA5,100,0,514.758212335091,565.7951253341824,13.09148634288324,12.996405117523178,1.108612494140246,0.19728083507182428,0.1972666171250103,293.0966489238448,0.010000000287642538,,,,353.2480537825534,353.2480537825534
idpsam,SASDJB2,100,0,322.03765109067,367.3770854811552,11.514699610088849,11.50425261547825,0.7210622013042034,0.18749874426381094,0.17507444301171507,262.47556920756,0.010000002615348183,,,,286.76294877880656,286.76294877880656
idpsam,SASDJB9,100,0,1.3187342602976035,1.3628504979353029,14.584752694832225,14.53797745443681,1.1837462307810895,0.11376762242053697,0.10929651328350069,1.0782469766349814,0.01000000077070373,,0.9999667168255112,1.2549096709780283,1.1702005532910498,1.1702005532910498
idpsam,SASDJC4,100,0,1234.8134981883957,1330.7011636058257,10.813556368486621,10.786168521361562,0.45912525636084744,0.17612362785194166,0.17024462357859246,1040.7099986530106,0.010000002255471105,,,,,
idpsam,SASDJD6,100,0,12945.28081088566,14052.44881946449,11.269287083139519,11.221270912714884,0.4883944538740561,0.21292500869048148,0.19750650621152563,11393.2108381906,0.010000000762985413,,,,,
idpsam,SASDJE2,100,0,114.27724164692118,125.64462436553343,11.732928126077276,11.743806819046622,0.6880901168410833,0.04826022006611633,0.052398588567468145,55.75535465950165,0.012494830760500498,,,,63.59260753135288,63.59260753135288
idpsam,SASDJE4,100,0,44.881270732043646,65.0224370198612,11.262648540881205,11.172798002804777,0.5707987167912414,0.13767567801917896,0.1138988821396664,29.267509564111993,0.010000000268757301,,,40.3282671875601,36.935207930063484,36.935207930063484
idpsam,SASDJF5,100,0,2410.128867386732,2932.025071727669,11.687066116775165,11.637065656097796,0.7556161757467788,0.14759525134596754,0.10388121356473642,1218.9759737138666,0.010000000000214419,,,,,
idpsam,SASDJF6,100,0,53.99988512797521,53.9549355891731,12.228041015179976,12.144102775393574,0.8232167669565857,0.111300727186648,0.05637094594466091,26.115675536397404,0.010000000008767655,,,48.046230136751284,43.49418813517067,43.49418813517067
idpsam,SASDJG2,100,0,4.575516777101244,4.899498306579955,11.126253970973021,11.083006522020511,1.1589141406983572,0.019419549962971936,0.01325880998812775,1.0020281549102426,0.029114045301389887,,0.6514256858203851,1.752322453722452,1.009609877064324,1.009609877064324
idpsam,SASDJG4,100,0,248.3256445077395,295.59918705851027,11.357204803246832,11.245829606040758,0.5775763366738573,0.1941730548819962,0.1730971050549291,200.93218322190745,0.010000001037972647,,,,221.81336628222255,221.81336628222255
idpsam,SASDJG6,100,0,10.541419234136901,25.623307016709337,9.631388319599386,9.445077031410957,0.954920826980441,0.10666225536209324,0.07768439213164734,4.980457349456045,0.022173173469697036,,,8.685153554335487,6.688195548503254,6.688195548503254
idpsam,SASDJH6,100,0,715.761182378553,717.9370684088125,11.959514566769082,11.88838585604831,0.5194476645686024,0.07832327199354315,0.04903128561410243,316.33452018070227,0.01000000047345809,,,,,
idpsam,SASDJJ4,100,0,98.17599502669792,111.11850379246307,11.975032527065162,11.945228247328622,0.6993753001235952,0.19226247587277834,0.14652076493873953,46.58385957100686,0.010000000230999877,,,,68.64535807567864,68.64535807567864
idpsam,SASDJJ6,100,0,477.35030272811053,532.2394743869158,11.403756528903676,11.3790951292732,0.5845690367197811,0.18473844461053507,0.1875911277127664,405.9965950496645,0.010000000985804251,,,,444.29565149382705,444.29565149382705
idpsam,SASDJK6,100,0,3517.24473435511,4980.024293013161,10.897981513035077,10.760975135583205,0.7178018533781003,0.19029290138250296,0.20794888842011952,3128.350565814335,0.010000001724464627,,,,,
idpsam,SASDJL9,100,0,16.963954422519254,18.333096612564194,13.434559189325123,13.337584780700471,0.8595505245745887,0.05989615368912678,0.025705911680696976,1.6692921756818868,0.024117692111944037,,0.05953352876077506,9.062647991062788,2.5342038845260175,2.5342038845260175
idpsam,SASDJM2,100,0,2405.9934032190968,3260.5369527742378,10.55481733014838,10.494811089416963,0.4265235009653825,0.1612469344092835,0.1526606643339368,2148.7622715750254,0.01000000006225175,,,,,
idpsam,SASDJM5,100,0,531.3733467216337,660.9159300066239,10.711050050862536,10.706138995757637,0.4317079001141071,0.16333256488465567,0.16133894483951838,485.15919321095686,0.010000000000081149,,,524.969824217105,519.3044704107625,519.3044704107625
idpsam,SASDJN5,100,0,506.6237630922048,528.0754137741709,11.01545690733728,11.00408875346977,0.44282132457595225,0.17430730685308538,0.15871044322117459,449.84594256181026,0.010000003974019392,,,,471.95801024221237,471.95801024221237
idpsam,SASDJP5,100,0,297.0418802278017,314.4599231962979,11.309175420728167,11.270764249337226,0.48298461105559376,0.1525081797918129,0.1318144356001427,224.90158304825238,0.010000000042384634,,,,273.78670203834395,273.78670203834395
idpsam,SASDJR3,100,0,50.0873909394018,56.03464937583247,11.306518917306272,11.30225815841728,0.5652833453968302,0.2084405834396617,0.19724207499330637,41.80888879608026,0.010000002574027082,,,48.17832727659646,44.76557767466886,44.76557767466886
idpsam,SASDJT3,100,0,285.5887262917158,420.05763836506145,11.19286441918576,11.182011702504418,0.5545051830181791,0.13902254501563274,0.13000594128643714,263.4245481648849,0.010000001153843892,,,280.10287065993066,272.18969046580264,272.18969046580264
idpsam,SASDJT7,100,0,900.8421429376205,906.7324570182589,11.577336789972806,11.531450678466504,0.5269807445539367,0.2174287175992329,0.21557389514066422,722.4848946094747,0.010000000973886898,,,,,
idpsam,SASDJV9,100,0,50.692131705109574,90.70950542925046,12.353475366679822,12.315826255414798,0.8538604971577826,0.11789133471391944,0.11923063802172194,23.9552244530706,0.0100000000113303,,,45.70790346509236,35.80494230461931,35.80494230461931
idpsam,SASDJX3,100,0,966.3074799901733,1408.6234010534267,11.60143706372825,11.551538118802778,0.6890930439899918,0.14566037114297667,0.13790655714601427,764.9436375400061,0.01000000156536688,,,,,
idpsam,SASDJX7,100,0,13085.764968723408,15660.13759508332,11.26607723318843,11.221099561792226,0.5518365241317209,0.17302318691696514,0.16377902825555854,11064.044136944369,0.010000004333029288,,,,,
idpsam,SASDJY2,100,0,78.82283686724753,139.9738461267825,12.294447934554793,12.192198944921426,0.7919825965922822,0.1382130253228645,0.13570572464010966,51.76428226299943,0.01000000100404004,,,68.93809871232877,63.48133144402897,63.48133144402897
idpsam,SASDJZ6,100,0,432.2933154051295,452.8537083235378,11.182640289009722,11.057433425683959,0.7813681324026351,0.1772260586103573,0.21558709852574987,263.8231401332807,0.010000000204081401,,,,329.38439513663934,329.38439513663934
idpsam,SASDK42,100,0,908.5469734039285,1209.6043781086344,10.774344869216506,10.78678955225799,0.46058044439386947,0.136237463117486,0.14473700884384394,843.7070921585673,0.010000007121389955,,,887.5188123946026,874.627150549242,874.627150549242
idpsam,SASDK52,100,0,20.337829272169362,25.95458456389944,11.59640399107116,11.524716040456163,0.6658878144319331,0.1959638164734337,0.18446468174579791,15.699334636043012,0.010000000000106377,,,19.448325834283022,18.724652294359235,18.724652294359235
idpsam,SASDK56,100,0,37.75819112240131,39.11972534103015,12.174087542774059,12.174322640361167,0.7950721359167172,0.14976648642927531,0.1359879940550925,26.259658194402654,0.01000000039148484,,,35.239190548517875,31.054143746383552,31.054143746383552
idpsam,SASDK68,100,0,292.9688238125775,368.73831871367196,11.815675145191097,11.718244998099316,0.8847043651459146,0.1730124376972709,0.14450881856273776,246.29161389971853,0.010000001162982015,,,279.6626236096827,260.50046051454416,260.50046051454416
idpsam,SASDK76,100,0,45.258870711740464,77.56344102207362,11.495035406913,11.534876555111417,0.6636738442215986,0.1781502388549463,0.1736462285108314,39.78382455296184,0.010000001072837321,,,43.14705929216495,42.127350864555105,42.127350864555105
idpsam,SASDK92,100,0,3074.044423416241,3390.672334702304,11.044641631666835,11.045268681007293,0.4424023633280356,0.16066462943895526,0.14798863706765578,2741.4130079916263,0.010000002358930466,,,3032.090503679607,2910.355725728789,2910.355725728789
idpsam,SASDKD6,100,0,163.06298658648333,165.53373947389167,13.214455704230863,13.020737720073939,1.0308793476809832,0.08916967111971914,0.06310861050869276,68.37514824269728,0.018398271970061546,,,,,
idpsam,SASDKH8,100,0,424.271627277214,519.0907285126128,11.810742883131434,11.696462337529981,0.9436709606244253,0.21487527450616598,0.23059464349796666,359.03876395362244,0.010000000082947647,,,411.2411924826213,386.9161801939411,386.9161801939411
idpsam,SASDKK2,100,0,2882.339270366655,3464.6275678851002,10.924428917313229,10.873226828156772,0.417414083455494,0.18466951505632517,0.1774645335099934,2604.8173347052243,0.010000001304475948,,,,,
idpsam,SASDKK9,100,0,377.8244401084229,530.0265155911809,11.74776952609483,11.677819950759186,0.6502020153783175,0.14337485748252682,0.14281583319942187,301.976121672106,0.010000000727274179,,,,,
idpsam,SASDKQ4,100,0,46.7346588939107,104.79514488416818,10.669276671270318,10.657566857057288,0.6190364414701701,0.16926839156635418,0.14830995304491934,32.6545668442345,0.010000000471186677,,,44.173150902035914,42.03537817665735,42.03537817665735
idpsam,SASDKU8,100,0,83.25431806179147,84.201396799625,13.603036307623295,13.500184944785149,0.941248682114697,0.15389588704230858,0.09493677659760003,53.3410194761246,0.01000000056272619,,,76.850920563643,64.86966270901695,64.86966270901695
idpsam,SASDKV7,100,0,40.49263495321348,45.44289573723081,11.082569084869414,11.03198789840758,0.5817087085310746,0.1921333070836404,0.18472647433037293,33.73916996736063,0.010000008449243281,,,38.36405849379594,36.93445299772367,36.93445299772367
idpsam,SASDKW7,100,0,17.42307495011796,23.325594010132296,11.915184417905103,11.753329675013298,0.871687922778305,0.110867355401006,0.08515979733615123,9.95507389916778,0.010000000530059408,,,14.989876507137433,12.250945083291727,12.250945083291727
idpsam,SASDKX6,100,0,6.446732921643632,7.860133408954039,13.69655463805305,13.583050423368412,1.0735996285727776,0.08919869082807201,0.05022850326841926,1.029673512670177,0.010000000457740526,,0.08125889378857366,4.408152109641506,2.5929125442317704,2.5929125442317704
idpsam,SASDL26,100,0,215.79148119336548,245.53865819676489,11.85202639671657,11.837028763146954,0.6953827161104087,0.131650122531917,0.1359108477617,171.949425192513,0.010000001331795462,,,204.68260420091895,197.22971146488774,197.22971146488774
idpsam,SASDL62,100,0,235.71968132279588,289.311913145446,12.152606949665165,12.032131003929372,0.5925690760367637,0.15117236629535283,0.15649739031790907,159.51770030317735,0.010000000318130538,,,,192.8323118040337,192.8323118040337
idpsam,SASDLA5,100,0,137.18425872905274,376.8751294831935,12.717167977496958,12.528496559290971,0.9865832443487417,0.0778950724255267,0.0921065880175421,15.415339603311251,0.01308990017584346,,,,,
idpsam,SASDLB7,100,0,195.7894715890087,195.53170849776572,10.78694931232535,10.73087205418462,0.4619177708327804,0.2047964316224283,0.30946509830755775,175.99198598899085,0.010000002896131928,,,191.14171501845016,186.86842183746305,186.86842183746305
idpsam,SASDLF3,100,0,3163.549418687252,3173.0818495892945,10.957933322995917,10.889929762637177,0.46909359921460947,0.20349152531423678,0.2641996699452141,2591.245268935528,0.01000000104086239,,,,,
idpsam,SASDLF9,100,0,92.49342357573485,107.05191513461588,13.687275839862304,13.4723945990281,1.3200786757936402,0.19382360640020846,0.2305332786718841,50.71392855690979,0.010000000092070886,,,82.777306283263,74.05639904246769,74.05639904246769
idpsam,SASDLH5,100,0,4459.957731375313,5434.71272517502,11.301326747442129,11.247368171024199,0.631161714610819,0.16932860649395481,0.17208753234664242,4205.615392817179,0.010000000002507552,,,,,
idpsam,SASDLH9,100,0,16632.000683261987,16609.47940276877,12.960633538081431,12.86827184334079,1.0250355106893583,0.07858436772969822,0.04983161792164986,9281.372911020313,0.010000000012110256,,,,,
idpsam,SASDLJ9,100,0,1992.5307668891144,2250.7266112649695,13.677501551232472,13.51894622145332,1.0907821906402795,0.1093313893185724,0.07483539828892684,1140.542188202764,0.01000000385373257,,,,,
idpsam,SASDLM8,100,0,305.817324031013,387.70323091733115,11.4507230798504,11.476475554722267,0.4648256519848104,0.21906541727648868,0.2069116900622423,255.60182280671364,0.010000000660548907,,,,283.0517828295949,283.0517828295949
idpsam,SASDLM9,100,0,1616.080438193881,1806.5800140885153,12.381083927722761,12.374323305209462,0.8082289228607848,0.14390924370829616,0.16567559377105365,893.5070436203694,0.010000000000085251,,,,,
idpsam,SASDLQ3,100,0,37.440573767,88.87593381987372,12.894501846627275,12.843208544221245,0.8830578747113513,0.09297602848195453,0.09020781063486666,12.518734750374088,0.010000000327082285,,,32.095457664372084,23.00467916718324,23.00467916718324
idpsam,SASDLR9,100,0,17.324404966386076,18.157589366767905,13.596738268699864,13.499650162268914,1.0859277433414913,0.0538942475548487,0.03577027588812619,4.445495194912715,0.010000000071612105,,,12.792569783229498,10.461607766692003,10.461607766692003
idpsam,SASDLS4,100,0,587.7445796304296,855.6142396402936,10.95973777239952,10.890766091941543,0.525695146839734,0.2040775327798429,0.22601754623880366,541.50784099778,0.010000000137375448,,,581.3208428451047,563.4052089901419,563.4052089901419
idpsam,SASDLT4,100,0,157.31335123848092,265.7482248764202,10.763793540996033,10.772236490411803,0.47105073485194104,0.18334608674782124,0.18712127473132303,151.3969667821233,0.010000001073542899,,,156.6986184082591,155.98256539995577,155.98256539995577
idpsam,SASDM43,100,0,22.84319948998953,32.09704837640463,13.280966317553355,13.204905893005606,1.0485040564326038,0.09967172480913007,0.05943513208805558,2.703443040273707,0.010000000034050684,,,14.32384984395747,7.557289558634229,7.557289558634229
idpsam,SASDM53,100,0,66.98711004780851,74.73976690453893,11.373988766480021,11.340524858203054,0.6480566908877403,0.16060194478102804,0.16506315577215694,51.737385271665836,0.010000000437408799,,,62.4808935052806,59.63794773122908,59.63794773122908
idpsam,SASDM55,100,0,1380.1645032017993,1565.925530899183,12.602581006769437,12.563259046841486,0.8122004975776242,0.21508500767483466,0.19048306479843777,685.8161208412104,0.01000000018988385,,,,,
idpsam,SASDM65,100,0,2841.615138612558,3062.044209095282,11.252701663713198,11.23278423921035,0.706542469930703,0.16948462213452908,0.1653150717334575,2209.2722344686895,0.010000000960270594,,,,,
idpsam,SASDM82,100,0,1.1291391815534426,1.173374691161267,13.704977775833635,13.775517663793739,0.7072772095939861,0.10146726909005671,0.0968127902095169,1.0409870910500114,0.01968527228055916,,0.9999371885886477,1.056185151197468,1.041943829304526,1.041943829304526
idpsam,SASDM97,100,0,1053.2484321660645,1199.5188198087076,11.18404065408914,11.156271869924726,0.620687126942709,0.17082265552831521,0.14825576316018904,751.6374616988121,0.010000000808598863,,,,,
idpsam,SASDMA5,100,0,1.0305383694563917,1.0443954007636929,12.38283348481604,12.27321111839295,0.49807721924244497,0.05251956001897784,0.05494094104813403,0.9982183975671632,0.033507446380646344,0.20666537184916853,0.9999890377441071,1.0016439934384835,0.998770101013339,0.998770101013339
idpsam,SASDMC9,100,0,1199.6211630571552,1584.903524430461,10.990239797922348,10.965398351901257,0.3930097262253103,0.21276500811113844,0.19959731616232945,1098.8054990093597,0.010000038782047057,,,,1136.7482176950705,1136.7482176950705
idpsam,SASDMQ3,100,0,75.32242398122341,103.99780047094333,11.66079445156093,11.66041253712286,0.6773219938012183,0.2374990047894787,0.22795717442340696,64.67778462082335,0.010000000016223174,,,73.29846312557724,71.50434300658597,71.50434300658597
idpsam,SASDMQ9,100,0,2227.189224111031,2355.505893520197,11.729369597557934,11.644146314737318,0.8067203477192741,0.10680407498695396,0.12045788747869517,1736.8989322840375,0.010000000470912727,,,,,
idpsam,SASDMR3,100,0,1.3465489580575267,2.3689842974113184,13.811056726468546,13.951547298126751,0.6718455728037505,0.04068935387156757,0.04216326437227459,1.1096371124647966,0.019194856875276615,,0.9998928106779785,1.230277573160795,1.158394824630358,1.158394824630358
idpsam,SASDMS3,100,0,102.5278025474228,226.29445133786328,11.261882663899442,11.168400002437577,0.8282947336103117,0.1601391896247368,0.1575442674786734,87.44049841875326,0.010000000035775088,,,98.96089560276687,93.42888644363892,93.42888644363892
idpsam,SASDMS4,100,0,167.8020418036539,202.41819771996234,10.910177413123977,10.853430865727775,0.4710822146453282,0.17062794133551124,0.15608664415491705,141.3660841661132,0.010000002758204783,,,161.69040409902126,156.2710598999374,156.2710598999374
idpsam,SASDMT5,100,0,70.96857415276598,71.13466749104428,10.799286484580398,10.81582415273725,0.5111414103311667,0.18319592130220855,0.1553711921860339,66.01146939345055,0.010000004678002742,,,69.31382525022774,68.26450143428546,68.26450143428546
idpsam,SASDMT7,100,0,1674.2419321745285,1755.1375515541804,10.911558896821088,10.871836486422142,0.3413675666159417,0.2572746402876618,0.24638131966882412,1501.6681933876423,0.010000007390146998,,,,,
idpsam,SASDMU6,100,0,55.69045375289139,85.22971422370853,11.708801640713592,11.629839644695679,0.7138608890726008,0.1239039589984057,0.1229396504468613,38.63629611006619,0.010000002037785574,,,50.365350699398995,43.52180336623334,43.52180336623334
idpsam,SASDMV6,100,0,1712.1077551918215,2476.4338976086,11.643244083480198,11.585048239780924,0.605804092363126,0.14274206347425067,0.13156452306534294,1226.7844849886637,0.010000000895342295,,,,,
idpsam,SASDMX9,100,0,5263.327231464165,7234.1565339513845,11.698767349004992,11.66807877561278,0.6002150871772542,0.15279569507943913,0.13607556298646883,3585.5856619948136,0.010000000884335485,,,,,
idpsam,SASDMY9,100,0,2106.7997256421872,2848.3233898312287,11.3486444802048,11.265444200180454,0.7206837237731989,0.12828752226349383,0.12627655771248308,1680.5862604886697,0.010000032560026446,,,,,
idpsam,SASDN65,100,0,2636.9595232683464,2800.244915453381,12.094992867545859,12.025576285816836,0.7467339956537593,0.23873222175861566,0.2898092082523266,1440.8096246197026,0.010000000366254081,,,,,
idpsam,SASDN68,100,0,1718.8805057512905,2046.8522150524552,12.001331272470134,11.97060231878029,0.6625068963543566,0.18375072478371454,0.16033047302991382,1261.0711010115406,0.01000000350131397,,,,,
idpsam,SASDN73,100,0,415.69854594760784,415.32004893408964,11.347537961566065,11.233402023719893,0.6434545220175405,0.3254770164398286,0.26596710307662863,350.7995715803043,0.010000001005060622,,,400.2610172054925,388.2376342174779,388.2376342174779
idpsam,SASDNB2,100,0,9.217801564764061,9.872408899517842,13.500898224825473,13.458291490327507,0.8699079401329328,0.09330592342938253,0.04729347891855216,2.736587121946236,0.013421668257355175,,,6.034240974403742,4.154185723964735,4.154185723964735
idpsam,SASDNB7,100,0,36.53513599920006,44.82421689481877,12.019730991052215,11.955251556075122,0.7559832310006218,0.18388644449543945,0.1696895819188516,28.53967636188752,0.010000001388870054,,,33.70312061550153,30.546187568989122,30.546187568989122
idpsam,SASDNB8,100,0,296.51772747891334,367.78470890765794,11.054955378599027,11.03867395233295,0.5899927460776251,0.1492934652088092,0.15167360290565465,234.36817226053967,0.010000000330409289,,,285.0144783816075,274.24950632850584,274.24950632850584
idpsam,SASDNC7,100,0,3445.3725998667537,3585.1026730434432,11.029931591785147,10.981087661619203,0.5439392532249148,0.2016082468806466,0.18674570247568717,3008.43947796768,0.010000017269151854,,,,,
idpsam,SASDND2,100,0,148.58462304124956,213.1385551661142,12.806287922972125,12.841766491246624,1.0066072664014865,0.15505735960448022,0.013376779367781717,2.009665150131603,0.03040012268264406,,,,3.5194901409956896,3.5194901409956896
idpsam,SASDNG9,100,0,10655.816570991927,11104.113814281482,11.673007424266936,11.627593411947524,0.6214541380883123,0.2283659052820818,0.2752600439731803,6141.901053313852,0.010000001042364275,,,,,
idpsam,SASDNK8,100,0,23.588402982770525,33.17442727902813,11.143734731117766,11.106352958360127,0.44446484419154686,0.1966785427671906,0.19259666789606603,20.99773106931523,0.010000002699169923,,,23.130323309122826,22.087122874147525,22.087122874147525
idpsam,SASDNL5,100,0,306.5739883308234,442.33992480560653,11.034940036397606,10.944943783403726,0.5043201686175838,0.1738229006180355,0.16470157940241226,257.39881493770395,0.010000000979404835,,,292.51136820352247,281.8356392752624,281.8356392752624
idpsam,SASDNL8,100,0,6.79465929190899,8.753698357767696,11.123114273014284,11.074794480954502,0.43184658129657194,0.1907686085248531,0.17796415640143362,6.230981624219387,0.010000002248376418,,,6.611816869499644,6.499367237057313,6.499367237057313
idpsam,SASDNM3,100,0,244.02183192015343,375.61615941698733,12.014312127175309,11.95736070412746,0.8089696950166001,0.13758011926062225,0.1393316854125114,199.90194144233178,0.010000000064776936,,,232.4613953786942,224.35051853186715,224.35051853186715
idpsam,SASDNM8,100,0,2.1933691887541733,2.680629316151071,14.526057482323582,14.565604813306312,0.807274228686353,0.0863815443073851,0.05323103319006738,0.983328892994133,0.016946212677875928,0.2181379003641447,0.9876399433238509,1.131717400262555,0.9889463917432103,0.9889463917432103
idpsam,SASDNM9,100,0,2942.8039219964508,3181.508059083509,12.086094390440486,12.033603937875991,0.7742680719620338,0.22019858781061025,0.19113752683257895,2221.3356681510386,0.010000000923578563,,,,,
idpsam,SASDNS3,100,0,1158.6866391921128,1832.7985715944053,11.159995000828726,11.140737227949451,0.39201280124380844,0.17452130548833464,0.1743483198752454,1100.6736455290763,0.010000012770253253,,,1143.0200429053107,1130.8906696996587,1130.8906696996587
idpsam,SASDNU3,100,0,35.68622008708795,36.08586519746074,10.920218119639145,10.94376290454301,0.31787127968649465,0.156142778280869,0.14348865602509578,33.05331283031391,0.010000002703646885,,,34.93931501804259,34.42728551379557,34.42728551379557
idpsam,SASDNW2,100,0,8181.388921215412,8940.87976258946,10.428407793882661,10.384103751257484,0.41222159136255954,0.17072535654413162,0.16107280193022416,7261.20408741425,0.01000000132502642,,,,,
idpsam,SASDNW9,100,0,302.1768065624297,515.8538949022344,10.874325881451929,10.839168233340336,0.43712176560498683,0.20124092017416123,0.18972375461057692,256.32299037983006,0.010000003626769591,,,292.4334308286277,282.1476056444462,282.1476056444462
idpsam,SASDNY9,100,0,11.330306922462896,30.424872977248196,11.011605207523555,11.0018083231834,0.5819161778458408,0.2026733231252359,0.23175968302591002,10.262933241140713,0.010000002064174538,,,11.015200522149375,10.590930823190254,10.590930823190254
idpsam,SASDP28,100,0,685.3002439202784,874.5278680267834,11.840234236090343,11.759599452488722,0.8076950768909352,0.16103548034190096,0.16693554886546785,496.99699524051715,0.010000000335458191,,,,,
idpsam,SASDP35,100,0,56.846613589537895,87.01919945761061,11.403850435019848,11.385133042053994,0.5657614878362835,0.09312158904886136,0.06593566993881057,27.58518663248742,0.010000000155624314,,,48.45475898889801,43.172561235706254,43.172561235706254
idpsam,SASDP64,100,0,2.967922381963215,2.9731364930480555,13.60675499507684,13.501768990148845,1.1520164903660852,0.1459846058973122,0.10005631727077342,1.3619759921737937,0.010000000008476475,,0.035612963428854005,2.709817206073472,2.144952034500679,2.144952034500679
idpsam,SASDP79,100,0,15.34203114531616,17.265020159149874,13.182460289046814,13.057456417106547,1.0858598695873862,0.09591586098769898,0.07609438120904992,10.804116946810344,0.010000000916607361,,,14.339871183060028,13.590582224559252,13.590582224559252
idpsam,SASDP89,100,0,4.090640179840224,4.966327975186586,11.402191417793373,11.355696872227362,0.5872248685152837,0.17532176981195105,0.17011702517226857,3.7762368882621766,0.010000002183015978,,,4.020313251796231,3.9072837491585877,3.9072837491585877
idpsam,SASDP98,100,0,72.45847594394549,134.33712966072193,12.554078845461918,12.571637921940638,0.9412874075252873,0.09461041443090372,0.09149766367590093,32.868054152609496,0.010000000366811312,,,56.555679956072304,42.15520108425013,42.15520108425013
idpsam,SASDPA8,100,0,1661.5923509833121,1990.6188010298777,12.1315193995601,12.047093111705848,0.8155492591087086,0.12139249362315006,0.12160016839515994,1148.31407246643,0.010000003828229636,,,,,
idpsam,SASDPB6,100,0,724.7746191797362,836.2249127226721,11.604585490846555,11.535978675434755,0.6490430479720679,0.1759809190086683,0.16682969160862846,562.2495786522284,0.010000000001041483,,,,,
idpsam,SASDPC7,100,0,1668.8221830757918,1800.47351362752,11.432610755110138,11.393876792403145,0.6824919993915728,0.21930366899056972,0.209180259873027,1260.0526049277146,0.010000000587374713,,,,,
idpsam,SASDPD7,100,0,4344.576827347256,4614.156621728609,11.207616164350954,11.140446125417196,0.4399968549449582,0.23014760122112013,0.21431110688242802,3714.947403234773,0.010000010830586414,,,,,
idpsam,SASDPJ4,100,0,507.61963306389396,588.5104379411326,12.105351188557467,12.035070852017636,0.6985022101324248,0.16335342639313927,0.13079943919422107,340.4283385233684,0.010000000029457036,,,,,
idpsam,SASDPK4,100,0,99.63482102596082,103.4921874927777,13.09036492471503,12.989890477939195,0.890890765261755,0.2570042606489656,0.08449576165429619,43.145633338700975,0.01000000021965673,,,83.04849413557639,72.14630119936514,72.14630119936514
idpsam,SASDPW6,100,0,16.247548340363906,22.313595104379996,14.153819242269092,14.161653335088426,0.7070939726436478,0.019152186722374627,0.017242301171732814,2.522865641982841,0.01493090680269613,,,9.122977144662645,3.565312735663035,3.565312735663035
idpsam,SASDPW7,100,0,55.80817331753926,148.8246018104298,11.474653219603754,11.463686781635989,0.5682318780573965,0.13013875654212972,0.12715738687455333,48.101746084354865,0.01000000083221506,,,53.4283379609752,51.833664199972525,51.833664199972525
idpsam,SASDPY2,100,0,93.42674629282679,126.25876258041737,11.19878193087465,11.129409087688668,0.5872075729767481,0.19098064304222861,0.1749223124123503,74.73122527167152,0.01000000075659774,,,88.78890780975854,85.3282780688214,85.3282780688214
idpsam,SASDQ26,100,0,127.51214041699502,153.560281819111,13.618422005464081,13.587453472894428,1.0848221710670831,0.07184005397367084,0.052996208725962266,72.86853577744697,0.010000000000255981,,,,87.05062266673347,87.05062266673347
idpsam,SASDQ28,100,0,4764.695176355431,5442.698131541685,10.846558604288013,10.793207137709855,0.5223935745257684,0.24360408048547644,0.2360986904756726,4276.675549584515,0.010000005107973269,,,,,
idpsam,SASDQ46,100,0,541.5853837560418,774.7114274041618,11.676270486808603,11.662906971279774,0.8812751292129093,0.21665972236425754,0.23653549506259966,490.0930220136714,0.010000012529579709,,,,523.1758413931022,523.1758413931022
idpsam,SASDQ59,100,0,153.75253287145287,183.99409737669447,11.274730445298806,11.20449253385486,0.5190099267393133,0.21465453638693505,0.20589193905472722,138.99699584874287,0.010000856850717775,,,149.64107790332363,143.7283569721966,143.7283569721966
idpsam,SASDQ85,100,0,94.65208287142121,109.45594559508388,11.36600419885721,11.363788343630493,0.5270877229837581,0.20412420175807242,0.19435884188155333,82.0031697719002,0.010000007386820841,,,90.35950375475949,85.2621722872171,85.2621722872171
idpsam,SASDQ97,100,0,921.0826780040584,1317.6948789254056,11.329885872079648,11.369149728771887,0.5666431156934983,0.17051961191084467,0.1569714543820214,801.6024922698803,0.010000000828358606,,,,,
idpsam,SASDQ98,100,0,598.1908875888457,618.0143456964881,11.536325841649429,11.498902998041196,0.83546651431387,0.13761669000656282,0.1209289952109564,449.61595125374333,0.010000002759075017,,,540.785001037969,480.67712434487623,480.67712434487623
idpsam,SASDQB5,100,0,48.23556521320694,73.86485738387542,11.138802468806931,11.090593586079482,0.7222643049246873,0.1930026021006168,0.18310601815205158,42.61689687313703,0.010000005983630529,,,46.85919553853147,44.584211943858065,44.584211943858065
idpsam,SASDQC5,100,0,868.2800905630268,954.4640779181711,11.625984411335073,11.592323731895842,0.7826650979469107,0.18582926649392412,0.19655109763554837,719.3659125089456,0.010000000589652782,,,,771.3916993712295,771.3916993712295
idpsam,SASDQC9,100,0,232.16154752508425,270.5704073414277,12.496532101708265,12.459518594273476,0.8366548682743105,0.13634647924813242,0.13300289539207028,141.9423506955449,0.010000000257235964,,,,185.2444241305113,185.2444241305113
idpsam,SASDQD9,100,0,86.8838950981391,106.26024439135824,12.541050680970255,12.434634923484492,1.1026581042170633,0.13626279518009096,0.2116446328763884,26.32051732838071,0.019728143339793378,,,,36.71324613821665,36.71324613821665
idpsam,SASDQF8,100,0,126.63261212472034,151.37349447352014,11.42763642833713,11.385774492823593,0.6555791239255893,0.17976137584249904,0.1642479040327413,109.19179445529022,0.010000004668552234,,,121.48825858446192,114.26051744153467,114.26051744153467
idpsam,SASDQJ8,100,0,429.27829024512397,524.2506459940626,11.946792497724383,11.860903863660191,0.7623243363377679,0.15401896306324833,0.12884890313027972,289.3877837954788,0.010000003510140541,,,,,
idpsam,SASDQK7,100,0,10.16638888069112,10.32322804527487,11.999834605355735,11.926380667013595,0.8871171311170567,0.2082471272899087,0.17847336128844665,9.227641812877806,0.010000006880941435,,,9.821970796609891,9.612038785620165,9.612038785620165
idpsam,SASDQN5,100,0,1824.4746391347167,2013.4801146337695,10.698588252993487,10.66522510591819,0.4052297807044294,0.2421924184328939,0.2249768140292842,1399.2738657862938,0.010000001471282143,,,,,
idpsam,SASDQN6,100,0,113.78408880138414,165.1633321336833,13.058858370186275,12.944233477820703,1.058588673306561,0.11001606975159667,0.111222968956513,38.86993969394989,0.010838482359282474,,,,,
idpsam,SASDQN8,100,0,329.3945297284631,332.6887635006551,12.679445272313748,12.58502760671365,0.9106708295391428,0.3140342215783318,0.11464459544933953,247.7669700915607,0.010000000538340452,,,,,
idpsam,SASDQU5,100,0,52.14267113336854,55.71623142692972,13.116642026637154,13.09721723011577,0.7985787601540189,0.46591067039828216,0.23331453588332318,18.770243987347662,0.01000000007607419,,,39.459441927374556,33.222078023977254,33.222078023977254
idpsam,SASDR22,100,0,254.04450850434287,292.0013677519916,12.512894389780877,12.389580213945317,0.8641584151905448,0.16586393539837396,0.168383340876023,175.87752187356048,0.01000000039581994,,,,202.57346680914588,202.57346680914588
idpsam,SASDR25,100,0,17.06963476687136,20.74449696985633,12.609972975770054,12.602638674056251,1.2746599985949185,0.19455623086555826,0.06296499080434925,3.5174917331664615,0.010000000075406468,,,11.550875661315853,7.384734523210327,7.384734523210327
idpsam,SASDR33,100,0,89.03165462820829,117.21177802872771,12.543826821439575,12.497608729908375,0.8321136643300129,0.10845416666942692,0.17092225554178156,15.42692248184995,0.01000000007406582,,,,34.109584064658826,34.109584064658826
idpsam,SASDR36,100,0,108.3461744912178,135.74183089836174,11.92446319698828,11.923047544247291,0.6982103422727306,0.1662047992064864,0.1533969566394449,89.28620135971413,0.010000000931716822,,,101.42276740011273,97.6682961865066,97.6682961865066
idpsam,SASDRA6,100,0,54.67030677055239,57.192412783313145,14.81137166755815,14.559701747026667,1.4799072104332573,0.10923648149409083,0.0701876187843813,27.473768024672726,0.010000000228646739,,,45.22521273998448,35.13212487590731,35.13212487590731
idpsam,SASDRD9,100,0,208.54006601206964,225.960584739671,11.074103124821352,11.051990021113753,0.36982643790909187,0.2384253987650702,0.22848980064916563,183.00419721416563,0.010000000000290927,,,204.2403443582696,200.50770433074425,200.50770433074425
idpsam,SASDRF8,100,0,134.83937415049726,135.53762998449372,13.793528883311586,13.73414995196475,1.047250630365415,0.13016978699629367,0.06068149591495323,63.83494457670112,0.010000005202454745,,,,85.46280710714738,85.46280710714738
idpsam,SASDRG9,100,0,28.256975264733857,38.02378879601046,13.866073943837085,13.81113235320105,1.043025656002058,0.12018005010919498,0.02462841730756461,1.071503312091161,0.018946436600973216,,0.12967117859103666,12.994659021950177,1.8184433980466468,1.8184433980466468
idpsam,SASDRH2,100,0,253.6092385076768,343.8621710522414,10.67231875413982,10.668103555536817,0.44952025197738266,0.22105808370930477,0.21509120198407372,227.8958000625804,0.010000000000002814,,,247.67975002017045,242.95534181715684,242.95534181715684
idpsam,SASDRH9,100,0,292.4345319925097,342.79411744796727,12.107485205560115,12.094663998125323,0.6489241350827406,0.1719443656010583,0.1607937334856419,225.57461297675323,0.010000001268250966,,,272.34312322082417,258.4253372668009,258.4253372668009
idpsam,SASDRJ6,100,0,108.46717896678382,140.6880644124421,11.866985253547051,11.845524075896375,0.6219448533969043,0.17681492808142188,0.15944384124552477,87.31800061115575,0.010000001021114133,,,103.48860821036163,95.79256913769977,95.79256913769977
idpsam,SASDRK5,100,0,254.79120923004692,256.24637741290826,13.291467106071352,13.426400495152414,1.0940289364926734,0.06043430182326816,0.03230978939738486,26.90306452069441,0.013851266463500262,,,138.5132041454214,56.36924142751304,56.36924142751304
idpsam,SASDRK7,100,0,252.927908295999,286.70263303502554,11.572734442254982,11.5242937620531,0.6334984394418939,0.1240609136689646,0.11306345195306611,209.3105438370928,0.010000007041501424,,,,226.42640836282277,226.42640836282277
idpsam,SASDRN5,100,0,807.3172484882122,1146.2788625622077,11.456384782698654,11.384972207891497,0.596110622841282,0.16127749594928825,0.1578563142594879,664.0252272132642,0.010000049994803379,,,,,
idpsam,SASDRQ5,100,0,97.6894284901942,115.82003068444368,12.793582186004318,12.687299566443414,1.0759743794776764,0.16012679494998938,0.032683520693198805,2.959456716647871,0.010000000016564856,,,,29.974084075711943,29.974084075711943
idpsam,SASDRQ7,100,0,12.43886728281561,13.92933999702728,10.856722276269975,10.803733020963591,0.523234881063793,0.19574080674293667,0.19637636722779314,11.235095133355827,0.010000000001027772,,,12.171646060970916,11.885311459234481,11.885311459234481
idpsam,SASDRW6,100,0,235.74275086861837,239.77325335356542,13.514677979673221,13.369687552543297,1.0823535858193054,0.12215996340792397,0.041422553652182344,91.38363659077652,0.010000000113345309,,,,,
idpsam,SASDRW9,100,0,66.31449517056286,91.16283914209146,11.323658766775155,11.206271552343297,0.52824236499103,0.1518585173172751,0.15238110115643913,55.46709780811783,0.010000002419355529,,,63.82977231499883,59.50492700187382,59.50492700187382
idpsam,SASDRZ9,100,0,1.1754926726493415,1.2819050915355548,13.662297900345814,13.648880851060754,0.9377059560688537,0.11975799899271712,0.08996321098468286,0.9791795693387061,0.010000005523578432,0.10421499153026172,0.9993834756301606,1.0581123134896615,0.9920343877837349,0.9920343877837349
idpsam,SASDS28,100,0,247.9867708181432,331.86975340234113,11.794525680240175,11.74342106064783,0.7434122271137209,0.23364917644393593,0.22764045509509073,232.8790496083125,0.01000000623310593,,,244.38433887681055,241.6931425082308,241.6931425082308
idpsam,SASDS37,100,0,842.0500640541221,1087.763672163989,10.658009358343199,10.612235013429022,0.444546577957448,0.17753719783969935,0.16725574432656695,746.8131939887504,0.010000000002689214,,,827.7293184486621,791.6520820904341,791.6520820904341
idpsam,SASDS89,100,0,3.6254558826081005,5.549403992823185,11.900630457918027,11.909156935013232,1.0902556764771294,0.11759843805278895,0.13020973628486232,1.561548822659373,0.01609878240613305,,0.056305629575752796,2.8736673650516833,2.1082209191124313,2.1082209191124313
idpsam,SASDSB9,100,0,12024.461834404641,13128.09241403398,11.057311447390163,10.939809430184589,0.6567210608741565,0.176227980651902,0.14552466181509718,8602.227625545293,0.010000000772288917,,,,,
idpsam,SASDSG5,100,0,594.5412298786824,642.7474419786436,12.066178801712866,12.007863153553075,1.0808657322876591,0.18775168106987492,0.21894193494093364,363.75556249926177,0.01000000129883305,,,,,
idpsam,SASDSG7,100,0,43.91358857279781,71.25989800987823,12.27418371748187,12.159031726251483,0.7390269252947519,0.2061760200329379,0.19911423767762373,41.07847828647847,0.010000005661324878,,,43.060017854177154,42.44874508331474,42.44874508331474
idpsam,SASDSJ9,100,0,42.293764574231474,55.88813346549617,10.898707715511572,10.881892944202743,0.4938244393477653,0.1769545068172779,0.165002143480996,35.73299374358531,0.010000000613433504,,,40.159759621224794,38.84797935031949,38.84797935031949
idpsam,SASDSL2,100,0,15.43002129800111,15.698312388181634,11.763602254915499,11.720971713789929,0.7597830768246858,0.2486125481749418,0.22398554181628805,9.791320863214972,0.010000000786956651,,,13.91315491332956,11.86368470765558,11.86368470765558
idpsam,SASDSN2,100,0,50.90678557101537,93.61897343448798,12.19299765810883,12.084369778974065,0.9396794438118725,0.05594411535463758,0.04059615652541722,27.858393453892404,0.020466227538629346,,,42.82212834139227,33.930256974858864,33.930256974858864
idpsam,SASDSP6,100,0,111.47747480534166,117.42237121545847,11.063748312770164,11.03923439087946,0.5177775288598951,0.16574911945724807,0.16275493529609542,98.41101356746908,0.010000000021634254,,,108.43865854768703,105.83447406389507,105.83447406389507
idpsam,SASDSQ7,100,0,5308.691667901443,7000.564266451165,10.970884567351531,10.942799570546182,0.46060832348959835,0.19790642227258556,0.18768642808840852,4598.611876935627,0.010000000272888223,,,,,
idpsam,SASDSQ9,100,0,103.43912924412392,123.93026055760168,12.070138188999577,12.013557636156701,0.6929226031626126,0.15710843248169676,0.13046283451573615,66.5628340970054,0.010000000845443729,,,90.69402059143161,76.29052141094184,76.29052141094184
idpsam,SASDSS6,100,0,232.06059353547167,244.48365732478507,10.680789373696866,10.66533989112904,0.46214796872614095,0.17771268821246608,0.16902088813347615,215.09331686366986,0.010000004244648949,,,228.34757295293772,220.9221256612272,220.9221256612272
idpsam,SASDSU5,100,0,2696.3755740229562,2749.774266993239,11.823611488024524,11.766635144130587,0.6139658866373523,0.6454074810747276,0.1622817811438601,1551.0801896577073,0.010000001094496001,,,,,
idpsam,SASDSV2,100,0,121.34810276031675,130.90129502427573,13.460419064723437,13.412739175031188,0.4889062071273482,0.0645745247865781,0.03549393855139192,40.53318941366274,0.010000000280662393,,,105.88043878877626,72.44123212711806,72.44123212711806
idpsam,SASDSV6,100,0,20.659254432113062,22.38356465650018,11.755895769362198,11.671802702636054,0.8091292931729459,0.15013883821266388,0.12193506066488048,13.11776054605482,0.010000000323570917,,,18.638988653239622,17.320273950137988,17.320273950137988
idpsam,SASDSV9,100,0,183.72383091443305,217.79421680699582,11.811280380311569,11.772265530174902,0.7176617706082773,0.17857816006496782,0.13510371571975133,144.7900791484988,0.010000001064848862,,,175.8421014690979,161.21449432651409,161.21449432651409
idpsam,SASDSX6,100,0,155.44816262636428,171.2427888670047,12.856016218451913,12.80996057100198,0.7592103568367925,0.15879020194852245,0.20665656725387033,81.87030650086501,0.010000000157810818,,,,112.40149240891023,112.40149240891023
idpsam,SASDSZ8,100,0,78.90515766762961,86.0134340692165,12.521088992041108,12.465279546411587,0.89578792150464,0.17848368502859066,0.22166152167835765,60.18399516226068,0.010000000512719869,,,71.57961280504453,64.91667049066612,64.91667049066612
idpsam,SASDSZ9,100,0,141.19973262082803,159.95727915448714,13.20820316927836,13.078219900004012,1.0176736931154124,0.09839254910227213,0.06764107669382381,91.99060477440314,0.011750716717052247,,,125.29460028685878,105.67880537787308,105.67880537787308
idpsam,SASDT25,100,0,11.21186447697682,22.47013058402474,11.162946975851074,11.119111530280138,0.5833107610104662,0.1757411548457067,0.16901563693327265,10.335227708826897,0.010000002455173785,,,10.968920244346783,10.627543610738556,10.627543610738556
idpsam,SASDT45,100,0,996.7863716371146,1293.784023446574,11.59008634079573,11.54011053833553,0.5838224125815934,0.19393913889297043,0.16935475281739862,859.2559778243885,0.01000000093041661,,,963.0997462377344,938.3025394188318,938.3025394188318
idpsam,SASDT75,100,0,2849.280762148214,3073.6101984238817,11.353532596722193,11.359919119210343,0.5740599441863914,0.14625393994497612,0.12565305794679937,2372.00444491467,0.010000002086039177,,,,,
idpsam,SASDT85,100,0,3774.1930406964248,5029.826368352071,10.928819699380934,10.892316318870934,0.5064873366474831,0.15524019941038536,0.14921934467419687,3044.404613486925,0.01000000017081918,,,,,
idpsam,SASDTA2,100,0,138.23676616078941,138.48159482182618,13.82017137472575,13.572594761870684,1.6736248656732808,0.09744192854431595,0.05601129015964571,15.456546487758375,0.010000000045406339,,,,57.073795072249546,57.073795072249546
idpsam,SASDTE2,100,0,1233.784707436709,1271.347833584076,11.487394332460488,11.466708174716914,0.6011222244448362,0.13687555814753427,0.16761356887916554,956.9192379623682,0.010000000002196379,,,,,
idpsam,SASDTH2,100,0,3266.85263460332,3754.9458280864355,10.961477318608866,10.896728376840928,0.5528388729399296,0.23230682632416125,0.2232258438861822,2713.1603755474416,0.010000003865697306,,,,,
idpsam,SASDTP5,100,0,9421.392115909634,9820.278945708838,10.758412387631674,10.68470692542486,0.4129086385732723,0.19731312752772842,0.19005927193959232,8924.798699809833,0.010000017177281953,,,,,
idpsam,SASDTQ2,100,0,10648.653985274012,11674.000470933057,11.620048155118539,11.517607374378763,0.7226526418117274,0.18583569684416604,0.15083692185214256,6713.969555798203,0.010000000109271913,,,,,
idpsam,SASDTQ5,100,0,399.58867165418,423.2937968970726,11.204951417135847,11.179099507128603,0.7187995742076776,0.21740326720052472,0.19197913027113042,310.64943867122156,0.010000000006685382,,,,,
idpsam,SASDTR5,100,0,3.765198354822901,3.9877946941710887,12.003257030905633,11.923712464377417,0.7362828974880848,0.17501343775697675,0.1590670704196587,2.8506436182154387,0.01000000043717909,,,3.60858793798302,3.2609007939432506,3.2609007939432506
idpsam,SASDTS5,100,0,145.99003407778315,151.3646111046261,11.46972928861431,11.427800692483313,0.6907401624463461,0.20009677772223103,0.220846799880662,103.69897336603118,0.010000000630102101,,,,130.00868253851542,130.00868253851542
idpsam,SASDTU2,100,0,414.9124275280796,516.935662619741,11.446895316761568,11.445188832777461,0.7264247157627359,0.17583018428364214,0.17089005036822605,379.9301664170714,0.010000000000040931,,,402.8988291900351,390.6220471359371,390.6220471359371
idpsam,SASDTU7,100,0,158.25050752155963,185.760654208704,11.481677158630275,11.431978024815322,0.6348259582762523,0.1654628579917177,0.17148059996533885,137.42297065874246,0.010000005394356132,,,152.4040879613641,143.8848542160061,143.8848542160061
idpsam,SASDTX8,100,0,17.454482496748273,33.529570794040225,12.928726265367194,12.853907259520817,0.7459881216099156,0.09867737930599689,0.08056461999095249,1.6932660487392028,0.01992320249282268,,0.0368562926815417,12.677313583052861,4.68372708719671,4.68372708719671
idpsam,SASDTY8,100,0,75.12616369645572,126.7915311468097,11.352862574099,11.218551536903664,0.6702043795790757,0.13695836861126,0.12259400765484293,55.443822748445406,0.010000002383671778,,,69.51693927525237,61.05714427272826,61.05714427272826
idpsam,SASDU37,100,0,314.36152359046775,314.24555811082007,13.45283784407582,13.276464236457713,1.4009311746326834,0.15232426908043603,0.12252978896438789,210.36186757238232,0.010000001407334145,,,,,
idpsam,SASDU52,100,0,170.8757138116447,224.3783996186935,11.251927546896505,11.185295218672772,0.4461374176831612,0.21257006131550815,0.19675723086155267,142.0356208682988,0.010000026580558643,,,,154.31733224213292,154.31733224213292
idpsam,SASDU63,100,0,202.30636677077197,215.50265667673577,13.116404900289742,12.862351587905291,1.0695825920909137,0.19931552313990705,0.06347826549607098,96.01947831776104,0.010000000398060382,,,,135.78509685061843,135.78509685061843
idpsam,SASDU67,100,0,487.7186751551103,575.0543165999679,12.943419229171353,12.873176756504371,0.9591936968764596,0.18952998949808333,0.2052688931995106,388.7466565595971,0.010000005850835905,,,,,
idpsam,SASDU78,100,0,12324.554779889095,13904.818349924457,10.984855689462675,10.959449457579751,0.554688363589273,0.24922330047885746,0.23786389321846432,10469.96939230987,0.010000000999419308,,,,,
idpsam,SASDUA2,100,0,275.02860165311847,305.8389828215402,12.407369296461125,12.384935213911472,0.779541931014073,0.16406970568164164,0.17356796036640534,133.62423852212524,0.010000000443785429,,,,,
idpsam,SASDUG3,100,0,3859.9330086915325,5183.724961044391,10.966616788879225,10.930552529481734,0.3706023496079478,0.1539342548024514,0.14035011767851166,3298.633300240779,0.010000002559942642,,,,,
idpsam,SASDUH4,100,0,11.774115732948037,12.753173459375168,13.301380944540389,13.181892074953932,1.0323408668556233,0.16449698942314353,0.09576271093441036,3.864332470599765,0.010000000084270514,,,10.017395135667373,7.021499664606357,7.021499664606357
idpsam,SASDUK2,100,0,666.1173862326242,954.7053227859285,11.151448402327947,11.15248016481122,0.4536445161892093,0.1840477042751928,0.17936645312547994,571.4300734900901,0.010000002313599819,,,642.0648779053681,620.4745912003924,620.4745912003924
idpsam,SASDUL2,100,0,717.2614081414954,847.0731912725128,11.346369574735812,11.314429198762197,0.5020863640220519,0.1785993446227985,0.15310660511006186,507.92942233883673,0.010000000001314555,,,,,
idpsam,SASDUL9,100,0,649.6576592595965,675.3631871509854,13.61771168998351,13.543850139053484,0.7027043929944874,0.225849016975768,0.04092501390653506,253.55291216022238,0.019361203963000218,,,,,
idpsam,SASDUR3,100,0,132.99045374003555,150.29481967074935,13.313907535912747,13.25520902823255,0.8893914787550159,0.061998976385843174,0.03662136891908584,59.63760982221963,0.010000000170644063,,,,79.23972171690176,79.23972171690176
idpsam,SASDUS9,100,0,111.32534619270784,135.4852989998412,10.79273498577396,10.69393926801111,0.809421116697413,0.1637015844400277,0.2069755246234412,83.1577642141247,0.010000001413135071,,,105.9673022481976,94.4114094055112,94.4114094055112
idpsam,SASDUW6,100,0,570.1646777377032,754.8535685479675,11.51648889575831,11.450060284145861,0.7160565275738104,0.14277843153796346,0.1429028143879981,440.1249045560139,0.0100000008994161,,,,,
idpsam,SASDUX6,100,0,67.84353559376031,91.92129412981285,11.931503999172211,11.88266795057212,0.7483354404737241,0.14205998304274314,0.14488184681724253,40.860719825830316,0.010000000669475493,,,,52.467242671673375,52.467242671673375
idpsam,SASDV46,100,0,83.01786604477714,86.49133241401303,11.935317052217819,11.90846299638243,1.0101264927791007,0.0930568823966163,0.07001892440185499,53.903636126355565,0.01000000004017177,,,75.38525094896471,69.15241737533717,69.15241737533717
idpsam,SASDV64,100,0,140.59033687567324,170.4287838928431,11.717683381536737,11.622919514525584,0.6590515661697847,0.197670150096821,0.1669070974609204,107.56225655058861,0.010000002325530326,,,129.19629189485985,115.5716780291739,115.5716780291739
idpsam,SASDV74,100,0,2.337090746017779,2.6724888293528055,13.791254754611172,13.745977111728996,0.6532955367489723,0.05009767568903245,0.03232836316452157,1.0583614681383648,0.026924658315449455,,0.9100149565813167,1.3833227290980303,1.098130742299211,1.098130742299211
idpsam,SASDVA8,100,0,45.56840005086982,54.399986255232506,12.025380447907585,12.017552662712983,0.8579388884322761,0.1305638297207235,0.11928809533148543,31.643281502107317,0.01000000023842245,,,41.30075648194719,38.847323323684314,38.847323323684314
idpsam,SASDVK2,100,0,117.22746179191688,133.81092665829263,12.561363114854252,12.503419800801048,0.5859903210954229,0.1682121446540013,0.15926335188296428,79.91937233389861,0.010000001571505667,,,103.50608502004503,88.52929469782993,88.52929469782993
idpsam,SASDVL5,100,0,136.4223053775016,184.2835614715113,13.393146186525183,13.420952103693283,0.45842379866237515,0.06832574348561382,0.057082250531295675,99.70288759134031,0.010000000754132201,,,125.80486384809838,118.96117665549322,118.96117665549322
idpsam,SASDVL7,100,0,177.61766048093276,197.5240841679716,13.159337823800977,13.130868944119818,1.1809352270297246,0.1896857931519228,0.03860749267971899,57.74484149745345,0.016706604741290165,,,,95.2887794205064,95.2887794205064
idpsam,SASDVN2,100,0,32.75640165855042,34.47768880208805,11.422350675737666,11.376620189188063,0.6107259620842616,0.12744865439525896,0.13118430886376983,19.043425223575163,0.010000000735385949,,,28.907943852592755,25.748718907915194,25.748718907915194
idpsam,SASDVQ7,100,0,101.59338895146008,103.66623656793257,12.013370291486842,11.909594851052425,0.7413821962618581,0.1799914598865846,0.2027198724239006,80.47876538140768,0.010000000072096449,,,96.95540819138382,92.67052543628442,92.67052543628442
idpsam,SASDVR6,100,0,333.8749883815481,429.3211802275564,11.184024258685243,11.156701506393812,0.5318247589561711,0.16367061074391995,0.15449240948271845,288.5814561583396,0.010000023223058803,,,,,
idpsam,SASDVT4,100,0,17.62374677978309,18.330387602599025,11.192920654878781,11.143114245849585,0.49226371799890956,0.14821448103846593,0.16207765772779073,15.405055565536502,0.010000002959197946,,,17.17441743582964,16.325845922397924,16.325845922397924
idpsam,SASDVT5,100,0,371.39746402306076,433.5678557910538,11.011633375238933,10.938438729236372,0.5536061743635976,0.1930650389318415,0.18047358554388432,316.0492754824789,0.010000004187641487,,,,331.04524348093946,331.04524348093946
idpsam,SASDVV6,100,0,47.03360305006984,84.15212281349467,14.510987145064195,14.258442447088793,1.5152561901031678,0.05166031916351888,0.031409269247661235,13.649712291607738,0.019739667849041673,,,,30.11370633249844,30.11370633249844
idpsam,SASDVX6,100,0,248.45874731761407,264.0697886874198,11.943229741104357,11.898087838760894,0.7216502124117685,0.1756751329457058,0.1350884614081738,178.6198089183635,0.010000000715428616,,,,209.5867847537528,209.5867847537528
idpsam,SASDVZ8,100,0,629.8235930141811,903.6690988231124,12.000492684990466,11.880497995033132,0.8422592601570038,0.09295011575394499,0.09603061792554586,203.23193725987932,0.010000000261475208,,,,,
idpsam,SASDWA3,100,0,972.7475522276424,1117.8573092315798,10.699702468349583,10.650776954072894,0.4335788894235577,0.15061599678590912,0.13724666996077922,834.5949443302054,0.010000022696045129,,,927.682124254257,866.9494485729281,866.9494485729281
idpsam,SASDWG9,100,0,18.6093671070056,23.12803347473682,13.537794425126686,13.45306369281523,1.2114708816179345,0.18983321957923135,0.043465630654332926,0.9474565740448893,0.010000000257377732,0.013306659886382233,0.03579998432941781,10.193909422094187,3.1560547433536352,3.1560547433536352
idpsam,SASDXK3,100,0,13115.172889760795,13581.501596312546,10.827488676280009,10.778213266884109,0.5253431991883382,0.2519690337271236,0.25507602332643553,11101.43009725983,0.010000001410850747,,,,,
peptron,SASDA25,100,0,1.557167856009238,1.5642587121373266,18.641376573939745,18.585813308057382,0.4952760525337965,0.01569970507695282,0.01468906680296304,1.176308134209276,0.019184872830804448,,0.9999787639167185,1.4141142090837178,1.283746124348351,1.283746124348351
peptron,SASDA37,100,0,3.323531284446918,3.3285013396253307,48.02489154635753,48.0259327998916,0.6931413793183623,0.017652952552893612,0.016230393900448798,2.7233880040895664,0.010000000334670118,,,3.1730118827642135,3.0416256607976138,3.0416256607976138
peptron,SASDA46,100,0,21.10754910887453,26.41836105454389,21.81639896527591,21.303989940495228,1.8470075710928562,0.036509202235464715,0.012371690701959492,1.2933800344193715,0.021726674996418484,,0.09559550679684094,10.317891795510059,2.0683250183363904,2.0683250183363904
peptron,SASDA47,100,0,3.6923573477991276,3.7009870816650934,76.49223591566215,76.55127863638738,0.510325615286277,0.01180854944651428,0.010285900391815376,2.6298301654964646,0.010000000044529958,,,3.5303656104447136,3.140714687251379,3.140714687251379
peptron,SASDA57,100,0,4.934560991554002,4.948732261081144,88.0548305977688,88.70621081498983,1.8795277825353196,0.016187346031333476,0.013077801117564567,1.9011340485812958,0.027929883016212232,,0.05551365760594317,2.7970877529938343,2.147335388984089,2.147335388984089
peptron,SASDA96,100,0,0.9453492827074266,0.9451759849976262,15.179451639680805,15.182069781130489,0.029527766145690748,0.035907460098510986,0.03483978619578425,0.9373662624844432,0.01989064948703673,0.9999999858255393,0.9999999858255393,0.9426332798502414,0.938791724258947,0.938791724258947
peptron,SASDAB4,100,0,48.67307071542301,50.013641289901685,29.459632297234567,29.454403353241702,2.591063742321353,0.04557320041162262,0.04052364678293602,5.400751919470287,0.03064621329636854,,,20.7941262928527,8.428987931124778,8.428987931124778
peptron,SASDAB5,100,0,41.65711004361152,61.461821815157826,26.372456608474383,26.30258304741888,1.2415239330824264,0.021860691187876573,0.00781548331199768,2.449957249323229,0.04620510215507181,,,26.885545938034966,6.9231541173035245,6.9231541173035245
peptron,SASDAE6,100,0,20.90691826568068,23.067273883629657,23.346383973775133,22.95271171034328,2.061722485679251,0.024262681973460768,0.025655130311592812,2.9666563729830324,0.02492155126554106,,,11.357968355052881,6.0531053582739665,6.0531053582739665
peptron,SASDAG6,100,0,8.56840505278896,12.213535314030668,24.89705085976706,24.646713117919578,2.418892343918479,0.051903375667358954,0.04184307955130511,5.018143104074973,0.027495300098441797,,,7.553285086317079,6.1380940156404975,6.1380940156404975
peptron,SASDAG8,100,0,15.319045432908576,15.386496726744374,21.590544870707312,21.67354963782179,1.1014369747016275,0.008903101816324727,0.003397931647301197,1.7271810443390623,0.02820014631979388,,0.04809392532955983,6.671233337572493,2.953211264799139,2.953211264799139
peptron,SASDAH4,100,0,4.188397929922436,18.07123394876992,26.49760415805095,26.49658809121845,0.28522345350305045,0.018522959966852263,0.015103333414455813,2.76232142788456,0.019818229762766985,,,3.640491401741182,3.1087853579540665,3.1087853579540665
peptron,SASDAJ5,100,0,2.666159604270872,2.9840230680176956,22.762093504193874,22.76572609898907,0.07007657554107993,0.014144343098324134,0.013667304060515934,2.1546484503228416,0.01988354064156422,,,2.4671425573758925,2.358523068184516,2.358523068184516
peptron,SASDAK2,100,0,2.005757230843906,2.013856184001637,16.5103013347313,16.506938314536114,0.05045640099618964,0.01107945819369314,0.010478961041713837,1.6521323608562943,0.020587094157758865,,0.9990939934341894,1.8373175601808898,1.7125450190543527,1.7125450190543527
peptron,SASDAN2,100,0,6.965247634429805,8.637137906180236,18.121846910717277,18.30156358787427,0.7976016557079042,0.010789914165026877,0.007320260625121981,1.5643972903207928,0.04226101839455523,,0.06267984909081202,4.16005393757063,2.137810484462887,2.137810484462887
peptron,SASDAQ2,100,0,1.084955068208653,1.0846146971965172,13.054707078961549,13.053019082152897,0.08730063702267188,0.016108858771990413,0.015977327067298663,1.0621341042067072,0.01989272587437341,,0.9999993036318168,1.0753732310551198,1.0655740246449321,1.0655740246449321
peptron,SASDAR3,100,0,22.943607532778714,25.34557532909501,17.953215965212372,17.963734667620365,0.3466537281270128,0.050165608628959774,0.03054197939413018,8.349230307866085,0.010000000001133737,,,20.108304593324707,17.452870523099957,17.452870523099957
peptron,SASDAS6,100,0,5.795919163785847,9.83192627012209,36.603000078682584,36.60733244317686,0.16918626854982932,0.013484608160473085,0.012034599141497286,3.546381295158649,0.01998712362646575,,,4.950315188447025,4.465437078980354,4.465437078980354
peptron,SASDAT3,100,0,30.873186846394574,32.17398329317662,23.35611616098448,23.458723011785448,0.7743888427504046,0.041096366846885765,0.049772939500105313,13.499057183170777,0.01000000010376273,,,25.630143505431764,19.64972598172644,19.64972598172644
peptron,SASDAT4,100,0,21.759393401647472,29.261785835646005,24.82456786168774,24.25022340985395,1.7660423132957987,0.01835585139159654,0.011969371313636085,1.464105086711144,0.014792853348750072,,0.055993514894487555,12.491182535917861,3.167195110177018,3.167195110177018
peptron,SASDAW6,100,0,4.390673791361298,4.720232227781585,16.875376629336017,16.83559510610499,0.7114773220843134,0.032625859518585446,0.029468699812862893,1.1102939936428875,0.01882227402243517,,0.42494280438570625,2.0425915593723323,1.1810360984352677,1.1810360984352677
peptron,SASDAX6,100,0,2.3315550980761963,3.70438267314174,14.978306072992643,14.968516511259583,0.05902790630516286,0.032961764572911535,0.031001758966450445,1.2592406755002885,0.010000000245053904,,0.313570837286755,2.144941660015829,1.964452079413619,1.964452079413619
peptron,SASDAY4,100,0,233.0321496635686,232.71203643327544,29.565571000001285,29.44863350602005,2.5072894897174898,0.022822530235193254,0.006807569131401273,26.337118953334745,0.03505102458575521,,,,49.590182491901544,49.590182491901544
peptron,SASDAZ4,100,0,4.50326988035585,5.073492031894406,24.011619887879025,23.434865573994614,1.6611564393687068,0.02910680839859001,0.019974214764824742,1.0141513866768899,0.02214670179713824,,0.4078382373044498,2.011650961628144,1.191712762691735,1.191712762691735
peptron,SASDB26,100,0,19.41035209865439,19.438153117782324,56.53212067529086,56.544105742241214,0.49985798496677347,0.02342778111584444,0.02144514079133741,16.375890290469556,0.0261933989692616,,,18.447709539359767,17.269072012442933,17.269072012442933
peptron,SASDB43,100,0,7.1106952509323245,7.474291725490178,30.21079309673935,30.20833328588499,0.3258530265355226,0.01663551811251565,0.01377513143116244,1.7071598112716366,0.02990728347043901,,0.04575728012800519,5.434976587517247,2.658341750667011,2.658341750667011
peptron,SASDB53,100,0,127.32456907881439,166.79081630314315,39.337378083536755,39.35609783995251,0.41526026943731864,0.01483134658009776,0.008187882605833911,35.508365228874034,0.013993578970220124,,,,72.54788162669321,72.54788162669321
peptron,SASDB64,100,0,5.170928905644712,5.191903033990973,34.45628734025721,33.83967371494952,3.523062625460234,0.0210066534482067,0.018254708152837796,1.2111413883741298,0.03787583616620379,,0.29566246870427126,2.557491908605937,1.4123991843183858,1.4123991843183858
peptron,SASDB76,100,0,3.4262652599653136,3.693740891986258,35.18281354532945,35.17777169481673,0.3725632909127654,0.015417857057296706,0.013619346277451707,2.337265268064438,0.01769605529733656,,,3.0916486277383344,2.6924321887593354,2.6924321887593354
peptron,SASDB84,100,0,4.74497435388595,4.755170261163364,16.174914684695494,16.165570368289664,0.08947363212963566,0.02085429591317145,0.018704868661874163,3.2019479379370956,0.010000000189703777,,,4.395682794117265,4.122329426222916,4.122329426222916
peptron,SASDB85,100,0,1.739509940274443,1.8287303909065515,16.29169563094073,16.27684022367724,0.11162739154877954,0.05325443623983925,0.04637624570324058,1.3530010212889219,0.017524724749084303,,0.9999926519705729,1.655488949941929,1.4942367756679074,1.4942367756679074
peptron,SASDB93,100,0,18.154507671574006,19.898097379904954,55.76062304725515,55.783388189559886,0.35207370747807687,0.02919630896426836,0.027634925482070055,16.695732272149776,0.01106803005380368,,,17.79153445372776,16.917064049210943,16.917064049210943
peptron,SASDBB3,100,0,2.942293456982693,3.056112534647721,21.044288511694162,21.081479770207217,0.27725934882131753,0.003170737542203688,0.002587653582184682,1.544035440514148,0.01694526781865717,,0.2761625535187766,2.358525663600651,1.8130734317540451,1.8130734317540451
peptron,SASDBB9,100,0,21.754672748813157,21.727772481417325,32.75407055470436,32.636315172714994,1.1653198460092113,0.04332010636505302,0.028165441849314438,2.695148251593756,0.01774441319455766,,,16.475182263910096,8.773047343356243,8.773047343356243
peptron,SASDBC7,100,0,1.6643865864259182,3.9300689096055303,28.332877099762282,27.956163043142915,2.637721473021916,0.04860018270742661,0.05069003599940349,0.934338566904054,0.03723596235812154,0.1965249098135345,0.9980556756628443,1.141880793589658,0.9440435171064354,0.9440435171064354
peptron,SASDBD4,100,0,4.025415106551356,4.025141603720513,42.028711639537626,42.016897917173154,0.2459182037998886,0.014030818330960232,0.01397564869374595,3.3364966843006973,0.010000003858931149,,,3.8301602731231017,3.5420985479692084,3.5420985479692084
peptron,SASDBD9,100,0,1.5520478794127872,1.7347089281085906,24.40620291825326,24.99985860896173,4.7057729435415965,0.017241387577770054,0.015735593284161038,0.9346261028780716,0.06001867269820851,0.7514077776867975,0.9985737232239644,0.9541904272420234,0.9374852040151189,0.9374852040151189
peptron,SASDBG3,100,0,20.869159182069456,22.685368833897268,28.101950073875198,28.044496392382072,1.6183353658915571,0.025413804610337546,0.020144433155209703,10.244499320407726,0.01177473314252667,,,14.5527901066228,10.93282067795874,10.93282067795874
peptron,SASDBG6,100,0,1.2463033690904046,1.2884253452003875,23.20377255751958,23.308343163842096,3.3004457222494636,0.03284660167546673,0.03198033922197374,1.091731392211794,0.03033143869547745,,0.9999873755312275,1.151861311081231,1.1056000056340227,1.1056000056340227
peptron,SASDBK6,100,0,13.61216795514765,13.989749567951813,17.254955813358862,17.199986170604873,0.33761277793707833,0.03402201855305371,0.029520067558780345,1.259629965153838,0.027193208683578,,0.05599182087530548,9.708286243464473,4.162084246429547,4.162084246429547
peptron,SASDBM9,100,0,1.3046886282490906,1.3021474286292731,19.28724868210003,19.26482894151891,0.19423803596299294,0.06908279463433875,0.0654156974514356,1.1197362911455848,0.010000005916245041,,0.9999963229795551,1.2594713410686142,1.1876200790968687,1.1876200790968687
peptron,SASDBN2,100,0,2.1195621451689366,2.1650480938355936,19.192789026589676,19.030326565372555,1.0409968973887338,0.01944084328309264,0.013764826135856187,0.9788760107304453,0.06739705776819706,0.08614453725932339,0.9823616618581557,1.3014059129627404,1.006342268747645,1.006342268747645
peptron,SASDBN3,100,0,17.903415452460102,64.64607586530076,29.04193974305804,29.148762912095023,2.352373696364669,0.015780106473806396,0.0055895304390368985,0.8267610458681077,0.0377416988502327,0.09928925421934574,0.17955973938355943,6.879115936039073,1.1046616819061144,1.1046616819061144
peptron,SASDBP2,100,0,26.989688149117534,27.92602690261425,20.836666994223364,20.527123062201795,0.7812388833745985,0.056941035384457675,0.023022889855876,3.642068858611862,0.014111155156702415,,,21.66939690962998,13.350170852332049,13.350170852332049
peptron,SASDBP4,100,0,10.170474337870733,10.86435495608463,20.385465290394094,20.324529458401308,0.31763349188615564,0.04009160864611237,0.024954337705072337,2.045762944834748,0.03027212999663593,,,6.551071904854624,2.6458469385419763,2.6458469385419763
peptron,SASDBP9,100,0,3.5087053547252873,3.5228736286269564,41.65994705907689,41.355849541349656,6.484475846040965,0.03795559957979735,0.03437867292985174,0.9932445134963933,0.08068266378482747,0.37923710900027885,0.8179815050021851,1.0234153090390485,0.9936513766228874,0.9936513766228874
peptron,SASDBQ3,100,0,2.7576364956936885,2.8103913227180493,20.573697918283898,19.954052180458945,2.7043191914229325,0.02912156128168992,0.016821804499242865,1.002075092077087,0.05492999057745495,,0.8994762963901113,1.1960178063147835,1.0111082825046753,1.0111082825046753
peptron,SASDBR4,100,0,143.49922334324768,152.41861164882533,28.107123695361253,27.42585886112509,2.8238411600500335,0.0305362140484288,0.013521631185394265,4.955146978744392,0.036317181988953645,,,,6.124835025402765,6.124835025402765
peptron,SASDBT2,100,0,3.4474144606794814,5.702363298139971,17.645167981244597,17.637201269375957,0.06500875260638139,0.018021957199306004,0.017702715234340888,2.689181007273796,0.010000000829845115,,,3.162250670897855,3.0094640310185254,3.0094640310185254
peptron,SASDBU7,100,0,6.692893126440129,7.217309573783075,24.845176937933445,24.762901832488094,0.8942796265673678,0.0361573321020729,0.018418973314720245,1.172564200060034,0.04152398812170343,,0.5251949864759302,1.7952361077312184,1.2051185828842035,1.2051185828842035
peptron,SASDBV9,100,0,2.4055645259164327,2.4178335204652543,18.016502550099847,18.06806925367875,0.6907184359235536,0.013726029930984396,0.009034520454854646,1.098571217333256,0.036652189019873556,,0.8548192749750027,1.476791818608073,1.1304623421851299,1.1304623421851299
peptron,SASDBW2,100,0,86.48165041136073,104.16354152984573,19.989848218541,19.85682687460433,0.5233905740658145,0.03312825964621236,0.008520345230055987,3.2349379692189815,0.01567164916123631,,,,25.637578436603793,25.637578436603793
peptron,SASDBW3,100,0,1.405425969183259,1.4180522981176757,24.33440146019652,24.274208093731687,0.6360161493192322,0.05063754173098005,0.04368347906965724,1.036012898713244,0.019449258966571827,,0.9996915904630977,1.233009019345407,1.1207410639584583,1.1207410639584583
peptron,SASDBW9,100,0,1.5931082034449355,1.5919404338797327,26.337448099474383,26.29745289336531,0.6952408290542564,0.010925566639570367,0.009382668416972922,1.137186045298436,0.04049069156279981,,0.9999547736404562,1.341927387712581,1.168899907399627,1.168899907399627
peptron,SASDBX2,100,0,2109.513191042919,2397.6234164690554,24.986841791871424,24.714142285267354,0.67085926417057,0.06804104059187552,0.013606753279271787,99.52574552781125,0.011392154038030657,,,,,
peptron,SASDBX9,100,0,29.66575724824485,36.13655135860034,17.388768155207583,17.256464228130024,0.9443352001930698,0.0886031207701426,0.06619696744371253,12.788109962344603,0.010000000260364923,,,27.242278365734094,20.728170294674268,20.728170294674268
peptron,SASDBY5,100,0,20.6197256637869,20.71411934772456,37.690671676777676,36.198445424374185,6.558435885858039,0.02791030473416285,0.028879896150102915,1.0963218469661205,0.046579305965169814,,0.19238490072119074,7.8986942188745735,1.1615446374409781,1.1615446374409781
peptron,SASDBY9,100,0,5.797967927107471,5.82340725408781,29.111670602745107,29.133617820409533,0.5937509685672921,0.014455002340280725,0.010520031827395106,2.8484922827519132,0.016380976483490222,,,4.734114524417827,3.3530263792084463,3.3530263792084463
peptron,SASDBZ6,100,0,2.027994398519928,2.059751884189004,39.56206577081681,39.219628498877924,6.844950937326217,0.058505591028809485,0.04682859586205745,1.0697916029311354,0.029327492477714833,,0.9979551095305618,1.597815767872592,1.132980641032466,1.132980641032466
peptron,SASDBZ9,100,0,13.787788771187122,16.432234877800866,48.744780176955224,48.7683205182653,0.3542494155844693,0.013624482455723286,0.012447379046975486,10.83897785895383,0.010000000618853111,,,12.896624888043107,11.864430753027378,11.864430753027378
peptron,SASDC23,100,0,3.8100263393826035,4.166467924679869,25.36327108411176,24.89505922144267,1.9320893168081419,0.034170612111809294,0.03550980207505204,1.0478423449279457,0.0292182771679015,,0.3016699864430606,2.4540448243646518,1.529130074059465,1.529130074059465
peptron,SASDC26,100,0,310.9787280972793,371.48175162908063,24.888317289470784,24.391152860494664,1.6517622523696929,0.053016553094493775,0.010395629079966955,14.545429142906057,0.012326287233109192,,,,36.374351645221736,36.374351645221736
peptron,SASDC35,100,0,41.51221511626075,41.65612521066173,34.4598889601799,34.47799724106471,2.239316704906159,0.01626342547500314,0.011194202097613558,3.286002483416865,0.018536066781075503,,,26.52696304591167,12.391892377008658,12.391892377008658
peptron,SASDC36,100,0,1.0348950333529432,1.0341607163728914,21.36805834049581,21.359566018859418,0.15948644837627057,0.03075564450336158,0.02909413365291453,0.9992326350196239,0.02142575307770386,0.030812435471335352,0.999986511414784,1.012332698874393,1.0051238634417452,1.0051238634417452
peptron,SASDC45,100,0,1.5707001069879174,1.8193643251492657,29.518437336761934,29.51647850538938,0.4809937139509479,0.03025415438359251,0.024396843375635472,1.012377232084933,0.02354349191159618,,0.9999635720497803,1.422199937656546,1.097900006614443,1.097900006614443
peptron,SASDC46,100,0,1.0028825135095165,1.0022476539076888,20.469512532405727,20.472086525322144,0.5032347664984336,0.030112667564967537,0.026804054119108398,0.9604633024430611,0.053431233513388056,0.9967943280429055,0.9999637551757762,0.9648022074685096,0.9604917429261678,0.9604917429261678
peptron,SASDC53,100,0,14.612501769248468,14.675011277451137,26.434471241779672,25.75324583568286,5.555570591483576,0.037222456549632084,0.016915309523047845,1.0002241012107849,0.07365350900591305,,0.41719770269011214,2.061736982160929,1.0035486818088835,1.0035486818088835
peptron,SASDC55,100,0,5.084745771232586,5.359832939772091,19.73410738804285,19.758523538748662,0.659025868752714,0.06866230979862438,0.058036791887337326,3.0386453163811913,0.010000000425465132,,,4.563235537254806,3.819314653262542,3.819314653262542
peptron,SASDC62,100,0,7.483907002189064,7.594304109143288,21.664421621974324,21.323063581947906,5.429355728702177,0.06253856104437788,0.04382624065649461,2.1435505734511024,0.018446859933398577,,,5.521272217800712,3.163039260223519,3.163039260223519
peptron,SASDC65,100,0,1.9531769073307945,2.128191500262553,31.44929922816869,30.48889247381539,4.349299870620783,0.04306816207270141,0.03865597519723327,1.0609385705257446,0.05142192074743619,,0.9997881704942422,1.2654624842240403,1.0721105650418044,1.0721105650418044
peptron,SASDC88,100,0,1.0127499351813132,1.0156179090809012,17.134206319549534,17.10848426268094,0.5248914775004323,0.07130414149498307,0.07131811427129717,0.9957086708851491,0.02800817555117484,0.2158381432477904,0.9999973448016606,1.0031639570163355,0.9972374106968342,0.9972374106968342
peptron,SASDCA6,100,0,1.1567155740564687,1.1753903095200757,15.298890328380569,15.233710672928982,1.1954128424830408,0.027277906046990985,0.02134848598184944,1.009320020890682,0.029261365433973424,,0.9999872651963295,1.0640153585223155,1.0221891893381363,1.0221891893381363
peptron,SASDCD3,100,0,15.054293412772246,15.94563860799309,29.006050136404827,28.813742432179076,4.990051711527947,0.009363129796897419,0.004810393575259244,0.9601682934619797,0.04363596991958337,0.40105975065060684,0.6946680685572391,1.1113729340432799,0.9608214318701678,0.9608214318701678
peptron,SASDCD6,100,0,4.821136184131547,5.006768116480175,26.658976407658585,26.913643166211777,1.6940606330554537,0.023721296636057914,0.02016649658043057,1.8904432368172384,0.010000000563905227,,0.02905518328665825,3.9536976065888783,2.5120632298184566,2.5120632298184566
peptron,SASDCG6,100,0,2.6139476255288656,2.6853093894208997,17.560824977996024,17.520441507953734,0.18301453216624708,0.022988098102780033,0.022709198054388712,1.262550463810815,0.026369081569725797,,0.29579807665373964,2.0194921976641442,1.564357806254186,1.564357806254186
peptron,SASDCH7,100,0,1.6160643599555844,6.817245805375978,16.649888138925625,16.638673943973366,0.11177141723524997,0.02586767196045807,0.02740056339661255,1.508817008634457,0.040814858123888735,,0.9999979951432268,1.5589504604947424,1.527975745796213,1.527975745796213
peptron,SASDCJ6,100,0,5.134517337649838,5.609419456331992,21.148051046990687,21.117412307095723,0.1242483177990863,0.026566009142912288,0.027394237363745255,2.102293832813807,0.013549988062105096,,,4.633161514291296,3.5637069153553385,3.5637069153553385
peptron,SASDCK3,100,0,2.664630666124908,2.947770233036259,26.002184738837848,25.995094846588458,0.24338543000057555,0.0340500178831661,0.028949038884563554,1.7277043598200006,0.01625093078726013,,0.09247745511624529,2.3908150730397666,2.0676501889072068,2.0676501889072068
peptron,SASDCK6,100,0,3.9111607222608606,4.1366144612248945,29.51087590054107,29.500078156764346,0.5948101341045415,0.05388691531659761,0.04242944650263104,1.8441107178298677,0.010000007684336771,,0.019593779104210438,3.300430481621767,2.8909752334928602,2.8909752334928602
peptron,SASDCK7,100,0,13.135703104296635,15.352645541750382,26.307628996083,26.238721127169633,0.367059716796593,0.023343129735569457,0.004774098734711224,2.81285320898573,0.01839671860756069,,,8.313766146506596,4.270955817714605,4.270955817714605
peptron,SASDCK9,100,0,89.87065970616185,95.34525763996493,23.667915778080108,23.49909334554921,0.7654285158641052,0.04532893302731967,0.020790462578503525,2.4929612711153504,0.014045988217333237,,,,14.39066272730122,14.39066272730122
peptron,SASDCL2,100,0,5.864147217408018,6.425313237039891,22.043299809377245,21.755995400100026,1.5952696315501385,0.03986826267367215,0.03201496187473538,2.400770534222812,0.0256048387281649,,,3.314313258009576,2.741580051103027,2.741580051103027
peptron,SASDCM6,100,0,1.6528276196115461,1.705145023666473,24.090339650356224,24.002259476174107,0.5891854372344909,0.050506156472839424,0.04380563979856691,1.3124401806802501,0.01879968954493778,,0.9998570893754871,1.4988741795771345,1.3282676785084122,1.3282676785084122
peptron,SASDCN9,100,0,1.4852919998668042,1.5439356388718466,26.6355925113002,26.62468060523428,0.5865057097106217,0.025020070226299016,0.024838794777396395,1.1333224649662514,0.017820174461854167,,0.9996382600904689,1.3194177965370433,1.178502897717813,1.178502897717813
peptron,SASDCP5,100,0,4.668104314473257,15.022306040399396,20.059280076554877,19.733954570822902,1.7008596547037946,0.024299154016210186,0.024777648198456098,1.0138241576498745,0.07752534831882689,,0.7394788339873868,1.1736893576324243,1.0150522152157089,1.0150522152157089
peptron,SASDCP8,100,0,42.011451134799394,48.64302454430223,20.77616200789067,20.59215203794922,1.4022467539576162,0.01748779925166345,0.007899469727923289,2.3415192516245007,0.017160857877452192,,,14.668146401506096,3.0095668929219044,3.0095668929219044
peptron,SASDCU2,100,0,30.536995762504475,31.716529838932487,30.270283067064675,29.370147366750192,3.3486431004222545,0.05185672473001392,0.03092281466746171,2.9316358179091124,0.023024788235692616,,,23.570590433290267,7.493399840816256,7.493399840816256
peptron,SASDCU8,100,0,1.0264723695053866,1.0260999176857841,21.233514494719845,21.201906987684062,0.04490379874256334,0.05588575839517848,0.053191309422428744,1.014466673401133,0.010000036000258943,,0.999999941923049,1.0239667296303692,1.0195916780995917,1.0195916780995917
peptron,SASDCV7,100,0,92.04420635844066,93.20105010087283,37.90425037362462,35.995797294674574,5.836509813024328,0.08121874831653743,0.02073718923975435,5.048082987921592,0.02810292639729791,,,37.16027037568632,11.403090537919134,11.403090537919134
peptron,SASDCY4,100,0,1508.1188948284098,1541.2989329734428,43.36497470318542,42.22266317922229,5.695376053837116,0.051146276689388405,0.004936847015176801,6.274787678911921,0.04584523544466391,,,,,
peptron,SASDCY9,100,0,1.613269274489178,1.6853442232661038,23.604800343567195,23.775045938926407,4.518529726310895,0.03597681280808835,0.030315846415696405,0.9833710941643722,0.11522854022957016,0.7274778706076512,0.9975919014041834,0.9871000081124884,0.9833710941643722,0.9833710941643722
peptron,SASDD32,100,0,5.020998189604156,7.187971716787864,25.780940589562686,25.74974748847393,0.2135868846873521,0.03248632060141181,0.03028037019723721,2.8336833996329887,0.010000000448755592,,,4.52382144440476,4.1086067421341665,4.1086067421341665
peptron,SASDD43,100,0,2.7017933261877465,3.112109125728769,17.18820745276385,17.177209184685395,0.08613165591992811,0.03140322659489474,0.0258064285921867,1.5945283526634915,0.010000001615924025,,0.09876063165366505,2.2797789653626155,2.063174144374264,2.063174144374264
peptron,SASDD76,100,0,4.659061114408707,4.913255545040027,23.10473640663912,22.768700767774284,0.9093282813426633,0.03516430869110153,0.0316595307167801,0.9874565108219207,0.0419432329051497,0.0648623105101766,0.2636468464889096,2.7952160219929456,1.085165589941023,1.085165589941023
peptron,SASDD85,100,0,37.82467505565632,46.52184009285704,31.282654527254895,30.600745930370977,2.818401317753249,0.041467499665546824,0.018672166317726745,1.134606126343264,0.05794848342784742,,0.07904392715319478,,3.924235959442664,3.924235959442664
peptron,SASDD88,100,0,3.724580274886361,6.171661772628143,14.065465157371111,14.026738114311996,0.46161123613362953,0.09263475459296876,0.09391983152579318,2.473673138471179,0.011705191758563492,,,3.4563741923269444,2.954989081329603,2.954989081329603
peptron,SASDD95,100,0,38.09024407340095,38.308218070416515,27.095806829590998,27.06473942527419,1.1834192544013824,0.031390377588372494,0.03367296650487816,7.768087271508107,0.028388546568056977,,,23.700172398371816,12.040678215926986,12.040678215926986
peptron,SASDDD8,100,0,32.397134279454725,34.37087314828336,21.008928580012913,20.92330135190493,0.2745933079881979,0.06440344544431285,0.04889853971927625,10.746566758939743,0.010000000158181312,,,26.366429960480712,21.931334567546234,21.931334567546234
peptron,SASDDD9,100,0,8.450484703574851,8.633254984074883,17.345872684128135,17.083193281537614,0.6471482246008904,0.028829329985491182,0.017732371788641694,1.046092174816736,0.02172070681062136,,0.17049875362463543,3.194858229788336,1.5568284591559192,1.5568284591559192
peptron,SASDDE3,100,0,52.6232459287319,55.65614604309556,17.093455267023185,16.74092441278018,1.146203728309473,0.04250845464171565,0.011728140975381331,2.2635228041191398,0.03425008920153419,,,,4.614064170446266,4.614064170446266
peptron,SASDDE7,100,0,4.158301488698961,4.503723310434173,20.12138594818596,19.9103890971148,0.7838307875025876,0.04895662677705578,0.04211977796280127,1.403341990015855,0.015876909874098646,,0.099302223179425,2.9575952799517085,2.421655205325658,2.421655205325658
peptron,SASDDE8,100,0,3.7287632830219604,3.7276295456675195,25.25534904931971,25.180587135736957,2.252418708173593,0.02347472570973485,0.01321795114352014,1.014507782254467,0.02597559841357925,,0.44714402447253543,2.459761565256658,1.2078052085684796,1.2078052085684796
peptron,SASDDF5,100,0,1.8871968660999852,1.9428484148446865,21.226601358118483,21.2175204534892,0.15190294963837303,0.021169991886827257,0.018764828376705355,1.2056773215222727,0.01986244182859746,,0.9981223086613152,1.4590918038956326,1.253362067628817,1.253362067628817
peptron,SASDDF6,100,0,303.7714935386867,352.3950181075253,33.43506439251914,33.240431496268585,4.933938822398375,0.06679927470227434,0.012046280843165141,4.380156900859789,0.04091832206879891,,,,10.593752851883808,10.593752851883808
peptron,SASDDH6,100,0,7.279075977633305,15.413773055191655,19.49611366065376,19.311905171571524,1.2024791401676467,0.04404326760278203,0.028650392256287356,1.1034076624711076,0.03743544023506756,,0.1617995903430373,4.960699751698193,1.262231383678419,1.262231383678419
peptron,SASDDJ2,100,0,1.4955048584428274,1.6046329302496147,12.936590439608127,12.923776231771424,0.11193400895973937,0.009098113101225977,0.007302636942167521,1.1040742355005586,0.013466441579935989,,0.9995288381939615,1.111988988135464,1.1076966257395442,1.1076966257395442
peptron,SASDDK7,100,0,1.8513081292549347,1.9341863339050922,24.57684288865056,24.05090741516507,2.38630950385123,0.018656202758422433,0.015948677103200012,1.001408064843202,0.04747805240359563,,0.9830934930127294,1.0519720703816486,1.0047541032398204,1.0047541032398204
peptron,SASDDL7,100,0,14.217456710130556,14.268407551118372,16.599133149049134,16.569384053131664,0.7449725834366667,0.030792792675899353,0.018274732083800715,3.699096121525451,0.010000000000098612,,,10.191382647630627,6.8126809104477895,6.8126809104477895
peptron,SASDDM6,100,0,16.23866855203266,16.836882846219904,22.752447720037093,22.440085720237512,1.5410945788706734,0.022329434491295822,0.013927130760837679,1.0270553125532418,0.03698735493884839,,0.4015020393565943,3.21889359412516,1.0734367169607932,1.0734367169607932
peptron,SASDDR2,100,0,1.242597886273512,1.4102458603171306,24.613103578805983,24.597516329881465,0.23881365493760143,0.07951283806842957,0.07320950050195218,1.1529533560877796,0.01000001794940933,,0.9999951554134625,1.2143946308375373,1.1798045578199934,1.1798045578199934
peptron,SASDDU2,100,0,2.4390598409797946,2.5215027346529446,24.396994915351762,24.2559265587644,0.5251373701977613,0.027980260993874004,0.022115345444103547,1.0386956025037577,0.02080927002350344,,0.91736354828914,1.3296962746547836,1.0765419422612876,1.0765419422612876
peptron,SASDDV2,100,0,1.1162763258781294,1.1153240907190876,23.204134884921327,23.17657292004767,0.2938872816767599,0.04831641539412043,0.04455564622682171,0.9887523962682133,0.025641287075119104,0.0828734430554701,0.9999544209707609,1.0507558960717518,1.0034443818521241,1.0034443818521241
peptron,SASDDX4,100,0,1.3024489468907763,1.3264337848085006,18.300499258758915,18.029444857382316,0.805865374082714,0.04415480404124022,0.0443704877708731,1.1274003882373702,0.05165783120874868,,0.9999827233358936,1.2040447358792548,1.1459442725343512,1.1459442725343512
peptron,SASDE27,100,0,1.3519211050766713,1.3551642775010946,17.737640415871436,17.729249383595153,0.13551065121442463,0.0405792062251042,0.0426044678483561,1.2668321533563631,0.01831365280032402,,0.9999993736589694,1.3211505939862933,1.282553238664449,1.282553238664449
peptron,SASDE34,100,0,1.1160736392400463,1.3135484002868691,15.644711458417326,15.645343727163727,0.04887011346535175,0.05326459584246509,0.05302686157317588,1.0908102310580587,0.01000003127768611,,0.9999997523413601,1.1065743403156623,1.0971223239029617,1.0971223239029617
peptron,SASDE48,100,0,5.671916103969044,6.167650416255461,14.220549574803236,14.220269854808578,0.05843610889035844,0.031282836536783876,0.025272147191900553,3.7462719332187917,0.010000000124378811,,,5.345113818384359,5.034413315675706,5.034413315675706
peptron,SASDE53,100,0,5.573706011570535,5.977093397416043,11.455921674567813,11.422036602716005,0.15133911282016754,0.16815540150137867,0.1864043088436556,4.867106822467037,0.010000003314469067,,,5.481090187115109,5.169760040148133,5.169760040148133
peptron,SASDE59,100,0,4.4567708163649895,4.604645149297951,33.61649890484536,34.073854536592435,1.9343809554933031,0.01584054209553649,0.014042042875756349,1.001944814296309,0.051154052521970465,,0.6529074286440149,1.5353553901020331,1.0049180470830588,1.0049180470830588
peptron,SASDE73,100,0,30.135146064650556,30.922323520924998,13.313741198499578,13.231108403894968,0.4463422069790468,0.14778516484642945,0.09030876018099238,19.220605944770025,0.010000000383037867,,,28.71056605011403,26.959442131989412,26.959442131989412
peptron,SASDE79,100,0,14.941417851290927,15.329582768106789,32.63128763226292,32.708756206948664,2.5280828192285156,0.01753692629501093,0.010200028821796681,1.3223864358021022,0.07602342339279454,,0.17233477230335129,5.737009816417049,1.381016547738403,1.381016547738403
peptron,SASDE93,100,0,46.731118244870714,52.191490308966955,15.468816456291384,15.459180732876991,0.13041981891221432,0.0927058041213977,0.08502822780944959,42.302958334721005,0.010000000006876432,,,46.040955161495575,45.017409199849766,45.017409199849766
peptron,SASDEA9,100,0,1.2153125805455964,1.2152432048462702,29.844548802058565,29.63284657105633,2.3099005016353686,0.01856245638369156,0.020936794261390047,0.9941881948197909,0.035351249222364406,0.1437193905740829,0.9999001809283427,1.0496794380537153,0.9974415213590226,0.9974415213590226
peptron,SASDEB3,100,0,18.75413379109254,18.86255602126676,33.396512487897134,32.38641886085331,5.487671786029193,0.04757272889591654,0.011154607506805945,1.0071197411982606,0.039919459664271274,,0.1542300148269726,8.552741796097452,1.1818517609186112,1.1818517609186112
peptron,SASDEC3,100,0,5.807448936511493,11.536261171059913,37.110090901217376,36.02564888998374,5.722515434812351,0.03861090175670345,0.01988044578417616,1.0505346612260817,0.052120991525936494,,0.39444687330006717,2.4462356952271316,1.105987754046445,1.105987754046445
peptron,SASDEC6,100,0,4.4631889626609285,12.715520583670527,23.415095609100707,23.364396064466895,0.43133745310922933,0.03800390903099766,0.04484211995330459,3.0624825304607035,0.010000000652689175,,,4.169643855574128,3.6557467741843053,3.6557467741843053
peptron,SASDEC9,100,0,28.17565763681532,34.1802666677134,22.73724465101002,22.38968374767783,1.3004034223657115,0.07340520446438252,0.04073731710761065,4.088918378597972,0.020216986598260937,,,15.222650173822288,6.568869913886452,6.568869913886452
peptron,SASDED2,100,0,211.9011426960248,251.26285842533972,37.2486295628451,36.58089034978984,5.9916020773433445,0.07661024065355335,0.02757024381239597,17.198232878401104,0.02760617864946745,,,,34.31134727370213,34.31134727370213
peptron,SASDED9,100,0,10.333680945217493,15.894866590762886,26.406622832460737,26.34115215002553,0.49076030913834856,0.020024373884499166,0.013531511383091934,1.3332796969548282,0.031208622566016354,,0.15661602620725837,4.698527868219731,1.5965023318503946,1.5965023318503946
peptron,SASDEE2,100,0,98.59197291933049,237.88491267576254,35.890144457572156,35.68388849137385,5.00646861856702,0.07991454361103562,0.008362070697091186,0.8195620322424317,0.026283285230588743,0.0343934839971327,0.047691617381183056,59.28808454826008,6.8739077542753515,6.8739077542753515
peptron,SASDEE9,100,0,7.717991317891617,8.05309054444544,20.252323900669623,19.005341368919655,4.672396727363921,0.021043240610297696,0.014372441299065035,0.9816520949188414,0.08226886650914672,0.25885140978802107,0.7374031753575296,1.1848598833491437,0.9816969729904492,0.9816969729904492
peptron,SASDEJ3,100,0,2.5696080932059093,2.5614477993987346,26.22975018600683,25.641839788748065,3.1591105640132966,0.02122801707700818,0.020281237220556688,0.8617287685322038,0.05922101559721505,0.44987855801823523,0.9630305452338547,1.0027212817020732,0.8681782519277447,0.8681782519277447
peptron,SASDEK2,100,0,1.3959528585387107,1.4030919548659695,19.39989265969596,19.64567770522389,3.9031598612575173,0.07224592397469595,0.07308352376023942,0.9840246324082734,0.03368317825036629,0.2873972813884741,0.9977197268856286,1.0690523560967697,0.98631654622403,0.98631654622403
peptron,SASDEK4,100,0,1.1151591201796698,1.1368118655537618,17.104193310882525,17.101925786828268,0.02531369615849144,0.0291430509454678,0.030937689582468546,1.092144734654542,0.018716374412100514,,0.9999999709878459,1.106758882764693,1.1021837378402124,1.1021837378402124
peptron,SASDEK7,100,0,1.0787542698651837,1.1167119303619446,20.717658761062694,20.911448589575983,1.4717876111585397,0.02270313688117839,0.022798646960895196,0.9915512625994367,0.048382641710484994,0.46577690928773047,0.9998732724909383,1.001019290497839,0.9920474507864036,0.9920474507864036
peptron,SASDEL4,100,0,6.686681161695713,7.374448015801516,28.53138117165981,28.342294732490107,0.8475940936354647,0.08161053810376914,0.06743484518782669,2.606670130334469,0.010000000316640582,,,5.495238095661396,4.58002016676614,4.58002016676614
peptron,SASDEL6,100,0,29.066886367307532,41.076638288371754,24.683580559428858,24.675689130541013,0.26901123270543437,0.010241417505057786,0.007048009720213712,4.1971166404210445,0.01841323722828934,,,19.61223677523485,10.863331458445916,10.863331458445916
peptron,SASDEP2,100,0,1.11014115201601,1.109637675133134,25.81096888774953,25.80277454408121,5.068002653944223,0.09662996953706768,0.09534074801316447,0.9998044910014584,0.04681194371216181,0.05512287028370141,0.999874271475864,1.025235677712047,1.0018885637720465,1.0018885637720465
peptron,SASDEQ7,100,0,2.088780899064298,2.2208252475680643,21.835006765590684,21.810677479929172,0.42227408392066934,0.010401731153493472,0.007193575248436782,1.0008057380853,0.053332630435751184,,0.9960345610743611,1.0490776068827496,1.004241306734875,1.004241306734875
peptron,SASDES5,100,0,1.4538247992393536,1.625902807876951,15.007732777661136,15.008168109793235,0.22452554733443542,0.04515742224797609,0.039903240110331514,1.0136245063485603,0.034576541642359404,,0.9995012989442946,1.1710357473736366,1.0404806134934665,1.0404806134934665
peptron,SASDET2,100,0,2.977282802472007,3.035359521785139,30.308184640059917,30.4582275230185,4.625648847898724,0.021623587738696836,0.011975177308757431,1.126343494434605,0.028901842707006017,,0.859486443993858,1.3337762251411107,1.1377177656736117,1.1377177656736117
peptron,SASDET5,100,0,153.90225153207936,158.93628631613967,22.324949271334876,22.182702842444563,0.2844075936907906,0.03592326248692059,0.031897215437848264,70.93636747237781,0.010000000257484466,,,130.5783345070044,112.95951052654817,112.95951052654817
peptron,SASDEW7,100,0,4.914610677720882,5.8020402140777465,19.149181953624947,18.858157947000656,1.5445967403209018,0.03297499347188703,0.030523008492775425,1.0084526461311685,0.025680818532927852,,0.177678751645366,2.6724533577177643,1.2904547129052804,1.2904547129052804
peptron,SASDEX2,100,0,1.6302100747527442,1.629393780477531,33.906380781547604,32.857528807720485,8.88189981445688,0.048522724642989616,0.045144066261297855,1.0326150801005642,0.07434709652512789,,0.9982439116491497,1.1228113008596567,1.0328765538554485,1.0328765538554485
peptron,SASDEX4,100,0,1.776174310106845,1.8765112988976287,26.7755303364324,26.172063681550924,6.104172545101825,0.06759345477462682,0.0787812305698354,0.9887490047794629,0.055362676946214634,0.17703053629283536,0.9990410436439965,1.1489255227544217,0.9889269894369672,0.9889269894369672
peptron,SASDEX6,100,0,8.917069511277058,13.020503433792484,25.242640285984987,25.197936090567406,0.27838460594577796,0.038323049335735625,0.03488536672682188,6.927508302042751,0.010000004746182525,,,8.46348977373182,7.670313550371694,7.670313550371694
peptron,SASDEY9,100,0,6.746780387337964,6.979993884523819,25.628191539855752,25.20921576508689,1.1281090888252479,0.03337595800006469,0.03557300067871818,1.0115576048767354,0.03306703005556138,,0.23922230359324828,3.0121681756785947,1.0727776007140144,1.0727776007140144
peptron,SASDEZ2,100,0,6.945994327988795,6.992243559796505,34.65381769765621,34.42606722233509,6.585382351263746,0.043993514335311915,0.01940568418151061,0.9938208365064349,0.02340897656289627,0.03220661940699142,0.23703719294167624,3.078279118221623,1.2061224508402848,1.2061224508402848
peptron,SASDF27,100,0,5.51317451721465,5.720363011505797,26.492714541644453,25.75131904708521,3.7983941811982973,0.04459352420947539,0.023552963875701518,1.1193930373284733,0.03650910209257205,,0.44857165439807895,2.129058960725373,1.1375454866450805,1.1375454866450805
peptron,SASDF34,100,0,16.985464391183594,18.12398872857153,39.317680081504115,38.24086187223399,5.40674186198212,0.055543700786615136,0.027038027372798368,1.219676115605949,0.03828067308234471,,0.10781721355383919,7.924166619842638,1.7747682249520076,1.7747682249520076
peptron,SASDF37,100,0,6.16611969468483,9.300973834511941,17.200086447313716,17.19112185340802,0.34092785162458483,0.03534902547465206,0.025544113068642564,3.0259646057609664,0.01908136660573618,,,5.038304648434004,3.9522643970459304,3.9522643970459304
peptron,SASDF38,100,0,101.47339437729877,101.84864691976583,23.873076149338015,23.604054044385457,1.895769511408627,0.01598861272511848,0.009747570969293714,7.97690072633728,0.016272490657666294,,,,10.453394314403504,10.453394314403504
peptron,SASDF52,100,0,119.86230513335065,680.6568468131609,23.32458724952416,21.86574988602952,3.996767296627219,0.04530185954626551,0.0077541218539033865,1.571589020643595,0.09249882045107613,,0.14681767263901174,,1.6862173596467003,1.6862173596467003
peptron,SASDF53,100,0,1.5660274656277973,1.7133710008634204,20.41516474261421,20.404352623035244,0.16696472079974,0.024871895685645892,0.021566241326565087,1.0004403688487966,0.015713680652139423,,0.9996756789608823,1.3035915392873583,1.090626266113575,1.090626266113575
peptron,SASDF65,100,0,6.525520022459377,6.532446990228852,30.99397538581466,30.89774432364633,3.204492932962495,0.018331035137617926,0.0155729919927689,1.164878467262309,0.06012891723639312,,0.5310168351910064,1.8586912613660163,1.2042675708250643,1.2042675708250643
peptron,SASDFD3,100,0,6.842602398227163,7.0401918034483835,25.87948297235874,26.267354084533224,2.0139556882160115,0.007307881692352888,0.006083430557498937,0.9104240534637914,0.030945336869065466,0.5148510979289151,0.7577744926517656,0.9933382643181451,0.9141839428553288,0.9141839428553288
peptron,SASDFG8,100,0,1.1670957906208572,1.170172943593431,19.925017714824307,19.878789864621147,0.2689033246582184,0.02443498181155014,0.025307456214404746,1.0034112966306472,0.13439516069791618,,0.9999644569542788,1.0363511045169582,1.0034112966306472,1.0034112966306472
peptron,SASDFJ8,100,0,3.57158530661208,7.285526313251789,19.653194896427124,19.486504589322536,0.2903172819786981,0.026872788548755352,0.023254316995888438,1.067023786076824,0.028456460801415152,,0.3433912777853137,2.049637862947395,1.1551862275837466,1.1551862275837466
peptron,SASDFK8,100,0,21.927624524690618,22.207190767416357,28.426707435647852,27.830579942022872,4.329023509498139,0.022502628947120313,0.008719452296694208,1.0432472168550873,0.0298600569346042,,0.21649880486205197,5.512288159962028,1.297714025033686,1.297714025033686
peptron,SASDFP4,100,0,1.0822217989552498,1.0924561728331141,26.22377300854067,26.194968426917725,0.3607526201646323,0.05017166094454492,0.05220717396658761,1.0445660949299693,0.025675560925760666,,0.9999959087096449,1.0604961612145603,1.0484317259364122,1.0484317259364122
peptron,SASDFP8,100,0,1.1077215068284358,1.1096653951385047,18.305033358628673,18.303118744742214,0.023378758196464844,0.022631041576338485,0.021663774610921206,1.0266142624318186,0.01872768050039028,,0.9999784892742752,1.077561303924065,1.0498000017782851,1.0498000017782851
peptron,SASDFU7,100,0,1.041196353460676,1.0401558042608579,30.467210559163032,30.464143707440705,1.8366860825544329,0.03824649978749958,0.03480012786067152,1.0023879069341333,0.03831912743918662,,0.9999881885657458,1.0140575305655497,1.0035289843141852,1.0035289843141852
peptron,SASDFY7,100,0,1.2047489041571249,1.204111806651711,23.020602372426456,23.002236496338213,0.12838793488645095,0.021876090345971214,0.020696916001331073,1.0595635332235684,0.030437971488950857,,0.9997107994319785,1.1148869201721587,1.0725209076815332,1.0725209076815332
peptron,SASDG45,100,0,9.47108187463655,9.937131028183467,15.812407466289176,15.775446739149828,0.24779245244518577,0.02201705296921952,0.012086023749102493,1.6060273789721093,0.021546121647287954,,0.04715454137059887,5.105733575740054,2.3910961656794227,2.3910961656794227
peptron,SASDGA5,100,0,2.268379678624846,3.3276546034627854,20.792108270089418,20.79098883705675,0.1595907426329788,0.04323984228131803,0.03896973832347764,1.705978213734098,0.019152178526491478,,0.27476250175153455,2.058366876181486,1.8387825818059305,1.8387825818059305
peptron,SASDGB5,100,0,274.7263632364385,286.91137370472154,20.616598200593078,20.339353728179486,1.3452263447304702,0.02097151569191104,0.008021856502025913,36.36072187803103,0.010000000307367706,,,,,
peptron,SASDGD2,100,0,1.1997970927946153,1.287902100283666,21.05410996586371,21.05067346255496,0.05513112486739047,0.05496212977544061,0.054608028182144296,1.1146119202699996,0.010000000365095818,,0.9999944773801432,1.1762958666812051,1.161200071716301,1.161200071716301
peptron,SASDGD6,100,0,1.1302275548301257,1.2115078972009343,20.53295191883011,20.493987855075666,0.16457730776871315,0.059664542710934916,0.05011837248773888,1.0313673019248084,0.029110600210921597,,0.9999987532043478,1.0809001585479112,1.0528906405673895,1.0528906405673895
peptron,SASDGG2,100,0,1.3527253643961201,1.3472606471983373,31.491319752233984,31.507072087678512,0.3115532943287107,0.026768698701873952,0.025043144170128293,1.1043282826055818,0.01000000099634598,,0.9999985511942229,1.2873323286034672,1.2410962936200984,1.2410962936200984
peptron,SASDGP5,100,0,5.093056095550289,5.105036309364779,27.770968835955774,27.733110643844448,2.215940629494064,0.04154795379117227,0.02327401059922463,0.9805960729893731,0.050360878432311074,0.20187458821240953,0.6857923361240895,1.5010742022493764,0.9828420213872375,0.9828420213872375
peptron,SASDGQ9,100,0,1.8776653936085854,1.8942654358233106,24.10225347648411,23.954999684540578,0.858896674844214,0.034710987265613176,0.033903072970861606,1.013086934123802,0.03799975866523725,,0.9925085621635941,1.292612674897635,1.0270681939750683,1.0270681939750683
peptron,SASDGR2,100,0,1.2699120834365052,1.3475553869805599,20.772672809477854,20.574408413479397,0.9268675572619749,0.055933340493214,0.061210528822148225,1.0437334366116104,0.03030976665475829,,0.9998167537821891,1.1434569596839148,1.061899422678662,1.061899422678662
peptron,SASDGX4,100,0,1.23100442728049,1.2289974439410363,25.522820293629167,25.564263365040432,1.3251427815485215,0.03899760049317274,0.03841875589502269,1.1554831241777326,0.032612378391459106,,0.9999987022677159,1.2069805030988354,1.1670392519010442,1.1670392519010442
peptron,SASDGZ5,100,0,21.51803993230462,25.722934992396926,27.4725220467408,27.460795966282035,0.8152023213945192,0.045016996315643015,0.03497107991422462,4.347063183743715,0.011091890753802102,,,15.538573359340015,9.33694928891688,9.33694928891688
peptron,SASDH24,100,0,26.577800394282843,28.568611655623794,16.807741961922893,16.73324151112444,0.2600267539354135,0.03351065138187015,0.027565815986516695,8.080411147450821,0.01999951035361407,,,20.464834570831695,12.934806351219933,12.934806351219933
peptron,SASDH25,100,0,6.213221801869843,6.818826596185216,22.63339307402478,22.492823877961378,0.4108817819442727,0.036189424930359045,0.02598859958617385,1.0643449606786006,0.040555794974677095,,0.12297108782343885,4.224559373063908,1.6199061215306478,1.6199061215306478
peptron,SASDH33,100,0,37.438813197236854,37.33654361252771,27.804091266371096,27.495805777526623,2.0429122296763893,0.029213233200808028,0.028962723640030625,1.048116534767426,0.061097658633813286,,0.1837754894648833,12.015670482543728,1.3014724087886842,1.3014724087886842
peptron,SASDH34,100,0,8.758427937306434,14.895156506393946,28.783915470545796,28.78172935331181,0.7156334826391557,0.02503686534623717,0.026016581210847864,5.141102817877278,0.019984291073679213,,,7.612493088844341,6.333943040760425,6.333943040760425
peptron,SASDH64,100,0,1.2220597882918103,1.2441552459342022,13.448134522692799,13.381379209930909,0.16619242929120404,0.03758282069871252,0.040023705433405145,1.030226145830809,0.023321489043949137,,0.9992079315709986,1.0723397721945753,1.0330529118575058,1.0330529118575058
peptron,SASDH65,100,0,9.861917314361474,11.560530848684822,26.722266244301736,26.249788783148443,1.8368803535609466,0.030585433522281994,0.033775344190508934,1.1728102651048449,0.04856784494100394,,0.1276037106261441,5.013573552235436,1.6833006206826548,1.6833006206826548
peptron,SASDH69,100,0,1.5871174459173238,1.5892059370626015,24.780768847398548,24.752034045059673,0.6901007533469041,0.018600302635367848,0.021441545502113673,1.13186223067758,0.029670959513478538,,0.9946575898229615,1.177230228525165,1.1408159979962964,1.1408159979962964
peptron,SASDH84,100,0,2.41575774185922,2.4275198955361823,19.99424264026281,19.981028571635413,1.3480079738115656,0.029782556524411977,0.027093968436897035,1.6119232361142561,0.015189993813868779,,0.2934167509263613,2.0861913553096367,1.9574989564808152,1.9574989564808152
peptron,SASDH95,100,0,8.242773130977993,8.910582506005293,24.00285231679945,23.63165276533732,1.41111957560706,0.03375292059387043,0.025783623448869725,0.9678647424745083,0.06917595022188786,0.39705965581323077,0.6158695237380012,1.367781952071959,0.9681537073467332,0.9681537073467332
peptron,SASDHC9,100,0,2.9887730856506427,2.9968822194337905,31.26775445391425,31.289119814044,0.2057730999197318,0.022411083235682958,0.02150435400830024,2.5660096964705343,0.01915669391197166,,,2.9059465319725604,2.731460045772113,2.731460045772113
peptron,SASDHD5,100,0,130.84173428481358,131.29531518131728,38.822475422004715,38.36435739357836,4.678127243521942,0.11389663186028672,0.05603505179349111,33.74354152584957,0.01000000051008489,,,,64.21625800679755,64.21625800679755
peptron,SASDHF8,100,0,2.146955159301224,3.073754653381936,13.030223368140096,12.295870082695547,2.001837973609689,0.023100740493388262,0.02278919367191595,1.015288203305863,0.08208511828073797,,0.9393831614855792,1.0158063662818437,1.0153448173943456,1.0153448173943456
peptron,SASDHG4,100,0,96.81430825625274,106.56513033380351,20.343924668417852,20.29488203093949,0.599433742972753,0.017604345811135368,0.01927223629117546,17.67127256532392,0.01000000003647615,,,70.49153191549334,42.80828887775108,42.80828887775108
peptron,SASDHG9,100,0,1.7741647812189743,1.7752735484304916,24.15062012728284,24.154686584046345,0.15480288000094689,0.04713611214115973,0.04882129090415612,1.529173576626789,0.010000004510746752,,0.9998053768666206,1.6662217572938698,1.596056293741363,1.596056293741363
peptron,SASDHN7,100,0,1.826635798229539,3.8211058212078113,14.730138011305584,14.698340387100162,0.31151339951029655,0.06219248535096787,0.05391752020489643,1.3622455372434232,0.014228186344090715,,0.9999699213222388,1.717350599079647,1.5512269100005254,1.5512269100005254
peptron,SASDHP4,100,0,1.4409079525761188,1.4376991621205606,21.129528539030886,21.12473158304894,0.17817423201305616,0.08365619126192618,0.07554059171660246,1.2319806412568968,0.010000008635750877,,0.9999981851839833,1.4072866687668066,1.3290316034508214,1.3290316034508214
peptron,SASDHP7,100,0,1.7198752765894445,2.3549129441076775,19.06549129607574,19.065608892861693,0.11875325198019837,0.03454141711394308,0.03513361728875886,1.5393647112349276,0.01000000449725549,,0.9999989807808857,1.678663325019943,1.6159525406656607,1.6159525406656607
peptron,SASDHS8,100,0,1.4547960737979528,4.392838919352938,29.84758592129716,29.736060045787163,1.6110167682428056,0.25113478676827017,0.28353625816605443,1.2689586972705615,0.01000000000029969,,0.9999747140295483,1.3996800650455015,1.371469861040617,1.371469861040617
peptron,SASDHT5,100,0,1.2030457298935213,1.2128129483490713,26.512813504440594,25.846139641765895,2.1201458847185357,0.1478859026510755,0.14924850986065522,1.1927511739343428,0.040549226110296085,,0.9999997227035504,1.1952279820323963,1.193259252972485,1.193259252972485
peptron,SASDHV4,100,0,4.704410448842892,5.634584973697107,24.4893651051502,24.062861488873576,1.5332190212249195,0.04638487811048548,0.032438667436719734,1.3144514392503028,0.013528764864788056,,0.06930965197903696,3.7805631040852696,2.4751794202086614,2.4751794202086614
peptron,SASDHW9,100,0,7.653379023114321,8.032560446376829,31.956881966058504,31.662879428492644,2.323778341495313,0.05882206341240979,0.03825522956722693,1.0540513688558766,0.02076770727741902,,0.3610723808475768,2.7043221134242654,1.0857764250221407,1.0857764250221407
peptron,SASDJ28,100,0,3.527445544292934,3.861519528259395,20.527081074626018,20.54107859827367,0.07363451853075631,0.025047308468061767,0.024059126826918485,2.621848531275581,0.015136220730097764,,,3.1701063101823657,2.8378253915055502,2.8378253915055502
peptron,SASDJ29,100,0,4.791750517876803,4.846979995549783,23.463450635587346,23.42121079439071,0.4568235895102184,0.02578609346871587,0.0300924091164872,0.9992089377035215,0.04694924225348771,0.0582899109936094,0.21063657465057328,2.9566338086471484,1.264521719220896,1.264521719220896
peptron,SASDJ63,100,0,3.2321345299314297,3.302075811787226,28.36645941617426,28.3844349988905,0.25954014855304663,0.03824877102048556,0.030029553442332692,2.010586391798848,0.010000012702953216,,,2.9300265462297945,2.4974438401800176,2.4974438401800176
peptron,SASDJ83,100,0,1.5389710652926412,1.9772485716772819,19.77800992391378,19.771226654302154,0.34579824494809586,0.022974661291382908,0.022220418865375336,0.9674233959166963,0.03191335258583497,0.10994561162751743,0.9996768031223059,1.2125695150172486,0.9964261424724136,0.9964261424724136
peptron,SASDJ84,100,0,4.492935426231576,4.543991128005227,27.928987384945067,27.826294853333785,2.7302247221881935,0.009827866037715838,0.008545798433125286,1.094972009026351,0.04390687659582313,,0.9279970618333109,1.2050712209315728,1.104153083831195,1.104153083831195
peptron,SASDJ86,100,0,1.638290164170768,1.6904556890288334,33.49966452961335,32.8911688162393,5.461380601208319,0.03974617932777196,0.033504968870191235,1.0262477752209762,0.05404114683794643,,0.999035550358777,1.0400975219196391,1.0265709575566453,1.0265709575566453
peptron,SASDJ93,100,0,1.3283869493976155,1.3324259443057722,21.801413861712263,21.780156660683524,0.16699093673008036,0.022652582118812735,0.023961941174402757,1.2195152326236416,0.02551256190353774,,0.9999136404008085,1.2645832813007958,1.2265090360488955,1.2265090360488955
peptron,SASDJ94,100,0,4.135400035476012,4.636417475079561,22.725548648777625,22.896983041048216,3.049197220513836,0.010927529995345117,0.00726835307457775,1.0536744495168007,0.029810357652841603,,0.7940033469483876,1.1462435656184078,1.0552070297725566,1.0552070297725566
peptron,SASDJA4,100,0,4.810498707644193,5.18434747692817,21.73077973267171,21.75286008468532,0.24234309679900434,0.03226868883250454,0.026332558990994775,3.345858957442144,0.010000000561564675,,,4.426685856261382,3.885446935183277,3.885446935183277
peptron,SASDJA5,100,0,11.910728849621758,12.27367263870631,20.49232192330468,20.265867606299167,1.312142119969792,0.030565407576476335,0.012550638841786883,1.3351235011354459,0.028191231324835184,,0.12427742048509811,5.040828933643506,1.796601362633546,1.796601362633546
peptron,SASDJB2,100,0,1.5906357393020698,1.6447888896658496,20.255019787674097,20.20914623595582,0.25952532042268217,0.03370071306711401,0.034789438499042175,1.058433221447456,0.010317048538913829,,0.9996152102610582,1.443498861851666,1.2659911204770207,1.2659911204770207
peptron,SASDJB9,100,0,1.0399008771840252,1.0388433835764288,18.099992411807047,18.009042590520764,1.2477269194112388,0.10341347790325857,0.09452488984215521,1.0127270022368813,0.011878119365556543,,0.999998683085675,1.0261554190860545,1.017046253125103,1.017046253125103
peptron,SASDJC4,100,0,1.82795390213723,1.826148978933017,24.26852030961999,24.455890623752353,0.6351972593706705,0.029074148452093173,0.024039458520783152,1.0725288044232224,0.051618523502602424,,0.9996083332420972,1.4373220104131945,1.135809424777826,1.135809424777826
peptron,SASDJD6,100,0,241.22108173010938,271.26220540872146,28.7281464596992,27.998863331639768,2.6368361058757728,0.01928424654842386,0.027364524678101233,49.056499276324516,0.014540448922465166,,,137.35629708618575,70.21364967522909,70.21364967522909
peptron,SASDJE2,100,0,10.594818490079629,11.511111903003991,14.091094947511136,14.019505157166144,1.191008378697962,0.01948713333767615,0.013128541269728627,1.2062597791610423,0.024743092310708547,,0.2758235277581006,3.4500003899273017,1.4045735705938505,1.4045735705938505
peptron,SASDJE4,100,0,1.646543764301229,1.9121761809015323,22.015705143116804,22.03037129718728,0.48493208689450995,0.04682148497876852,0.04760879612120196,1.5806495238002531,0.010000181473250287,,0.9999999764880286,1.6229148736442929,1.6001309217162176,1.6001309217162176
peptron,SASDJF5,100,0,3.730764855830562,4.051143829533974,20.42761002707588,20.419405845367805,0.7046357927653801,0.02666078925097439,0.02072059276159076,1.414017733767828,0.034608593795032776,,0.2942528456189984,2.519489064684072,1.5526952833175744,1.5526952833175744
peptron,SASDJF6,100,0,2.107770109965095,2.1133533151959294,21.742278063003653,21.11264542911529,6.00397562791273,0.028226545889113115,0.024006392707033454,0.9611281118451528,0.08384044473613388,0.5282187327275915,0.9816947241476829,0.9959176768725253,0.9611404212124297,0.9611404212124297
peptron,SASDJG2,100,0,5.370109271082654,6.4286997480419945,10.859920044212252,10.888480049022526,0.6084232225620987,0.0189367762881565,0.013303771792644796,1.0162911013941298,0.011512432210629656,,0.14101700285719493,2.861565889512373,1.7783953533624741,1.7783953533624741
peptron,SASDJG4,100,0,15.177236939394763,16.915414161024522,22.529091709243346,22.63138536966719,1.935005159296331,0.05782793473962313,0.036026851687929316,2.942986444085025,0.010000000055975417,,,9.772232935647496,7.838196980401581,7.838196980401581
peptron,SASDJG6,100,0,19.297296880364595,19.608291211425154,17.43270944458941,17.275419925208574,3.243357713998737,0.09137383672924494,0.054912758940905755,8.355284744537773,0.014411225335738765,,,15.387654606588287,11.481270118035308,11.481270118035308
peptron,SASDJH6,100,0,4.840871519598481,8.222279534080231,18.546184086964846,17.637693579044775,3.8382146693630723,0.012939657546717748,0.006927315899085393,1.000147772465806,0.05415668347594229,,0.9055472492483081,1.0038664469886784,1.0009928750413297,1.0009928750413297
peptron,SASDJJ4,100,0,1.0482895427774386,1.047915159059409,17.773728794587015,17.76661434414183,0.05187685640562023,0.061980031039330884,0.06170993542435902,1.0039888990456034,0.017826474850753705,,0.9999964654090148,1.0323660696807746,1.014663527594924,1.014663527594924
peptron,SASDJJ6,100,0,7.5527520995405935,9.063304212222253,33.31794675540693,32.22629520484241,6.304324612935748,0.043304157367239034,0.020640430557482648,0.9515093334951907,0.0387650370529543,0.2108293790784,0.4481477582301347,2.6514625821787337,0.9522289268161195,0.9522289268161195
peptron,SASDJK6,100,0,90.9199179020586,102.15862062281018,37.08621416486858,36.13850044544995,6.379689250478215,0.058149995040077826,0.00893368321557144,1.5877872664139407,0.03794621259272443,,0.05238810309380007,,4.054957971678541,4.054957971678541
peptron,SASDJL9,100,0,2.5181116272095156,2.832452400758709,14.239186911572222,14.212507431144097,0.1928343066326299,0.029404764365533576,0.0237440616510744,1.226475275208675,0.021499885820183393,,0.6626592812788857,1.9900457928112596,1.4547730087581512,1.4547730087581512
peptron,SASDJM2,100,0,19.212805417698373,19.429855396680118,35.26054312850807,35.98567791536916,4.314449773631829,0.01848008483964539,0.012624872856007828,1.2816095056110404,0.025474757708116583,,0.08996930530389034,5.752842604325236,2.062630726782488,2.062630726782488
peptron,SASDJM5,100,0,7.603977084312485,10.536344609248747,28.55478084379673,26.415315892929044,5.326890801636626,0.028953899043658773,0.010505388561531184,0.9839892414785545,0.04731687350928486,0.3811569607260386,0.7649192688456447,1.0538716970538995,0.9843766598080104,0.9843766598080104
peptron,SASDJN5,100,0,2.4126754140976714,2.9925038151673924,30.275773955618888,29.45626298624341,2.453219882484351,0.0278270218478263,0.03267070194095703,1.0260919934808799,0.03400601893176189,,0.9188994494397111,1.3799140823815486,1.050040098853932,1.050040098853932
peptron,SASDJP5,100,0,0.9481986153683174,0.9475387828941442,30.26595091448395,30.127347042695327,0.8335904337996176,0.03853792354077838,0.03817321322396205,0.8780375896091829,0.04891726846965618,0.9999756567746789,0.9999756567746789,0.8863596848619607,0.878916002893639,0.878916002893639
peptron,SASDJR3,100,0,1.1262327239031724,1.131589179301724,22.782266960302973,22.751035272455823,0.20793415412252259,0.07471432836212206,0.06955129409907038,1.035275284589112,0.016050617990220912,,0.9999981813588639,1.093905207114191,1.0593781407226384,1.0593781407226384
peptron,SASDJT3,100,0,3.7062275016086095,3.8245389815060675,32.09804394354585,32.049516191089566,0.23855026748908514,0.02239766268687148,0.021312688289028894,3.0724265888287445,0.010000001374040588,,,3.610758201270813,3.3713349032813174,3.3713349032813174
peptron,SASDJT7,100,0,125.04889625541976,126.71846313625934,35.7654252963419,34.94373864932277,3.904282069930346,0.06739872087540431,0.03815989123248858,20.862874613631142,0.024740778716662252,,,,30.747859929944266,30.747859929944266
peptron,SASDJV9,100,0,1.5756807119839453,1.5832819577394641,21.935739715154565,21.636108191909095,2.5548654474293038,0.018785062162964498,0.01617383061869877,1.0676693908981119,0.022944392231758058,,0.9999087400588373,1.076963249126103,1.069019295648622,1.069019295648622
peptron,SASDJX3,100,0,9.311982038773372,9.956881318198455,26.334605297087933,26.27398772233977,5.081305519298038,0.018875452847381072,0.020156994864707286,1.3077917658935845,0.05492074284134711,,0.5424879979970205,1.9923822274102307,1.4276908225481149,1.4276908225481149
peptron,SASDJX7,100,0,5.001488387643208,4.996070895501981,26.21318768231711,25.92481674442542,1.9791938646654152,0.016274798488540333,0.009793460069756432,1.1149791022544704,0.061012509685981826,,0.8465153568018549,1.1957124615513643,1.116295165381456,1.116295165381456
peptron,SASDJY2,100,0,7.559035482246112,12.160701375941375,17.37316416297966,17.286995430940316,0.6000875447014877,0.0277485281893686,0.020924490010967575,1.980027338800817,0.010000000148180237,,0.010929173656743537,5.854333785255914,3.765864915034546,3.765864915034546
peptron,SASDJZ6,100,0,4.509242582771677,6.250204303397809,23.203160250138783,23.162699883079735,0.3822879865056059,0.01943948149948471,0.017546948738112182,2.629054683417783,0.018455820736667496,,,3.8147861177708533,3.0952498820449046,3.0952498820449046
peptron,SASDK42,100,0,40.094510573113254,43.983183127262166,25.397319975071994,25.306157051561804,2.6671523009556743,0.03875493846178364,0.012808055011173637,3.5124264820118154,0.010000000049737268,,,24.801787571805985,9.710105345670875,9.710105345670875
peptron,SASDK52,100,0,1.161740317949508,1.1617703163491637,24.988790398825902,24.581133024266688,1.7229854107856326,0.09395338757271664,0.10571168467011705,1.124761952547944,0.03924188117790692,,0.9999664433815886,1.1299341947508457,1.1251958259144563,1.1251958259144563
peptron,SASDK56,100,0,1.3056572548063943,1.314306489668493,20.53526882707843,20.4689528424464,0.1740445793354901,0.07384807420669429,0.07075940666212457,1.1073206681159093,0.016548746086545718,,0.9999930429459418,1.2496821631130124,1.205364985523708,1.205364985523708
peptron,SASDK68,100,0,23.760058903398303,25.86465063053469,31.249926781572622,30.330513756299418,4.773466255038066,0.0372966908401734,0.009055852850124264,1.1255366400510174,0.05176747587731047,,0.41867325554081875,3.9676335784275367,1.128936363197696,1.128936363197696
peptron,SASDK76,100,0,1.0610113765638016,1.2712748212762963,21.679358647980337,21.58846733021275,0.41286106712326287,0.05758117722026455,0.05553485121730865,0.9930437619211148,0.03569414186603895,0.15342492351188913,0.999999715136169,1.0218397714095122,0.9990197805074257,0.9990197805074257
peptron,SASDK92,100,0,11.794592760979098,466.0710013883055,28.55379596735978,28.424404777668872,2.2838377723705108,0.008847170944399423,0.0049441126916527555,2.7237637697473183,0.018894671673046867,,,5.571362739455796,3.4504410649692883,3.4504410649692883
peptron,SASDKD6,100,0,29.58461610295754,29.850023014988853,26.834744537034645,26.15588015646417,4.900193920606355,0.04214684677618921,0.01448255286470831,1.4369856109462928,0.04837339126104566,,0.06462233406270185,,3.326085418928374,3.326085418928374
peptron,SASDKH8,100,0,7.988930521479678,22.031489948968346,32.84955314540438,32.45887541440122,6.140627019694364,0.03398413775870749,0.01434422833314845,1.0656203248545861,0.04529936914154544,,0.5042160988126697,1.8305548240541203,1.0726333661065521,1.0726333661065521
peptron,SASDKK2,100,0,31.01940336804815,36.62201542813751,27.292594103330405,26.20576409738033,2.351977469564389,0.016859587007115703,0.004715981374443057,1.0460646547050716,0.045913526296171375,,0.5279769081908134,1.7417578788512826,1.0464590370623768,1.0464590370623768
peptron,SASDKK9,100,0,11.791625056094576,12.384882098278053,23.852547228619624,23.237819768283366,1.5984986739697185,0.036041827271051506,0.02478322548932134,2.0491061762411995,0.022619962041393573,,,5.7374742173110125,2.718604644860633,2.718604644860633
peptron,SASDKQ3,100,0,36.09596744103541,36.53031558219544,33.96662340023068,33.89908620542781,0.22362278106354694,0.02188607964953598,0.024082844657790304,15.612819792516836,0.01000000006517681,,,34.40112636470966,31.632702687315586,31.632702687315586
peptron,SASDKQ4,100,0,86.99112206962502,99.70339844629895,20.239010460259763,20.207783357137956,0.35067899779765455,0.20421183693738607,0.1946139787871285,78.99582809036416,0.016630067013099985,,,85.12286899611031,83.38346386815807,83.38346386815807
peptron,SASDKU8,100,0,19.805492586201908,21.651465762566392,19.802091877039732,19.19464104480395,2.274585380418568,0.04528357884430651,0.030043244903257972,3.1017606607024826,0.016011306394530692,,,13.206271358131023,7.31332195070115,7.31332195070115
peptron,SASDKV7,100,0,1.0262255349838987,1.0612466699834031,24.605972142613314,24.606705464576052,0.22268411244807496,0.07886468732882333,0.07911219638758189,1.0075992687721242,0.019664924855712033,,0.9999998963059071,1.0178648532693801,1.0110460073959875,1.0110460073959875
peptron,SASDKW7,100,0,1.1707771500005486,1.2868045920702929,20.452895228841193,20.4284404971814,0.556818800682116,0.04621648454052573,0.04175162510747634,1.0726991905381469,0.011187456404917435,,0.9999921941706384,1.118908687914824,1.089257899868861,1.089257899868861
peptron,SASDKX6,100,0,6.762094491744605,8.276989307576983,27.810157524218578,27.808774196113426,0.9680733136155375,0.08451198006325301,0.07845003533934368,5.1370887214772765,0.010000002317415055,,,6.016731976701284,5.579631692711813,5.579631692711813
peptron,SASDL26,100,0,3.945198751302729,3.9364607230859923,28.708310606412997,28.839673350674328,1.0948655465738,0.05105973264597807,0.041427975002251094,1.1506138134891235,0.018778256375424886,,0.10001844349831794,3.1354554669793457,1.9355604016257577,1.9355604016257577
peptron,SASDL49,100,0,6.956034013121195,14.090858775064442,39.46764524320959,38.638908866422526,3.7152560710774623,0.012028704320036205,0.005750828922224615,0.9102057582900098,0.039383277810078776,0.16675735634157143,0.6153403057762461,1.5812212177795584,0.9383816858368764,0.9383816858368764
peptron,SASDL62,100,0,2.856650991029424,2.9518162963293926,22.34232505161948,22.33606441332416,0.12124672715967577,0.020756699743298055,0.01776001903648116,2.2398666196950083,0.010000000005770773,,,2.720376856400339,2.6102689576634104,2.6102689576634104
peptron,SASDLA5,100,0,1.3063431915360966,1.3142291253431575,14.92171151292747,14.92442628420403,0.032335634203006336,0.0345002739778618,0.029124160500889798,1.1788223217067466,0.031913203075064595,,0.9998620302499119,1.2398606877812992,1.2031309601243032,1.2031309601243032
peptron,SASDLB7,100,0,14.041038757711158,17.43260121995125,24.678242474065474,24.55811998910874,1.413625262880661,0.039689532524320566,0.02614953366174055,5.439089963037936,0.01996694312372649,,,10.301887775413777,7.529831301210915,7.529831301210915
peptron,SASDLF3,100,0,42.199227030474205,43.10061004173528,34.326406541712565,32.45558046674773,7.527979009997569,0.02126292367452261,0.018177309886115704,4.591573341225505,0.04992186512794104,,,8.908201138389481,4.956450836422147,4.956450836422147
peptron,SASDLF9,100,0,10.286226422010781,13.66165487703033,33.97716370753212,33.190802278120984,5.827045136231341,0.07677381212705783,0.025420208128030742,0.9306828578869512,0.026481699131516354,0.037374003271429694,0.12298767272942822,5.077972082291447,1.6874661325861386,1.6874661325861386
peptron,SASDLH5,100,0,553.3808271173756,559.3211432846324,31.493901795918262,30.190995069219355,4.139714342239749,0.0977559376040743,0.1777861372774664,69.77643836568873,0.01999546129096378,,,,,
peptron,SASDLH9,100,0,306.8198910084534,357.4186076607834,24.530070672293757,23.688436736888093,5.729787951633337,0.01239228164138703,0.001833326504518826,13.191246210911915,0.03804817289108222,,,23.94920183365354,13.502355670942014,13.502355670942014
peptron,SASDLJ9,100,0,410.6893671268485,426.5015740937644,18.602731287554143,17.84782461274331,3.039450283025655,0.040771356259581476,0.003449348797221707,2.4208745564665977,0.029886073325392646,,,,7.891590204432134,7.891590204432134
peptron,SASDLK9,100,0,144.11989113664856,158.53108070675745,41.73664193354948,39.40102797484184,6.513824915909289,0.06294462668136988,0.021911723124170595,8.535770935532378,0.01943096081880232,,,,31.195646029866445,31.195646029866445
peptron,SASDLM8,100,0,5.494211756743979,5.7418656062716735,24.102559032597355,24.03117190635977,0.4322906223495373,0.07153586270497199,0.0521640455572027,2.9618513282750047,0.010000000024019635,,,5.151630764229681,4.758425244255055,4.758425244255055
peptron,SASDLM9,100,0,8.734773091593288,8.739397913050936,22.757097372868518,22.585254846334376,1.3532547154148915,0.023654298048056577,0.019437113599405267,1.325014794428957,0.036332763517577304,,0.3356685222843818,2.6287793430579716,1.5573017349650131,1.5573017349650131
peptron,SASDLQ3,100,0,0.783637600650526,0.7828992183912837,17.307954651950205,17.3101760263442,0.05529882384432483,0.027644802178220417,0.027194974307808116,0.7809588301669689,0.06018341177302091,0.9999999954973728,0.9999999954973728,0.7815877888464369,0.7811062731779508,0.7811062731779508
peptron,SASDLR9,100,0,1.1304114631303785,1.129708029004007,17.979504297380586,18.053050007970263,0.5041963534996761,0.029704976477476032,0.03043282820405524,1.0383923663087677,0.03651150571157451,,0.9999683799074274,1.0838360532814741,1.0474738353368724,1.0474738353368724
peptron,SASDLS4,100,0,9.51004126030051,17.997370616248766,39.38070674549244,38.25609574464903,7.861603782230844,0.030752864673390796,0.014097216609121322,1.0291394442628001,0.046626360253634085,,0.28783609498154455,3.0117346066976616,1.0536613187362833,1.0536613187362833
peptron,SASDLT4,100,0,8.010004201240791,14.33059280168583,45.832318673006135,44.10035157032656,8.892300336156588,0.039896110488545834,0.029197792931399943,1.1096154604459965,0.05808809903083957,,0.25278123713857636,3.0592019367401204,1.1903453136897117,1.1903453136897117
peptron,SASDM43,100,0,3.9691804471831293,4.681939402556451,18.03815567047667,18.060248850754608,0.9254910787662496,0.08647293144196973,0.06308742166249981,1.0751727667887219,0.012835742600384387,,0.23520302865637788,3.008907844325525,1.5635233326364446,1.5635233326364446
peptron,SASDM53,100,0,1.5602639892123307,1.6306708015172318,22.27169807599826,21.593949362784997,2.2211276199047845,0.04613716468622141,0.05001897340797678,0.9320114259056786,0.031904051994872035,0.266266900934699,0.999873258563627,1.1028379018105163,0.940088254358095,0.940088254358095
peptron,SASDM55,100,0,3.749218018396405,4.039003961636059,16.603389864213135,16.602640262381307,0.03629837425003757,0.017296391343812993,0.014636752825262809,2.721540931580043,0.013130388796352525,,,3.4334385779913443,2.9964208450094767,2.9964208450094767
peptron,SASDM65,100,0,30.704489417510203,33.234765792414464,29.790215721012444,29.33529037326628,3.5581916889825393,0.01337294799973117,0.007876279152708393,3.5078783548496633,0.03384419734103368,,,10.053790886654648,4.137999534854381,4.137999534854381
peptron,SASDM75,100,0,10.733042856882635,11.056341779073875,30.14875332133045,30.053943675992883,0.849651639187865,0.013504750853901461,0.009333932352591808,1.3177555378552288,0.09427314031155537,,0.184931132116775,5.188036689491998,1.4685536988735266,1.4685536988735266
peptron,SASDM82,100,0,1.0714398890874728,1.071910374290435,13.792064758282502,13.781747185199219,0.09967133406018824,0.1037283590728498,0.0972243683109284,1.0416386146412342,0.016906253422300944,,0.9999993088337982,1.0588069542209624,1.0478738900208866,1.0478738900208866
peptron,SASDM97,100,0,18.009708145008723,19.586503052805686,20.258569541224315,20.20739883875848,0.21545422545191428,0.035257402353905266,0.022908304254422956,8.038049802125132,0.01000000018274236,,,16.348861844441227,12.738985187843682,12.738985187843682
peptron,SASDMA5,100,0,1.0276965571937078,1.0761265856865585,12.317548452523141,12.353269105399045,0.31273799039161787,0.052422216203612586,0.054416189791778626,1.0035505978535855,0.01972676361171176,,0.9999993355122831,1.0184899655047228,1.0113549381351084,1.0113549381351084
peptron,SASDMC9,100,0,17.55083717351791,19.19197998563212,27.54164520029203,27.272374992443247,0.4682379844848299,0.04223562111960109,0.02913687210545092,1.7515753271823673,0.018293901849078652,,0.026680636716993958,12.19567068591397,5.863947157788378,5.863947157788378
peptron,SASDMQ2,100,0,2.3531300996072098,2.3654342308153464,60.49678754940013,60.55177976944451,0.8420197739892288,0.03592608470544454,0.03430364395143336,1.790295404100885,0.019995232628630975,,0.09477143511455477,2.182614034025259,2.0500166277072576,2.0500166277072576
peptron,SASDMQ3,100,0,1.5203094713878906,1.7431227526924995,30.46292417989601,29.970654098434608,1.8885794082852918,0.04417034864351619,0.039750943552932745,0.9877403613789427,0.04406732350006192,0.16201562395815164,0.9987151501642625,1.0927466534357502,0.9912046172838511,0.9912046172838511
peptron,SASDMQ9,100,0,28.879629168564577,28.950493580311463,35.8422234888269,36.04614650564318,0.8186310669537633,0.025273239743760483,0.02564254853671033,20.878813069948887,0.010000000414946905,,,26.515774745740096,24.728667317965606,24.728667317965606
peptron,SASDMR3,100,0,1.3998391293540955,1.4139298132030833,13.784894332611477,13.769384562528806,0.10091645404062533,0.04499211620542622,0.043772845051202144,1.3659642450510132,0.021327452328708297,,0.9999995922752912,1.3895945370747675,1.381861121940251,1.381861121940251
peptron,SASDMS3,100,0,1.1957973726282554,1.2712143038169599,24.36123068965977,24.444678216666986,0.3606813532797659,0.024808507910363483,0.022695642537504526,1.1274161700474532,0.010000006651477742,,0.9999872289862833,1.1591685983832016,1.1368313236195962,1.1368313236195962
peptron,SASDMS4,100,0,1.040209798595814,1.0421916043479378,28.208722507720577,28.10952293355186,2.1403071241868012,0.038553449573118806,0.03660904294803414,1.0027137774411141,0.04185358782121416,,0.9999769143341564,1.003865928970177,1.0027537706373575,1.0027537706373575
peptron,SASDMT5,100,0,12.821361822239446,19.403345101691787,29.84089732449773,28.824691760605866,4.24003857246684,0.055868264589603034,0.03780119545552094,1.760634176594955,0.023853486975309535,,0.03561946800785067,8.66093655488025,4.312951911568808,4.312951911568808
peptron,SASDMT7,100,0,1.523665472630212,1.5769913865407834,22.822850517753523,22.81848208560356,0.04187383336170214,0.05248379382385031,0.04422367057075799,1.2527799727431004,0.01000000523039891,,0.999977631256352,1.43126576604562,1.380201710608707,1.380201710608707
peptron,SASDMU6,100,0,1.458685120156066,1.4605076834743504,18.87526041848282,18.786284744202213,1.1053390362453221,0.04366391398945707,0.0459474755170552,1.1089275917932808,0.019437498669330117,,0.999963449187852,1.3031022647178168,1.1895644245220436,1.1895644245220436
peptron,SASDMV6,100,0,1.749774601880812,1.9179337466725,21.955662853486064,21.681820776179997,2.149578257376181,0.041370808481731115,0.025031387846910117,0.986593987739754,0.048118427434759976,0.486439263933801,0.9963143111343714,1.00626587541944,0.9881725258068099,0.9881725258068099
peptron,SASDMX9,100,0,2.55447367256166,2.6049454728982147,20.975686748892826,20.726247901489955,0.9184415465898255,0.0314786670948176,0.021869907504138773,1.269070653932703,0.041963679986154044,,0.9558259693785546,1.3894548363316293,1.2901074579937606,1.2901074579937606
peptron,SASDMY9,100,0,6.327312245577638,7.055214894867848,21.987295745916256,21.765966092670332,1.1197268482133254,0.027292654097771082,0.027737842553793867,0.9936619949032238,0.032976371625048545,0.1360769526034291,0.6086896976605275,1.2873894474531524,0.996186192468473,0.996186192468473
peptron,SASDN65,100,0,3.410603215606113,3.4472140210124897,18.790256980287843,18.746875904881875,0.3446333502157941,0.025904508066988324,0.013000796824617238,1.089578496755387,0.02267728615799113,,0.7591368571474542,1.4154046955214301,1.1249917973969654,1.1249917973969654
peptron,SASDN68,100,0,8.447354988059557,8.631687223328312,19.900784012141848,19.82957815146031,1.018204210341942,0.027275265558491225,0.02097762071858362,1.2634483235799314,0.027541502409356534,,0.3881230742254775,3.112030227867222,1.3388494879515924,1.3388494879515924
peptron,SASDN73,100,0,1.2507127165937457,1.248679798057629,22.403475691482733,22.399007352908633,0.12238962173842083,0.02482912257370838,0.024162399586691412,1.1018814909181016,0.03618686348830249,,0.9999928866491924,1.1943129278021076,1.139659112798371,1.139659112798371
peptron,SASDNB2,100,0,5.112772446231926,5.150885202096228,14.483112123706146,14.48306075538052,0.17886411199623176,0.05874520017446517,0.05143069783875574,4.433799944834125,0.010000001386268007,,,4.884640577316849,4.614337442123437,4.614337442123437
peptron,SASDNB7,100,0,1.0007659910148337,1.0161342864582603,22.105089446257583,22.098760127484034,1.1060516165891237,0.05760023026192898,0.058086062883889254,0.9855189144621477,0.03660700553716702,0.9995497363951812,0.9999943963124494,0.9894975706342117,0.9869249421944821,0.9869249421944821
peptron,SASDNB8,100,0,1.8529456705612861,1.8768956623155142,26.65042947394273,26.16023855927163,4.26069143536159,0.03450101702303407,0.0285979311954121,1.0859063496042247,0.05905261276142552,,0.9974207185215781,1.117851501027261,1.0861974486483446,1.0861974486483446
peptron,SASDNC7,100,0,2.9873132553617743,3.2032654537814724,26.99210068073488,26.805531206234534,1.124469256291043,0.027221630622162235,0.018666592596519465,1.021783965940344,0.042991597682787354,,0.6685863841457055,1.8379221558823748,1.0898602687158447,1.0898602687158447
peptron,SASDND2,100,0,4.30147403019216,4.479654406279539,13.533720783677722,13.53407586773349,0.02428112067538457,0.01529806816130226,0.012137079207741519,2.5572638464180026,0.01215485531196395,,,3.992959040376979,3.34531865648571,3.34531865648571
peptron,SASDNG9,100,0,56.77493725005925,56.88820409247633,20.06150972345232,20.41521219159052,1.921033054631394,0.026836700249787755,0.01688114923192504,6.757316147726343,0.019715073219220416,,,30.664453226245804,11.0810858256831,11.0810858256831
peptron,SASDNK8,100,0,2.252198486416983,2.434816482811167,25.628626966968042,25.417896750302972,0.522770001748885,0.11384902158737323,0.09261938305164447,1.2275547154476152,0.0100000020989178,,0.4041670860021689,2.063651912980952,1.6427687287818644,1.6427687287818644
peptron,SASDNL5,100,0,1.4784323345532155,1.544695456052399,24.355913043509762,24.629959484359762,1.1172747438901034,0.030962130765825824,0.02662849096876194,1.0231003132340604,0.04576142603418381,,0.9993801312141305,1.138624518473047,1.0291041305590483,1.0291041305590483
peptron,SASDNL8,100,0,1.0969284682836953,1.0953443123827968,29.298541009288467,29.090524219020836,1.422431474958401,0.08217222989192127,0.08151503602166604,1.0844894056860728,0.01674187799317561,,0.9999998268651619,1.0914856557653512,1.086131217764488,1.086131217764488
peptron,SASDNM3,100,0,13.389267328373242,14.48540623610224,23.968905593295805,23.497758440185088,2.2096087868032477,0.022993327137464752,0.008564651728751323,1.0949202855951612,0.0492751237113844,,0.1526922447223997,7.290941307587926,1.2415539387950676,1.2415539387950676
peptron,SASDNM8,100,0,2.591603536768066,2.665409846681603,16.802513539856548,16.75758525194219,1.6556934390134437,0.08408276903560447,0.05296960162709942,0.9838360623649071,0.1267300326311784,0.20727653503989749,0.8939135391109133,1.426345004975891,0.9838360623649071,0.9838360623649071
peptron,SASDNM9,100,0,5.013573366256533,5.200929524507901,20.54054258384236,20.4584071111372,0.37409072007659105,0.0219969495418844,0.01442588327440367,2.4865577224213395,0.026109007151506648,,,3.0860810183962073,2.6006333864195397,2.6006333864195397
peptron,SASDNQ9,100,0,55.407653922939424,57.07134143892476,26.105540266263983,26.023857911859487,0.2895083315007838,0.04570544187879078,0.020338392072286736,3.056649425705195,0.011264060055231522,,,41.71507357104641,22.605208304138394,22.605208304138394
peptron,SASDNS3,100,0,110.99418958225345,118.41154881893563,31.920762792834765,31.11540308330567,3.4429297336555535,0.04777526481167931,0.016666488574991294,1.9833432472849128,0.020361386808626616,,0.020626031254494078,,29.947355204618272,29.947355204618272
peptron,SASDNS9,100,0,6.2294377445451055,6.700604720164628,26.644061368101465,26.536917019607763,1.2515582538551477,0.03433480945850999,0.03778510637592279,2.0987676975216565,0.014679604919219496,,,3.7462387609332866,2.3290913425448863,2.3290913425448863
peptron,SASDNU3,100,0,1.0118144859077882,1.0090130418629792,38.27115445974701,37.91520529163631,1.4114812674365282,0.02046548595620013,0.020748335357961497,0.916639109833842,0.0384507062541558,0.9743619393300154,0.9999991008097023,0.9713980022295786,0.9298679641339593,0.9298679641339593
peptron,SASDNW2,100,0,43.93773265767315,43.96787837843032,25.603325914645634,25.355843175937242,0.46699074091090154,0.017200424420939685,0.01182845612178422,1.7424764775186836,0.03283756367841461,,0.056445147080153996,,3.706201608207324,3.706201608207324
peptron,SASDNW9,100,0,1.002132043177903,1.0412249655308177,22.767035070802027,22.768792414921357,0.034709669209430416,0.03400565736916782,0.03435669358359398,0.9839674905174749,0.010000034845687374,0.950674646424327,0.9999997794485413,0.9960383121552109,0.9905022197668161,0.9905022197668161
peptron,SASDNY9,100,0,1.9599235302031062,2.2460134224113344,21.749888146573838,21.624240742779193,0.25480128347915,0.07756071183417505,0.05459757365674442,1.1074823282053379,0.016329749796559045,,0.9999798400081452,1.837369869537941,1.4547633531239192,1.4547633531239192
peptron,SASDP28,100,0,1.4825669270889494,1.4927980319052283,24.469465353809955,24.302760201390456,1.099987202233585,0.03091343471915734,0.027797376378217983,1.0750558719296686,0.050805949829320775,,0.9987407174596548,1.1707877218978806,1.0855634781040575,1.0855634781040575
peptron,SASDP35,100,0,1.2177298916562063,1.5289215440383352,15.574359351743007,15.575951987552326,0.057026307105290996,0.021468459252858358,0.02251301995259543,1.0949409975409483,0.010000158241501179,,0.999999958841357,1.184271760471078,1.1378400077892157,1.1378400077892157
peptron,SASDP64,100,0,0.9771482978178588,0.976757030782501,20.645484192617555,20.72274379265412,0.8829330475410977,0.08112044179533663,0.08120075380284869,0.9725666614151811,0.0373857382430769,0.9999989813676633,0.9999989813676633,0.9742639047670073,0.9729684368840208,0.9729684368840208
peptron,SASDP79,100,0,1.4887103738461183,1.5079360540135993,51.055737237937585,51.33179385753546,1.2127899320124271,0.04310327411278607,0.03621081011475949,1.057674947380878,0.011450906171894037,,0.9999949310905701,1.335133671136372,1.178462716103015,1.178462716103015
peptron,SASDP89,100,0,1.3346172268602285,1.3643821926963002,25.58049665383541,25.572661895207936,0.38276560199769705,0.11841082865747986,0.11533577461329635,1.2756557447559982,0.010000015024646126,,0.9999990848138179,1.3226448705846392,1.299378547295953,1.299378547295953
peptron,SASDP98,100,0,1.6193164565900857,1.8022640529590819,19.604307705298325,19.677294498242027,1.4864748060258073,0.03792354579126859,0.033162658145994846,1.0866819871873377,0.03444227840249596,,0.9983799616070789,1.1666699197795083,1.0910459615618215,1.0910459615618215
peptron,SASDPA8,100,0,105.01561330832294,120.19487759167421,19.458322246961355,19.455043049183583,0.18719999254805586,0.05355684841988455,0.03691558836862979,73.29605294023592,0.010000005534744096,,,95.56053874129348,88.45452470908377,88.45452470908377
peptron,SASDPB6,100,0,12.228898369986656,12.418132931331249,30.519829165263022,30.51736420388988,0.8921599162380858,0.06408136185739612,0.05423432031220666,6.091282171970844,0.017842859780450967,,,11.022525110917856,8.571269848688377,8.571269848688377
peptron,SASDPC7,100,0,1.5739799498493579,1.6379008031634412,22.50143777998328,22.503748920814974,0.451601431787811,0.031120384307845365,0.029578308157222278,0.8237795716780868,0.045521204956849165,0.4468576807255627,0.9996719169780603,1.0171631372009786,0.8400996666341984,0.8400996666341984
peptron,SASDPD7,100,0,42.63638468219657,44.11074306608729,24.832434219123723,24.70678262877074,0.4761226897899533,0.04523299683008781,0.02858580801949877,2.828355266902641,0.0347885131647326,,,,15.895055447042699,15.895055447042699
peptron,SASDPJ4,100,0,2.0818346485589485,2.167294446127819,24.890778383182774,24.90240276333638,0.49962181525985727,0.026659520958091713,0.02530287154940022,1.154191847076571,0.022747001830213075,,0.9794771352368835,1.6755154587033043,1.2930072198210811,1.2930072198210811
peptron,SASDPK4,100,0,1.3927468716098295,1.856769574006084,22.02436029819841,21.843920573019012,3.2213929772394962,0.04765452530830958,0.03423147019761949,1.0078861315994907,0.04087820903985314,,0.9996133881647704,1.098708559722591,1.0196722783698688,1.0196722783698688
peptron,SASDPL2,100,0,1.808540892735825,2.455887255183416,24.229557272124207,24.182376447348517,0.20710421782017363,0.03294241699995298,0.0316398710876641,1.2144782972578259,0.027791191836596636,,0.999831083948431,1.6412871621665488,1.3348538443549525,1.3348538443549525
peptron,SASDPW6,100,0,4.193234922722412,4.3629272739415415,15.061648227867064,15.068105952280181,0.1510843829891826,0.018622225234427733,0.015812060818016987,2.560484676669305,0.025213882225930066,,,3.507284850266667,2.868497733397509,2.868497733397509
peptron,SASDPW7,100,0,1.1029297157992817,1.1283843583361683,22.678798568335363,22.672239956363228,0.08951648817956936,0.036878454566376,0.036607962452018514,1.070473444612186,0.012742306340384934,,0.9999999379213002,1.0917156111041015,1.078695303086747,1.078695303086747
peptron,SASDPY2,100,0,1.1628128078537507,1.1620864739465806,24.002940395974026,23.59430513182594,1.2024301143411336,0.05193792898268728,0.05399780676667477,1.047759724240194,0.027438654725282122,,0.9998802416256987,1.0659344321736086,1.0500062793666385,1.0500062793666385
peptron,SASDQ26,100,0,47.10293633413591,57.69674102522948,16.577300121735465,16.376416112991258,1.4368479295307335,0.044145782458303605,0.013694871314809441,1.3444787528600162,0.020394854332944884,,0.04037175596053748,,6.696329603090599,6.696329603090599
peptron,SASDQ28,100,0,1.2027381765215528,1.201705624317603,25.57491280496554,25.583295846179343,0.16065878523055588,0.020433163213714044,0.018736380701024423,0.9851429803730777,0.06116221276705513,0.15386044677798685,0.9996410012948495,1.0408999621680641,0.9971904440165165,0.9971904440165165
peptron,SASDQ46,100,0,21.946300938098503,66.04983258837872,33.072004076435014,32.33488094917779,4.689144609022499,0.036228317125046955,0.00955018077594847,1.0854544751419903,0.0374857649624522,,0.1480782731447005,9.005558615822151,1.1872065119977562,1.1872065119977562
peptron,SASDQ59,100,0,0.9199025172978886,0.9311099815561479,25.110686923351142,25.050880416981336,0.3006707689085353,0.042963287826373715,0.04271234942641397,0.8662894565297652,0.018445853629744532,0.9999974073024547,0.9999974073024547,0.8900685220143124,0.8734279238616415,0.8734279238616415
peptron,SASDQ85,100,0,1.1154880904860713,1.1990552926213456,20.608215758090374,20.591244224144788,0.09068668932493296,0.06519169141798442,0.06410507953020228,1.0702608395656783,0.014406840295440091,,0.9999990864502866,1.0961038248513126,1.0793885925227662,1.0793885925227662
peptron,SASDQ97,100,0,19.261150368524593,21.87129934785895,24.81261250331081,24.627044905418636,0.5398940742987719,0.039024290141439794,0.02823217305089556,9.429504726533454,0.010000000560852693,,,15.865438509012204,11.852291110265371,11.852291110265371
peptron,SASDQ98,100,0,1.2566903890714332,1.2752183329897873,20.308832808230772,20.034233475619473,0.8555812838309684,0.019549475544513657,0.01335619262971101,0.9325311814138524,0.029546210865278456,0.38005329448224573,0.9999737154320124,1.025090572873228,0.9735592717956678,0.9735592717956678
peptron,SASDQB5,100,0,1.8455752544624147,1.9038272851418436,24.80682928565765,24.797429704403562,0.13320578824714602,0.07433398195453161,0.06103994101754143,1.5383412500171239,0.010000000318831965,,0.9999972121070819,1.8159741074658446,1.7794785177051151,1.7794785177051151
peptron,SASDQC5,100,0,7.362937122928895,9.68802948972631,25.279539013017438,25.22946176851726,0.42166481300731107,0.019056582328005594,0.014615413084080193,1.5996059572639856,0.017266545206972878,,0.021830399540176768,6.318573181864143,5.139164632188698,5.139164632188698
peptron,SASDQC9,100,0,1.1152435298477228,1.1207975992671144,23.831038825115854,23.742306314814016,1.3382021889513744,0.03781471442599312,0.032690360790494595,0.9941049697327968,0.04472792428760591,0.21108280064932136,0.9997902567285851,1.012348292382948,0.9953724394105409,0.9953724394105409
peptron,SASDQD9,100,0,1.5294165374922362,1.5280474988432855,17.439227105939928,17.4932006279424,1.6108077424723959,0.058043164693575094,0.034942104956839276,0.9852545468185087,0.03001771890406235,0.05674100835256237,0.9971990768635499,1.1597490474915169,1.0283607203502232,1.0283607203502232
peptron,SASDQF5,100,0,1.857061766638974,2.5508719425173223,34.12196688901286,32.832019827149296,6.631435224938137,0.07348691329766906,0.0629474455099492,1.080787074374262,0.022065880108575023,,0.9998469743906553,1.540354947563552,1.1462414930322886,1.1462414930322886
peptron,SASDQF8,100,0,4.474334322817746,5.6838437749384045,27.399506408888055,26.441232568577746,2.645756514572774,0.04453522661430727,0.043642121086216464,1.041704341981958,0.0455675395666349,,0.19862716804940583,2.7160989869025065,1.2792208366085929,1.2792208366085929
peptron,SASDQG6,100,0,3.7441788019288746,3.898240090544407,37.72606962742782,37.407336076297526,2.663534330211597,0.04182073832393054,0.025440552816245524,1.0598139984579813,0.028255260254426748,,0.42036797650951,2.0970666853663507,1.1917095207747936,1.1917095207747936
peptron,SASDQJ8,100,0,3.923047358849104,5.390957249291746,22.21466131131779,21.884002803134933,0.4916257903116765,0.027321461555745864,0.02961802133567807,0.9728505103089765,0.03350965344474372,0.10480773785942948,0.40894289230418257,2.0167816204684414,0.9938377082952107,0.9938377082952107
peptron,SASDQK7,100,0,1.4730153086306208,1.4758568042159488,31.19968058757019,30.05208633720977,7.022547067288819,0.07717998950540328,0.0721595993851368,1.0515622945954881,0.0271558201000771,,0.9999173351089403,1.1964852983115266,1.0875267544630174,1.0875267544630174
peptron,SASDQN5,100,0,171.39617752716012,207.2895178054696,22.604608355142734,22.35318047602121,1.2529930878570852,0.10416795337554287,0.09016767725326208,96.7882622063644,0.014170994456384327,,,,113.56909840707573,113.56909840707573
peptron,SASDQN6,100,0,14.597698540673404,14.627278778045318,16.179175663669973,16.144361954542887,0.5366193693232031,0.045605324097457746,0.031525092626477944,4.892901409913967,0.010000000105308392,,,11.286172359714469,7.792677028575388,7.792677028575388
peptron,SASDQN8,100,0,20.24218184643066,20.236079987028905,33.275206463970925,32.246520323893215,3.9867450986692923,0.04370507283214024,0.02188209169948945,1.615926530195034,0.02514470134018466,,0.042848006234584714,10.056746842450359,2.743149868741036,2.743149868741036
peptron,SASDQP4,100,0,1.2701329630701326,1.4438192793997704,31.51512652514646,31.46529653078729,0.5469589495595564,0.034491160631964696,0.03156928484044935,1.1007051848854246,0.01792311116614149,,0.9998416117239058,1.1623200938322578,1.121308702133145,1.121308702133145
peptron,SASDQU5,100,0,1.1502497609384728,1.1507559378192438,19.122091931442483,18.84049480538171,1.3721372990580676,0.055699103348574884,0.04866685059671308,0.9628007907776011,0.03827742287090484,0.33871633102463167,0.9999805387061507,1.0220226874619383,0.9744148598496355,0.9744148598496355
peptron,SASDR22,100,0,2.897758442122702,3.177918612735519,25.178202975704508,24.361823332826376,2.036404960213858,0.03661839961885625,0.038628817162398986,0.9968520741151637,0.04799078670494282,0.14630391273742213,0.9032632880970088,1.1962576483071168,0.9975782376093848,0.9975782376093848
peptron,SASDR25,100,0,1.3177739845443988,1.3748722949066678,17.27290138298928,17.340117807122077,1.7003783044469145,0.044938854508649165,0.03593293929450294,0.9864861418389561,0.04442220861327559,0.646244121070686,0.9950286274037629,0.9879224018727352,0.9866145391361042,0.9866145391361042
peptron,SASDR33,100,0,1.5255500228436543,1.6064669082323906,16.231340551749746,16.144663907096366,0.42768797751393706,0.03752619329784598,0.03839043062403761,1.0069177025528733,0.0366252685827101,,0.9957093400203334,1.0723513377461384,1.008244159330483,1.008244159330483
peptron,SASDR36,100,0,1.7026267138073974,1.8706514255007232,25.248177692496494,25.2617536870589,0.5499901628564459,0.04455470121454528,0.04933979258829571,1.1808525910797687,0.02983454514563637,,0.9996490209189475,1.5409893622369473,1.3490917298498337,1.3490917298498337
peptron,SASDRA6,100,0,10.27741177827305,10.377054411719637,31.27285066800676,30.528613746239586,7.1028435923667885,0.03231637775857802,0.013100762515452051,0.9848055174625258,0.05147913794139364,0.1061480305207073,0.32672478682897343,3.633834309500133,0.9977471545821684,0.9977471545821684
peptron,SASDRD9,100,0,1.1246870607628197,1.1237986567346936,24.822127298219243,24.711536263693013,0.26882657090704143,0.013848622507988873,0.011170862544698068,1.0969676506284203,0.022592921862884065,,0.9999986500499627,1.1084796468995395,1.0978920220961668,1.0978920220961668
peptron,SASDRF8,100,0,58.09551554536682,58.02257726192041,27.71570605443744,27.146335826772237,4.190823148456747,0.06428362509360307,0.026375234805503252,2.3769771792007344,0.010000000000001239,,,,10.981183920580047,10.981183920580047
peptron,SASDRG9,100,0,1.6393523258972968,1.795695040178652,15.823514724140884,15.889926001069682,0.5195124193727736,0.025177128845250675,0.024334176310569278,1.0439894578185662,0.031973458920154754,,0.9980685498389774,1.080882989759174,1.0478309183103653,1.0478309183103653
peptron,SASDRH2,100,0,1.0880813530242246,1.1199656253406325,23.46832449107484,23.446222108764132,0.2321225032175498,0.053685254331016535,0.053199570603894256,1.0000405519195572,0.01886593687663737,,0.9999947113243149,1.0351944605264538,1.0088374118767907,1.0088374118767907
peptron,SASDRH9,100,0,51.27443001643956,52.00715679404344,33.25246154948828,32.79102346562506,4.972876421670826,0.06955039871456462,0.0507467143895017,7.689364969641982,0.015386070170477068,,,35.94527933161375,20.30476267617286,20.30476267617286
peptron,SASDRJ2,100,0,1.2142859142489815,1.2488385886918303,37.10861383836753,37.14350360580109,0.39106058373368313,0.05178338481913953,0.051528087868664196,1.0509003065496973,0.026557783102250737,,0.9997948256814128,1.129538290620544,1.0646650721379556,1.0646650721379556
peptron,SASDRJ6,100,0,1.1327331496004134,1.1408434756995487,24.229863826313746,23.959667566565876,1.4313153695631975,0.03858707387218988,0.03829140950690962,1.0076448224971124,0.030829344629808658,,0.999342929206316,1.0135946638893176,1.0106006939057983,1.0106006939057983
peptron,SASDRK5,100,0,4.742737769241023,4.918779408466251,15.104397227458954,15.162985718229836,0.327873942903798,0.01196981964661242,0.004968701281124991,1.3189096474230229,0.054743174159151316,,0.27852697419732314,2.6073856903983588,1.3745701096719034,1.3745701096719034
peptron,SASDRK7,100,0,1.1020323393574234,1.1090048594900614,32.84272478673383,32.836486177166876,0.5529398774535537,0.02411159099576951,0.02386098380405776,1.0043403114030927,0.022820347152861468,,0.9999280814134963,1.0491660997036114,1.0062486708441238,1.0062486708441238
peptron,SASDRN5,100,0,5.800100416056532,5.801629538770488,31.317868794765907,30.831215448872015,3.659935535232588,0.021030804727656567,0.01778904493371755,1.0125064138253517,0.0460625944028582,,0.22644594753499409,3.2981350465716748,1.2546874488365618,1.2546874488365618
peptron,SASDRQ5,100,0,10.406548803542762,11.043730714587868,15.229954410647021,15.186529844790176,0.3682416160999207,0.051505223958017106,0.03514036396464403,2.5763295831296626,0.017065895816070598,,,8.30742388717638,5.3497926001637754,5.3497926001637754
peptron,SASDRQ7,100,0,2.344424538293448,2.49300565876604,32.82819299341185,32.86863274542271,2.168808954074958,0.10777284069854427,0.08688503560825223,1.4541174978628186,0.038383045701785315,,0.24919436576345672,2.0672013871525223,1.6783892402062144,1.6783892402062144
peptron,SASDRW6,100,0,4.011394867217228,4.231682338969075,21.496317013756773,21.696801448960656,3.714692769723399,0.02509538331664862,0.018107745283348745,1.0121244739683661,0.046986270802875554,,0.9351340144697068,1.1596463686582394,1.0221331148265154,1.0221331148265154
peptron,SASDRW9,100,0,4.172875979282962,5.190942614848824,25.73801412956479,25.003689866898675,3.3038877180880064,0.037546749716277375,0.03528405070032361,1.0190026885526267,0.03133432863093161,,0.3698513228956819,2.3696785296306246,1.0652344627590007,1.0652344627590007
peptron,SASDRX9,100,0,12.144973373207128,18.644872936877988,39.89925956141992,39.499571012450524,6.920711081364068,0.039760368092682435,0.019489970691180906,1.1150221549981099,0.02860162152853169,,0.12328956228828129,6.045987271708387,1.6907684586286638,1.6907684586286638
peptron,SASDRZ9,100,0,0.9821770274996053,0.9912774954870381,14.175907391001711,14.178007886926894,0.12697289946769175,0.09357900140288179,0.09202534958149766,0.9768170588554711,0.011364153508871901,0.999999801196634,0.999999801196634,0.9803059521689012,0.97861815955751,0.97861815955751
peptron,SASDS28,100,0,128.04823247677385,142.61170637742651,20.438165752453646,20.422803240538755,0.13561565277568377,0.17747173430311397,0.17506742036194775,124.35595748561313,0.01000000603286657,,,126.90141347300504,126.02858981908881,126.02858981908881
peptron,SASDS37,100,0,39.36310259404438,54.31683336777251,24.28819595351347,23.675000500206437,2.914376517490595,0.04448321284880654,0.01711886631980573,3.1512398578344882,0.034604765520831145,,,26.06308440354779,11.698826287772627,11.698826287772627
peptron,SASDS75,100,0,1.776133966969469,1.8412935433016138,27.028937465071493,27.00959766668891,0.691081908731384,0.03347491420179546,0.03619705817890912,1.0001995994168875,0.033581693946678606,,0.9967929576969113,1.3864978504935361,1.149958114021355,1.149958114021355
peptron,SASDS89,100,0,1.1938962513553526,1.1936535305915013,15.331846329547338,15.229782017873184,0.37239069128717617,0.07723785060437198,0.07622842220825767,1.19153073744,0.0426851591017978,,0.9999962949634009,1.1916586920115817,1.1915668630495695,1.1915668630495695
peptron,SASDSB9,100,0,11.008890742284173,11.600464368225001,20.911724972876836,20.981192828148615,0.40608648164329253,0.015143835816845178,0.008125161386961054,1.6775066039471398,0.02123609229036384,,0.04559896761835712,5.639392269811769,2.356872014314362,2.356872014314362
peptron,SASDSG5,100,0,23.41463276408153,23.433170355933125,28.8752178797119,28.612705988586818,3.0755825000178056,0.03852612786830128,0.015645101892259212,1.2213531436042715,0.017025940294545037,,0.05686488793830257,10.119342749252036,2.7478565741714296,2.7478565741714296
peptron,SASDSG7,100,0,16.89298032513829,20.544794108586746,24.36004866042665,23.799884205512903,3.029323236861593,0.15299311492457898,0.1208260322740913,6.733214223160162,0.010000000187356185,,,14.798624688939235,11.230038934189789,11.230038934189789
peptron,SASDSJ9,100,0,0.9556650517486112,0.9724454772775449,25.51458880539919,25.146053936416543,3.322792907465221,0.06507860764331183,0.06695645949982602,0.9143046823916795,0.06484416122733615,0.9998930528500118,0.9998930528500118,0.9153537227313198,0.9144908929071544,0.9144908929071544
peptron,SASDSL2,100,0,1.1392539273704905,1.2216020843678725,19.81081931826684,20.068770929549,0.8182865113872957,0.08186424852633604,0.07619527102648346,1.0239509316709507,0.014641866741052138,,0.9999808299925828,1.0690806892567717,1.039401516738733,1.039401516738733
peptron,SASDSN2,100,0,5.4443402571919055,6.481428781500498,17.894880449003747,18.139887735919384,5.069530181312825,0.018503328060937786,0.011224113913816943,1.0889540688813621,0.028132121331975502,,0.6369731372878278,1.6345277278404085,1.23375592919138,1.23375592919138
peptron,SASDSP6,100,0,4.767571828697423,5.3519059409754846,35.70107206086555,34.0533248291435,5.591448797659275,0.039245186199751994,0.028981439357999843,0.9864147064632437,0.027582415690772976,0.03478534878943767,0.4026773045737761,2.3192654243451623,1.0697945856770052,1.0697945856770052
peptron,SASDSQ7,100,0,49.615767963491564,56.33492023034579,26.805168568657887,26.654839745510934,1.3129235827069259,0.04056969863976813,0.018705345197447744,4.986840418754775,0.010000000097005657,,,,20.622591944765787,20.622591944765787
peptron,SASDSQ9,100,0,1.1242326555824025,1.1260158501475812,18.40814421510174,18.159603928471277,0.8604516871418362,0.05886695997424616,0.057988898247112064,1.0932140985932217,0.07723182412258124,,0.9999988354440736,1.1005103429787597,1.0932731059445284,1.0932731059445284
peptron,SASDSS6,100,0,4.363932230165166,4.939123737779854,37.66443107389438,35.51437191943381,7.096061332357735,0.028926288007116108,0.02590716004264642,0.9247993787212297,0.031710608620927165,0.21171602734688189,0.6465551345956412,1.4243116219952008,0.9458130292480029,0.9458130292480029
peptron,SASDSU5,100,0,28.888309101808417,38.814738775029625,19.43911853509072,19.27369649504424,1.7143507501853534,0.03094775201914886,0.013367721253120869,1.442543382257942,0.06044429527601386,,0.10680128805988481,8.011643125109515,1.8033357564480765,1.8033357564480765
peptron,SASDSV2,100,0,35.05842320873547,36.53477170539679,15.03397344219782,14.743799961658116,1.5754104177439032,0.032154418663357165,0.00796135588025407,1.8817936803772117,0.011521123141554998,,0.013143260294522136,11.324750359062824,4.616093520790853,4.616093520790853
peptron,SASDSV6,100,0,1.3427955963969662,1.3829050990345944,21.72653414472731,21.342633268763862,2.4192789085204858,0.07138674404397809,0.061618651949856336,0.9356718732659922,0.042145872769852516,0.4887108910088318,0.9985178768570749,1.0360966792924913,0.9362544395065407,0.9362544395065407
peptron,SASDSV9,100,0,3.2669918791248245,3.2893387445530724,27.867758556016362,27.274416681036307,3.4948493775564735,0.037747832731769064,0.03996034177442058,1.1879611621918624,0.02014657692687952,,0.6310839582100498,1.950340217259774,1.3450259581063853,1.3450259581063853
peptron,SASDSX6,100,0,1.8130064456211359,1.8507843352747966,21.064828865493656,20.984715941136145,0.33841075360569306,0.026373235063934727,0.02416254728398283,1.3034343473529528,0.022165765056814658,,0.9998278054381884,1.643788406933149,1.475145208960479,1.475145208960479
peptron,SASDSZ8,100,0,1.4704090154497282,2.3797218065618835,24.853760323556717,24.80231104682217,3.5652563831057797,0.030563152039566423,0.029777062460111123,1.0019745252138936,0.03501509105450934,,0.9980981804398801,1.1075634322063812,1.0047266332080311,1.0047266332080311
peptron,SASDSZ9,100,0,11.19745481387314,15.723361691409819,27.04574671707255,26.548803052049152,4.418490320694257,0.0337660136181616,0.014809161119159923,1.01861474234335,0.04102409945085356,,0.40014643706714764,2.6963424926261053,1.0338992596566088,1.0338992596566088
peptron,SASDT25,100,0,1.2147095742850635,1.2136966115653105,25.702246343901283,25.702700536111706,0.18100080355456782,0.08328908440592699,0.08178676119399408,1.1680187040814372,0.010000018607508973,,0.9999999087688863,1.2047723290250292,1.185808956816353,1.185808956816353
peptron,SASDT45,100,0,39.696518341341864,53.78123883970731,30.33556682345101,30.333704054396605,0.23556080361530718,0.15607612794242215,0.14021625880384822,34.932618386492685,0.015819931510496224,,,37.800412954203146,36.764349638690454,36.764349638690454
peptron,SASDT75,100,0,5.737862747662968,5.750222376320678,29.152718530547613,29.008612754084385,1.680319917467287,0.04211293138200927,0.03040692465429401,1.2276791706707273,0.0270820638281476,,0.3630658975874212,2.7162551897261613,1.3551402938963182,1.3551402938963182
peptron,SASDT85,100,0,5.202424474479023,7.046684802057011,29.91778264206949,29.78657102479091,1.8148376459556523,0.01580105026192753,0.010132181449514499,1.1856482022669559,0.04239145272676564,,0.40033747412260695,2.280901652814098,1.2231381897894786,1.2231381897894786
peptron,SASDTA2,100,0,89.78559105579416,90.5105200435526,31.92359466176353,31.082875572222427,4.792148947726332,0.05602634586381688,0.045971083950731344,14.760538725274893,0.010000000154940611,,,,37.09213571006955,37.09213571006955
peptron,SASDTE2,100,0,19.443489112608486,19.442358263097304,55.83246813141196,55.820498378553836,0.2582275138025878,0.020319288302751634,0.017761801590147213,16.559320676223862,0.010000001464486916,,,18.60546868501696,17.97779224251129,17.97779224251129
peptron,SASDTH2,100,0,5.148781223121198,5.351658564527222,22.371436647540047,22.327656770005795,0.3842097051861302,0.02557623393069015,0.02060982890164041,1.3506937851967984,0.010000000010854469,,0.023039908895324635,3.5518443333236993,2.0360963893860453,2.0360963893860453
peptron,SASDTP5,100,0,506.9721425546356,513.600487007537,50.45525504586045,50.46944061151997,2.3670558868298244,0.05908456739900883,0.026788012995740917,273.49020409613917,0.03065150189660693,,,,,
peptron,SASDTQ2,100,0,1.8688319969234146,1.8893742086719296,18.916392079060156,18.904856217898732,0.27901534212050194,0.005463289656034235,0.004331428241288266,1.2797779288917062,0.05433237372270645,,0.9989327762591109,1.2970587853437379,1.2814046383699769,1.2814046383699769
peptron,SASDTQ5,100,0,1.1690452086753476,1.193414999207723,26.160975256668614,26.114551847626643,2.4770899635375088,0.04166981291698313,0.044723137567364964,0.916516354455308,0.06482507822896463,0.8241784447142995,0.9977709954629816,0.9509945112698495,0.9166708274751388,0.9166708274751388
peptron,SASDTR5,100,0,1.4754336158817507,1.6200239325103871,34.331767215672315,33.838804086967116,6.08478174512296,0.11360089233354675,0.11180190083052753,1.0361315308887578,0.03637470532834366,,0.9998458025297561,1.3135815671483477,1.1535040808875883,1.1535040808875883
peptron,SASDTS5,100,0,22.771100861334812,22.860218863255017,30.139449743673364,28.932775932732817,4.911487694467716,0.08109103467019553,0.04010379229093782,1.0980757693776375,0.02236386743915213,,0.04500794671391858,11.233987226195277,4.605219477095888,4.605219477095888
peptron,SASDTU2,100,0,2.034837114483793,2.722858960992536,29.33322877942382,29.273722326924613,1.1439244360374055,0.02004036923437954,0.01705514088510258,1.1504740604358965,0.028910849926848357,,0.9947263586577699,1.7275689321667926,1.389440376753252,1.389440376753252
peptron,SASDTU7,100,0,7.039978384805304,7.955559378487315,27.834343396186625,27.269901742542757,3.1170801350533885,0.059532289551981234,0.04832871751748516,1.037737267209355,0.015314467217399028,,0.1673096696430693,3.9498980857052426,1.3583340600801381,1.3583340600801381
peptron,SASDTX8,100,0,1.3700994275357377,1.4185395721284697,15.687105949466707,15.675394480949105,0.8750094633181451,0.05154520583232226,0.03865189529899093,1.0031506025223498,0.018775248157338335,,0.9990038280959956,1.0367181723148593,1.0039828606403862,1.0039828606403862
peptron,SASDTY8,100,0,1.0060314906042318,1.0184403819632313,20.279675442604027,20.23470709759812,0.16998619204878906,0.041732368435991735,0.04075007674215239,0.9987593164919871,0.06304202244047186,0.16814713369623877,0.9999998793680868,1.001851560975392,0.9997150598236423,0.9997150598236423
peptron,SASDU37,100,0,11.338741079800693,11.591694694972247,29.846396964176186,29.46863231842601,4.502841282587514,0.03641963709462422,0.016500349712794304,1.0095811305517601,0.03595775729703199,,0.2598912797120446,4.13608028085095,1.0737538876812183,1.0737538876812183
peptron,SASDU52,100,0,3.7652689240615436,4.66835188299591,23.577683607684104,23.567713359912403,0.09849529260870682,0.073301795272006,0.05804779449426881,2.6929892541483147,0.010000000001960751,,,3.574986784059837,3.3170123935850557,3.3170123935850557
peptron,SASDU63,100,0,4.346576859261738,4.378698847722373,29.014177056040086,29.236530707495326,4.707089754594016,0.020232773201774683,0.014917825970502603,0.9335547504746243,0.05142508843693421,0.44665991427988666,0.7875537160079744,1.0823454056138178,0.9353235462376766,0.9353235462376766
peptron,SASDU67,100,0,19.265039750438184,20.041636152135407,33.60928170954516,32.9787719524586,6.436694569907338,0.05608722501079168,0.016856642254758875,1.0182315470483074,0.043800166363295666,,0.17128478118555626,,1.211406711100952,1.211406711100952
peptron,SASDU78,100,0,2.756025400217443,2.9150950667447684,22.489431032405054,22.462438600460352,0.16897016953712551,0.021556358388604237,0.015562518651557644,1.0865433527087887,0.028814144522792278,,0.578695950006097,1.9608107277714353,1.2142054333065857,1.2142054333065857
peptron,SASDUA2,100,0,21.783305021068532,25.069652788943227,23.44899928159572,22.238742885651554,3.3994164988457065,0.03668424583599598,0.02564873032316546,1.1403787281321212,0.03969562417337631,,0.1379896659079527,5.909716974364024,1.8048304113034697,1.8048304113034697
peptron,SASDUG3,100,0,174.96141037135837,203.0668775253502,22.75813917459981,22.422491749701766,1.50182671863422,0.05322088921835025,0.025448864151833575,21.559125439708623,0.016903456861157268,,,,58.27802752997909,58.27802752997909
peptron,SASDUH4,100,0,1.7772840238091572,1.798855052347305,17.66350370681962,17.52688057217987,0.9958827202358123,0.048030507258701324,0.04685739921315849,1.1086928051211087,0.026851045580183287,,0.9998936461890813,1.4570846294040207,1.2060681788886942,1.2060681788886942
peptron,SASDUK2,100,0,10.292926755338499,12.332112573796795,23.605845562801193,23.544326416605756,0.3681300314811722,0.031331674042413785,0.027016370870469632,5.207998565445008,0.010000000229962556,,,9.045820109758363,8.026664846673214,8.026664846673214
peptron,SASDUL2,100,0,4.479804959615916,4.676849600192318,22.61448957617511,22.259280551254196,1.334723104339897,0.05994369725706002,0.027241101997635294,1.1871387996502751,0.03806710288979128,,0.466280476273312,2.1776329341953047,1.2604932472551076,1.2604932472551076
peptron,SASDUL9,100,0,9.483711474671894,11.186441380978358,27.47944277754837,28.06848645570908,4.451022283060258,0.017858415881485463,0.011945238674984582,1.1919502130677453,0.05336899548804241,,0.19503245342730782,3.6962015096398493,1.3187411945744343,1.3187411945744343
peptron,SASDUR3,100,0,23.604640641893553,24.020784645172412,23.113812072843373,22.754768474407413,4.592249545595738,0.03395818681774516,0.013461525621387117,1.0255280650315204,0.04752641707543567,,0.11752952848144452,10.666753997805777,1.9576589836513034,1.9576589836513034
peptron,SASDUS9,100,0,38.35161855122638,38.27900564996132,44.05904381926155,44.08045587451182,4.539674319425657,0.09160983330606928,0.06012848857314844,9.072568662841588,0.012674587423253923,,,27.687352441163338,17.76251599166493,17.76251599166493
peptron,SASDUV3,100,0,1.2050125489459917,1.7463922877691092,33.01624475730713,33.0220946671257,0.7797807203689189,0.027679488998542272,0.023712153673582922,1.0285689397069004,0.024444440435660054,,0.9999579852893362,1.1085178789138013,1.0460292296863474,1.0460292296863474
peptron,SASDUW6,100,0,1.183464018399874,1.1845546584623814,26.25024021806322,26.250266979604632,0.47313588713546295,0.03143778602026956,0.025196102328441283,0.9869509705417892,0.04563727237697532,0.26988184399914683,0.9986333551944123,1.0177408849285725,0.987339613462592,0.987339613462592
peptron,SASDUX6,100,0,1.0328895378640495,1.0338691442819812,21.713350201944813,21.68638445481523,0.8119002568180527,0.046180886235500714,0.04805853751160371,0.9640949158890814,0.025810244798025878,0.90253920414147,0.9996954263389186,0.9829291623154945,0.9713298261553076,0.9713298261553076
peptron,SASDV46,100,0,5.170749651610072,5.22506540895428,28.92221815978645,26.84212486316504,4.364155698313013,0.0382862381886125,0.02056369436140527,1.0655196261990811,0.05906716412474158,,0.48437491558692075,2.505481078105134,1.084784507595798,1.084784507595798
peptron,SASDV64,100,0,1.756197847488556,2.5697951458778134,19.794093623143578,19.801728043335366,0.0720026977498307,0.04497778304404631,0.04220297184662421,1.4304897469436653,0.010000002450731318,,0.9999867757426262,1.682656548599547,1.6279157908460338,1.6279157908460338
peptron,SASDV74,100,0,2.307641099221719,2.504503484999685,13.459572506395064,13.454791803118718,0.06727582612325911,0.04884140056531323,0.04312858729401062,1.8312147777537608,0.012425859377593535,,0.202076122951552,2.14821542303249,1.989726823395613,1.989726823395613
peptron,SASDVA8,100,0,2.3364780478139027,2.5858359186767412,21.48014415608043,21.234299920485444,4.352633792114148,0.06475144661084738,0.04690937071314406,1.2726051563326866,0.02102560682967503,,0.7139421978976483,1.7498288062748055,1.503811238861599,1.503811238861599
peptron,SASDVK2,100,0,1.4107654358687953,1.4655215027241963,17.574704563539893,17.57817303120536,0.04206363036841765,0.04984739923666181,0.048244577362115126,1.3364912506423803,0.010000000002057675,,0.9999990192697271,1.3959262194375055,1.3828038148889916,1.3828038148889916
peptron,SASDVL5,100,0,3.1782477342783753,3.180538039037252,23.624731188724674,23.801160345675747,1.4074165735704156,0.013574609213641696,0.009184937468636682,1.250742879611698,0.06303236576592322,,0.5438176003934724,1.7997660073275337,1.2828122886912574,1.2828122886912574
peptron,SASDVL7,100,0,1.9457747861120003,2.047774121595998,19.242415502491642,19.37151184254879,2.6440177296066487,0.018439219896040554,0.01747653745886639,1.1018806260924767,0.06504607188478465,,0.9904109905062835,1.1279010810413121,1.1022095901986262,1.1022095901986262
peptron,SASDVN2,100,0,0.8450697983827171,0.8441463047546548,25.235981886725423,25.257817357051138,3.875277606529256,0.04441295836735699,0.04487069434433757,0.8149379700259358,0.04112106445343278,0.999987975662517,0.999987975662517,0.8232400165169088,0.8165316224284915,0.8165316224284915
peptron,SASDVQ7,100,0,2.7947345940802606,2.793167318487572,37.46329211883599,36.24529436817879,6.163907590173331,0.04679867102319223,0.05027191603790103,1.1739743909439377,0.029675876924721338,,0.6803404728327013,1.6265146097436254,1.24146414625178,1.24146414625178
peptron,SASDVR6,100,0,1.0536574571066437,1.0563923657379928,26.644751546823603,26.63770698054903,0.24239224993176833,0.03460463612190004,0.035391043544030075,1.0306619803480002,0.0327591084071464,,0.9999858954479239,1.0383038778348073,1.03231077960056,1.03231077960056
peptron,SASDVT4,100,0,2.468535258722153,4.465466139390956,32.8126458280808,31.743246999602174,2.215912941912258,0.05083244473387093,0.04393452578695049,1.5139272249480757,0.021352072822907714,,0.47362191441241774,2.101297734105448,1.6059142856563662,1.6059142856563662
peptron,SASDVT5,100,0,2.2193663433244044,3.308982570058139,23.93191978270266,23.84453880170618,0.8399092123925094,0.03521498572592115,0.03648597822520678,1.1538174185452683,0.03282326862806481,,0.8799495906657249,1.823595531189007,1.317977031150562,1.317977031150562
peptron,SASDVV6,100,0,3.0064220014417757,3.2814166201157247,29.2791286402193,29.291892355204816,0.5348034918460627,0.024763983144926987,0.021317123688090536,2.31366940037805,0.010000001133850557,,,2.855007027307201,2.7276740688416,2.7276740688416
peptron,SASDVX5,100,0,1.780254729486407,1.9532020306998765,23.785724595365302,23.644470422373132,0.3731911056357937,0.030190070593259385,0.0301761193346067,1.0268193433084738,0.02157891566384706,,0.9994216532091271,1.4602478776212835,1.1502005959361645,1.1502005959361645
peptron,SASDVX6,100,0,4.4313145497165545,4.528021273192158,21.524309376541208,21.30138014655393,1.2459034301270506,0.045668643990530486,0.05248919291008568,0.984082862178427,0.03152823841606241,0.07340094480999607,0.34135740409758797,2.4179151820671994,1.083489193302112,1.083489193302112
peptron,SASDVZ8,100,0,2.61103310502668,2.6435055772997518,16.93938536212364,16.884647472136624,0.3708751287510985,0.013554613345565675,0.007619869929387251,1.0121744642025046,0.02593485862377531,,0.8652679157000897,1.4451048540480453,1.0875563076685908,1.0875563076685908
peptron,SASDWA3,100,0,39.50873055478509,44.39668927688225,22.143634745319254,22.140967086622894,0.07422239431738831,0.059003362730976734,0.0568663738931329,34.789841831873474,0.010000000003966716,,,38.67501518327357,37.958082319107156,37.958082319107156
peptron,SASDWG9,100,0,1.2989025431545258,1.3674965474538572,15.450526281056595,15.372227557770294,0.22339873174671254,0.03700995310525895,0.035902696854858626,0.8172950922587875,0.03330330184617278,0.46768664795710463,0.9999665573854577,1.0767269321737833,0.824053909564942,0.824053909564942
peptron,SASDXK3,100,0,7.938217716212823,14.777976204804796,19.12211861730409,19.115317346635777,0.10313305403085948,0.013757459455352231,0.007936407595675057,2.5798364660465167,0.019723382772431446,,,5.524136210412942,3.838654814576999,3.838654814576999
